gene,p-value,parental difference (B6-DBA)
Affy_10338001,0.32814715,-0.176
Affy_10338002,0.090916623,-0.314
Affy_10338003,0.33814991,-0.242
Affy_10338004,0.96003726,0.014
Affy_10338005,0.69040922,0.037
Affy_10338006,0.86813446,0.014
Affy_10338007,0.63077032,-0.036
Affy_10338008,0.19333784,-0.172
Affy_10338009,0.15020829,-0.289
Affy_10338010,1,0
Affy_10338011,0.17642629,-0.237
Affy_10338012,0.99051255,0.001
Affy_10338013,0.8842025,0.014
Affy_10338014,0.67880326,0.039
Affy_10338015,0.70213385,0.041
Affy_10338016,0.088509087,-0.325
Affy_10338017,0.8032458,0.056
Affy_10338018,0.15244862,-0.289
Affy_10338019,0.22510621,-0.238
Affy_10338020,0.10992906,-0.352
Affy_10338021,0.99007276,-0.001
Affy_10338022,0.90029497,0.01
Affy_10338023,0.49131195,-0.062
Affy_10338024,0.095938106,-0.329
Affy_10338025,0.86902277,-0.046
Affy_10338026,0.88332705,-0.021
Affy_10338027,0.071283057,-0.348
Affy_10338028,0.22971634,-0.173
Affy_10338029,0.72847806,-0.117
Affy_10338030,0.6424178,0.046
Affy_10338031,0.69745,0.037
Affy_10338032,0.65079999,0.043
Affy_10338033,0.071908787,-0.35
Affy_10338034,0.095182746,-0.133
Affy_10338035,0.54995024,-0.138
Affy_10338036,0.75595387,0.099
Affy_10338037,0.24474775,-0.158
Affy_10338038,0.82659703,0.042
Affy_10338039,0.10009135,-0.375
Affy_10338040,0.12605033,-0.227
Affy_10338041,0.77753925,0.09
Affy_10338042,0.79663327,-0.079
Affy_10338043,0.73756956,0.034
Affy_10338044,0.94116988,-0.016
Affy_10338045,0.32295836,-0.23
Affy_10338046,0.24087615,-0.131
Affy_10338047,0.41806326,-0.282
Affy_10338048,0.65918271,-0.037
Affy_10338049,0.12550998,-0.295
Affy_10338050,0.99237245,0.001
Affy_10338051,0.13648925,-0.302
Affy_10338052,0.86391063,0.013
Affy_10338053,0.13867819,-0.293
Affy_10338054,0.14319149,-0.249
Affy_10338055,0.094926257,-0.307
Affy_10338056,0.20317893,-0.046
Affy_10338057,0.69005861,0.033
Affy_10338058,0.96855485,0.006
Affy_10338059,0.15946477,-0.163
Affy_10338060,0.5337323,-0.093
Affy_10338061,0.10306539,-0.32
Affy_10338062,0.11640544,-0.32
Affy_10338064,0.53558195,-0.284
Affy_10338065,0.49104194,-0.298
Affy_10338066,0.56011217,-0.163
Affy_10338067,0.50456265,-0.287
Affy_10338068,0.76333825,-0.118
Affy_10338069,0.30453291,0.78
Affy_10338070,0.61126774,0.213
Affy_10338071,0.00453138,1.121
Affy_10338072,0.2413526,-0.509
Affy_10338073,0.56455952,-0.334
Affy_10338074,0.83526043,-0.06
Affy_10338075,0.96070155,0.017
Affy_10338076,0.78857296,0.098
Nmt1,0.48850402,0.122
Affy_10338078,0.84775296,0.106
Affy_10338079,0.97044342,0.022
Affy_10338080,0.55490452,0.293
Affy_10338081,0.43903793,-0.409
Affy_10338082,0.42992483,0.339
Affy_10338083,0.20081324,0.65
Affy_10338084,0.84802153,0.07
Affy_10338085,0.4935506,0.23
Affy_10338086,0.55745919,-0.277
Affy_10338087,0.80011235,0.129
Affy_10338088,0.078268159,0.667
Affy_10338089,0.36505566,-0.55
Affy_10338090,0.051444783,0.925
Affy_10338091,0.25658399,-0.503
Affy_10338092,0.81939498,0.112
Affy_10338093,0.45159022,-0.502
Affy_10338094,0.9275145,0.03
Psmb5,0.83194046,0.066
Affy_10338096,0.96278289,0.026
Affy_10338097,0.42992885,-0.941
Hdac5,0.83122217,0.116
Affy_10338099,0.91037413,-0.06
Affy_10338100,0.95041277,-0.018
Affy_10338101,0.21857084,0.479
Affy_10338102,0.82724852,0.134
Affy_10338103,0.01202756,1.69
Affy_10338104,0.95779563,-0.022
Affy_10338105,0.758083,-0.192
Affy_10338106,0.76204074,0.077
Affy_10338107,0.94310144,-0.026
Affy_10338108,0.24408438,-0.492
Dlg1,0.21181033,2.482
Affy_10338110,0.48494492,-0.388
Affy_10338111,0.8855147,-0.029
Affy_10338112,0.85390113,-0.079
Affy_10338113,0.45573578,0.374
Affy_10338114,0.1415304,-0.935
Affy_10338115,0.15610074,0.945
Wars,0.21753058,0.436
Affy_10338117,0.81342065,0.047
Affy_10338118,0.77222435,0.102
Affy_10338119,0.43491593,-0.448
Affy_10338120,0.16751469,0.322
Affy_10338121,0.56359239,0.3
Psph,0.86154195,0.081
Copa,0.26459936,0.598
Affy_10338124,0.45833809,-0.335
Affy_10338125,0.6833259,-0.235
Affy_10338126,0.4293007,0.191
Affy_10338127,0.80469802,0.133
Affy_10338128,0.16252722,0.414
Affy_10338129,0.99743732,-0.001
Affy_10338130,0.85248165,-0.091
Affy_10338131,0.87588347,-0.064
Affy_10338132,0.03363421,0.608
Affy_10338133,0.93946617,-0.038
Affy_10338134,0.28080876,-0.643
Affy_10338135,0.9419268,-0.02
Affy_10338136,0.72185548,-0.111
Affy_10338137,0.4912782,-0.39
Affy_10338138,0.99648908,0.001
Affy_10338139,0.61706124,-0.241
Affy_10338140,0.36017373,-0.559
Affy_10338141,0.24084677,0.632
Affy_10338142,0.093424364,-0.944
Affy_10338143,0.94019468,-0.025
Tbl3,0.98083447,0.011
Affy_10338145,0.091125472,1.054
Affy_10338146,0.88742846,-0.049
Affy_10338147,0.23562555,-0.223
Affy_10338148,0.83623367,-0.124
Affy_10338149,0.75476986,0.189
Affy_10338150,0.41092977,0.221
Affy_10338151,0.73719065,0.128
Affy_10338152,0.31595023,0.501
Affy_10338153,0.83430874,0.212
Affy_10338154,0.42906132,0.791
Affy_10338155,0.60147716,-0.176
Affy_10338156,0.39654444,-0.361
Affy_10338157,0.3396107,0.417
Affy_10338158,0.98263088,-0.014
Affy_10338159,0.11451451,-0.564
Affy_10338160,0.6176573,0.305
Affy_10338161,0.96755992,0.01
Affy_10338162,0.59646996,-0.234
Affy_10338163,0.11300607,0.306
Affy_10338164,0.22676891,-0.519
Affy_10338165,0.52571967,0.345
Affy_10338166,0.75485189,0.087
Affy_10338167,0.044052048,0.527
Gbf1,0.93998139,-0.039
Affy_10338169,0.19363145,1.136
Affy_10338170,0.34359017,-0.57
Affy_10338171,0.57784537,0.181
Affy_10338172,0.96158052,-0.015
Polr2f,0.23038744,0.569
Affy_10338174,0.4625835,0.348
Affy_10338175,0.71926228,0.133
Affy_10338176,0.41249251,-0.195
Affy_10338177,0.51660041,-0.456
Affy_10338178,0.36713634,0.744
Affy_10338179,0.45287358,0.141
Hb1bp3,0.34871904,0.162
Affy_10338181,0.81033749,0.09
Affy_10338182,0.28822101,-0.487
Affy_10338183,0.44099598,0.662
Affy_10338184,0.83107466,-0.11
Affy_10338185,0.10496398,0.93
Affy_10338186,0.9103102,-0.056
Affy_10338187,0.68576372,0.147
Affy_10338188,0.77773651,0.119
Affy_10338189,0.97492723,0.011
Affy_10338190,0.28239497,0.432
Affy_10338191,0.66523606,-0.196
Affy_10338192,0.75003777,0.274
Affy_10338193,0.64513071,0.231
Affy_10338194,0.79848154,-0.118
Affy_10338195,0.25361286,0.383
Affy_10338196,0.51277703,0.251
Affy_10338197,0.89622465,-0.052
Affy_10338198,0.028329911,1.781
Affy_10338199,0.70512751,-0.196
Affy_10338200,0.68343792,-0.323
Affy_10338201,0.22076984,0.817
Affy_10338202,0.54792051,-0.28
Affy_10338203,0.86576835,0.061
Affy_10338204,0.9337856,-0.054
Affy_10338205,0.32593485,0.524
Affy_10338206,0.33728856,0.309
Affy_10338207,0.50039405,0.125
Affy_10338208,0.31654525,-0.545
Affy_10338209,0.50387518,-0.195
Affy_10338210,0.86196954,0.084
Affy_10338211,0.68101528,-0.207
Affy_10338212,0.93231156,-0.032
Affy_10338213,0.24418371,-0.344
Affy_10338214,0.11676003,-0.561
Affy_10338215,0.27348387,0.451
Affy_10338216,0.78319086,-0.135
Affy_10338217,0.87040586,0.057
Affy_10338218,0.6927194,-0.19
Affy_10338219,0.87424141,-0.069
Affy_10338220,0.36066197,-0.547
Aup1,0.31551548,-0.242
Affy_10338222,0.99183477,0.004
Affy_10338223,0.46609258,0.477
Affy_10338224,0.46362252,-0.205
Affy_10338225,0.19051884,-0.711
Affy_10338226,0.33124375,-0.462
Affy_10338227,0.987058,-0.008
Affy_10338228,0.30224435,0.34
Affy_10338229,0.38880261,0.258
Affy_10338230,0.86084676,0.085
Affy_10338231,0.86233177,0.11
Affy_10338232,0.92578333,-0.053
Affy_10338233,0.93918951,0.031
Affy_10338234,0.070049261,1.273
Affy_10338235,0.55507441,0.376
Affy_10338236,0.81676901,-0.126
Affy_10338237,0.60272486,0.226
Affy_10338238,0.24335463,0.469
Affy_10338239,0.39113103,-0.406
Affy_10338240,0.77350725,-0.114
Affy_10338241,0.91056803,0.058
Affy_10338242,0.007010802,2.366
Affy_10338243,0.50724257,0.47
Affy_10338244,0.98846534,0.003
Affy_10338245,0.93145819,-0.019
Affy_10338246,0.81955294,-0.124
Affy_10338247,0.6253169,0.154
Affy_10338248,0.26776809,0.495
Affy_10338249,1,0
Affy_10338250,0.87658053,0.09
Affy_10338251,0.93294857,-0.049
Affy_10338252,0.31251246,0.465
Affy_10338253,0.65719441,0.21
Affy_10338254,0.66479376,0.172
Affy_10338255,0.1554795,0.58
Affy_10338256,0.77900003,0.237
Affy_10338257,0.78738201,0.107
Affy_10338258,0.77701614,-0.112
Affy_10338259,0.61259246,0.22
Affy_10338260,0.68132225,-0.25
Affy_10338261,0.29068257,0.418
Affy_10338262,0.55124648,0.216
Affy_10338263,0.64255036,0.342
Affy_10338264,0.20454473,0.68
Affy_10338265,0.84203474,0.069
Affy_10338266,0.28525692,0.444
Affy_10338267,0.45874738,0.279
Affy_10338268,0.62352818,-0.253
Affy_10338269,0.76108821,0.15
Affy_10338270,0.6366475,0.129
Affy_10338271,0.52822141,-0.456
Affy_10338272,0.99618517,0.002
Affy_10338273,0.91704607,0.047
Affy_10338274,0.9665108,-0.018
Affy_10338275,0.97021967,0.02
Affy_10338276,0.3932691,-0.473
Affy_10338277,0.55336263,-0.225
Affy_10338278,0.96419458,-0.016
Affy_10338279,0.51344167,-0.294
Affy_10338280,0.56008236,0.256
Affy_10338281,0.72364866,0.163
Affy_10338282,0.091740562,-0.63
Affy_10338283,0.43398112,-0.189
Affy_10338284,0.71288162,0.15
Affy_10338285,0.044925574,0.918
Affy_10338286,0.71787373,0.134
Affy_10338287,0.4138107,0.485
Affy_10338288,0.56129282,0.421
Affy_10338289,0.21306155,0.754
Affy_10338290,0.20078614,0.568
Affy_10338291,0.72266883,-0.234
Itch,0.89931763,-0.022
Affy_10338293,0.98950491,-0.006
Affy_10338294,0.58042538,-0.152
Affy_10338295,0.77987753,-0.078
Affy_10338296,0.90617473,0.055
Affy_10338297,0.972254,-0.014
Copa,0.65421784,0.116
Affy_10338299,0.51298299,-0.413
Affy_10338300,0.782544,0.131
Affy_10338301,0.13830532,-0.51
Affy_10338302,0.67230724,-0.213
Affy_10338303,0.015215473,1.052
Affy_10338304,0.85390049,-0.08
Affy_10338305,0.60657056,-0.246
Affy_10338306,0.076686401,-0.595
Affy_10338307,0.75361837,-0.153
Affy_10338308,0.59118745,0.464
Affy_10338309,0.80607533,0.081
Affy_10338310,0.58761728,-0.266
Affy_10338311,0.3073553,-0.364
Affy_10338312,0.5652202,-0.372
Affy_10338313,0.66172637,-0.144
Affy_10338314,0.083993617,-0.883
Affy_10338315,0.24111071,-0.27
Affy_10338316,0.81092893,0.12
Affy_10338317,0.5990643,0.181
Affy_10338318,0.9043548,-0.054
Affy_10338319,0.4264313,-0.349
Affy_10338320,0.93355254,0.04
Affy_10338321,0.48062496,0.41
Affy_10338322,0.32748976,0.349
Affy_10338323,0.99077218,0.005
Affy_10338324,0.41633348,0.397
Affy_10338325,0.62234562,-0.295
Affy_10338326,0.73284151,0.16
Affy_10338327,0.805101,0.054
Affy_10338328,0.11648313,1.024
Affy_10338329,0.4081009,0.647
Affy_10338330,0.50030153,0.226
Affy_10338331,0.5755202,0.213
Affy_10338332,0.38657382,1.066
Affy_10338333,0.43476537,0.374
Affy_10338334,0.58971039,-0.292
Affy_10338335,0.2128118,-0.49
Affy_10338336,0.81615552,0.116
Affy_10338337,0.22040824,0.512
Affy_10338338,0.83432946,-0.092
Affy_10338339,0.87086649,-0.05
Affy_10338340,0.75878653,-0.141
Affy_10338341,0.70172273,-0.178
Affy_10338342,0.89942608,0.036
Affy_10338343,0.86639673,0.052
Affy_10338344,0.86757247,-0.039
Affy_10338345,0.88161847,0.084
Affy_10338346,0.35823278,0.323
Affy_10338347,0.26215915,0.518
Affy_10338348,0.75381073,0.225
Affy_10338349,0.26467593,0.823
Affy_10338350,0.60060755,0.171
Affy_10338351,0.38305467,0.558
Affy_10338352,0.60608544,0.286
Affy_10338353,0.5512233,-0.288
Affy_10338354,0.57960587,0.16
Affy_10338355,0.73378211,0.436
Affy_10338356,0.17684171,-0.512
Affy_10338357,0.88381078,0.068
Affy_10338358,0.59639427,-0.272
Affy_10338359,0.44976477,0.425
Affy_10338360,0.53065738,-0.37
Affy_10338361,0.58271141,0.249
Affy_10338362,0.90227152,-0.074
Affy_10338363,0.028112671,0.85
Affy_10338364,0.99379506,0.004
Affy_10338365,0.72371178,-0.389
Affy_10338366,0.95192249,-0.026
Affy_10338367,0.37636723,0.45
Affy_10338368,0.27241267,0.716
Affy_10338369,0.36656773,0.484
Affy_10338370,0.42686729,0.441
Affy_10338371,0.7796698,0.11
Affy_10338372,0.47224773,0.368
Affy_10338373,0.85139075,-0.102
Tbl3,0.79622899,0.102
Affy_10338375,0.56997643,-0.252
Affy_10338376,0.23046789,0.676
Affy_10338377,0.49263622,0.406
Affy_10338378,0.72839526,-0.195
Affy_10338379,0.47298547,0.287
Affy_10338380,0.57143237,0.156
Affy_10338381,0.069304648,0.591
Affy_10338382,0.27753358,0.745
Affy_10338383,0.2164399,0.452
Affy_10338384,0.44812994,0.738
Affy_10338385,0.052214394,0.52
Affy_10338386,0.83460236,-0.077
Affy_10338387,0.058035122,1.32
Affy_10338388,0.8788369,0.113
Affy_10338389,0.15960097,0.779
Affy_10338390,0.52332314,-0.38
Affy_10338391,0.55666439,-0.211
Affy_10338392,0.30421326,-0.536
Affy_10338393,0.50820031,-0.294
Affy_10338394,0.07673372,-0.41
Affy_10338395,0.67634825,0.139
Affy_10338396,0.40285278,-0.408
Affy_10338397,0.84891302,0.103
Affy_10338398,0.37764877,-0.249
Affy_10338399,0.9210964,-0.028
Affy_10338400,0.61154682,-0.264
Affy_10338401,0.67892881,-0.127
Affy_10338402,0.57396139,0.251
Affy_10338403,0.4598092,-0.279
Affy_10338404,0.21428559,-0.381
Affy_10338405,0.20350417,0.558
Affy_10338406,0.24907939,-0.674
Affy_10338407,0.75440043,-0.152
Affy_10338408,0.92235258,-0.034
Affy_10338409,0.671213,-0.273
Affy_10338410,0.91502638,0.054
Affy_10338411,0.31361064,-0.228
Affy_10338412,0.62854631,0.263
Affy_10338413,0.764967,0.215
Affy_10338414,0.65734605,-0.195
Affy_10338415,0.30290899,-0.547
Affy_10338416,0.61905028,0.318
Affy_10338417,0.61689091,0.31
Affy_10338418,0.6684019,0.2
Affy_10338419,0.98818497,0.008
Affy_10338420,0.97821498,0.018
Affy_10338421,0.67212942,0.138
Affy_10338422,0.5232193,0.266
Affy_10338423,0.72524346,-0.19
Affy_10338424,0.75053123,-0.075
Affy_10338425,0.54247319,0.2
Affy_10338426,0.19274708,0.684
Affy_10338427,0.69169144,0.207
Affy_10338428,0.10148446,0.766
Affy_10338429,0.3449154,-0.482
Affy_10338430,0.52300169,0.275
Affy_10338431,0.9779664,0.015
Affy_10338432,0.1863569,0.558
Affy_10338433,0.87678847,-0.02
Affy_10338434,0.3960624,0.326
Affy_10338435,0.92456273,-0.022
Affy_10338436,0.56844175,-0.154
Copa,0.16967682,0.686
Affy_10338438,0.74256665,-0.144
Affy_10338439,0.18493699,0.492
Affy_10338440,0.90884512,0.062
Affy_10338441,0.87233291,-0.082
Affy_10338442,0.69255955,-0.213
Affy_10338443,0.86407876,0.108
Affy_10338444,0.52496128,-0.324
Affy_10338445,0.40476929,-0.356
Affy_10338446,0.5157485,-0.336
Affy_10338447,0.90417011,0.076
Affy_10338448,0.41145197,0.494
Affy_10338449,0.99014693,-0.009
Affy_10338450,0.14790981,0.798
Affy_10338451,0.80195651,0.084
Affy_10338452,0.15457764,-0.663
Affy_10338453,0.96218184,0.022
Affy_10338454,0.37097683,0.54
Affy_10338455,0.35584726,-0.707
Affy_10338456,0.93744274,-0.031
Affy_10338457,0.37029687,-0.341
Affy_10338458,0.50658938,-0.241
Affy_10338459,0.20721015,-0.572
Affy_10338460,0.8763756,0.039
Affy_10338461,0.56074439,-0.636
Affy_10338462,0.71533341,0.186
Affy_10338463,0.83077358,0.062
Affy_10338464,0.95934409,0.024
Affy_10338465,0.98208738,0.017
Affy_10338466,0.95141644,0.014
Affy_10338467,0.12092027,0.835
Affy_10338468,0.52534359,-0.366
Affy_10338469,0.20158717,0.4
Affy_10338470,0.28955217,-0.534
Affy_10338471,0.70787515,-0.064
Affy_10338472,0.7344259,0.083
Affy_10338473,0.54666511,-0.382
Affy_10338474,0.99317346,-0.002
Affy_10338475,0.020639775,0.622
Affy_10338476,0.80862723,-0.156
Affy_10338477,0.97960111,-0.009
Affy_10338478,0.85021473,0.127
Affy_10338479,0.34084192,0.42
Affy_10338480,0.67468682,0.269
Affy_10338481,0.47249956,0.358
LTR_Affy_10338482,0.97539423,-0.01
Affy_10338483,0.43201728,-0.26
Affy_10338484,0.65603356,-0.24
Affy_10338485,0.46707857,0.372
Affy_10338486,0.47268094,0.477
Affy_10338487,0.42401001,-0.61
Affy_10338488,0.65082888,-0.233
Affy_10338489,0.76829763,0.184
Affy_10338490,0.83892455,-0.117
Affy_10338491,0.021816546,0.587
Affy_10338492,0.73803628,0.2
Affy_10338493,0.73052406,0.118
Affy_10338494,0.94222695,-0.035
Affy_10338495,0.1645462,-0.627
Affy_10338496,0.89964852,-0.024
Affy_10338497,0.40983398,-0.87
Affy_10338498,0.52522743,-0.181
Affy_10338499,0.84950737,0.147
Affy_10338500,0.38354659,0.526
Affy_10338501,0.87894404,0.04
Affy_10338502,0.085919702,-0.962
Affy_10338503,0.17649999,0.458
Affy_10338504,0.4596985,-0.184
Affy_10338505,0.39378232,-0.303
Affy_10338506,0.7389556,-0.15
Affy_10338507,0.99266112,-0.005
Affy_10338508,0.021186197,-0.947
Affy_10338509,0.55953398,0.248
Affy_10338510,0.71418535,0.11
Affy_10338511,0.69327904,-0.167
Anapc1,0.48792362,0.43
Affy_10338513,0.93292914,-0.031
Affy_10338514,0.95353414,0.016
Affy_10338515,0.74723427,-0.071
Affy_10338516,0.6768977,0.164
Affy_10338517,0.64934591,0.158
Affy_10338518,0.68763681,0.212
Affy_10338519,0.60115696,0.366
Affy_10338520,0.35054558,-0.582
Affy_10338521,0.79697998,0.096
Affy_10338522,0.74124667,-0.089
Affy_10338523,0.39048818,0.588
Affy_10338524,0.53766352,0.134
Affy_10338525,0.92691325,0.039
Affy_10338526,0.73971145,-0.122
Affy_10338527,0.24434641,-0.793
Affy_10338528,0.51199361,-0.204
Affy_10338529,0.21986349,-0.31
Affy_10338530,0.69754853,-0.092
Affy_10338531,0.5371774,-0.158
Affy_10338532,0.49896646,-0.295
Affy_10338533,0.91026869,-0.069
Affy_10338534,0.63608735,0.248
Affy_10338535,0.50617245,0.298
Affy_10338536,0.40849697,-0.448
Vta1,0.30900548,0.94
Affy_10338538,0.89829022,0.049
Affy_10338539,0.59954375,-0.279
Affy_10338540,0.25683186,-0.225
Affy_10338541,0.40583939,0.328
Affy_10338542,0.78516843,-0.136
Affy_10338543,0.79645958,-0.086
Affy_10338544,0.97527224,-0.007
Affy_10338545,0.97573812,0.017
Affy_10338546,0.73371151,0.249
Affy_10338547,0.44571469,0.28
Affy_10338548,0.89988808,-0.045
Affy_10338549,0.49176967,0.24
Affy_10338550,0.99616679,0.002
Affy_10338551,0.34251773,-0.5
Affy_10338552,0.14372708,-0.658
Affy_10338553,0.90303441,-0.07
Affy_10338554,0.67393937,0.157
Affy_10338555,0.33110875,-0.517
Affy_10338556,0.88522786,0.032
Affy_10338557,0.34253583,0.461
Affy_10338558,0.94838389,-0.015
Affy_10338559,0.56080795,-0.225
Affy_10338560,0.66721145,0.218
Affy_10338561,0.54664671,-0.216
Affy_10338562,0.63345082,0.228
Affy_10338563,0.15646453,0.88
Affy_10338564,0.58173196,-0.195
Affy_10338565,0.83117616,0.059
Affy_10338566,0.51145162,-0.288
Affy_10338567,0.8076921,0.082
Affy_10338568,0.67741411,-0.162
Affy_10338569,0.48815687,0.397
Affy_10338570,0.88479855,-0.068
Affy_10338571,0.066651833,-0.681
Affy_10338572,0.47873917,0.318
Affy_10338573,0.26337326,-0.614
Affy_10338574,0.59702474,-0.235
Affy_10338575,0.30987251,-0.477
Affy_10338576,0.90886682,0.078
Affy_10338577,0.18861271,1.005
Affy_10338578,0.68001286,-0.124
Affy_10338579,0.63640791,0.225
Affy_10338580,0.5560372,0.21
Affy_10338581,0.36733226,0.698
Affy_10338582,0.63929632,-0.291
Affy_10338583,0.49949642,0.205
Affy_10338584,0.16152958,-0.691
Psap,0.92302321,-0.024
Affy_10338586,0.89622673,0.094
Affy_10338587,0.71706781,0.146
Affy_10338588,0.94138698,-0.03
Affy_10338589,0.87293741,-0.17
Affy_10338590,0.10741317,1.081
Affy_10338591,0.78070397,-0.134
Affy_10338592,0.22895826,-0.27
Affy_10338593,0.85162592,0.092
Affy_10338594,0.93589494,0.033
Affy_10338595,0.27286501,-0.43
Affy_10338596,0.55269179,-0.25
Affy_10338597,0.96883955,0.018
Affy_10338598,0.13929192,1.158
Affy_10338599,0.19903612,0.559
Affy_10338600,0.74557881,0.186
Fryl,0.3630389,0.267
Affy_10338602,0.18347938,0.728
Affy_10338603,0.56925189,-0.24
Affy_10338604,0.20349328,-0.247
Affy_10338605,0.071640078,-0.497
Affy_10338606,0.7411746,0.178
Affy_10338607,0.40514537,0.46
Affy_10338608,0.80044876,0.095
Affy_10338609,0.1630784,0.452
Affy_10338610,0.090064621,0.958
Affy_10338611,0.64357297,0.184
Affy_10338612,0.45982469,0.401
Affy_10338613,0.27536545,0.728
Affy_10338614,0.3576143,0.328
Affy_10338615,0.44482316,0.414
Affy_10338616,0.45536494,0.366
Affy_10338617,0.88464193,0.102
Affy_10338618,0.36646676,0.547
Affy_10338619,0.81728069,0.09
Affy_10338620,0.58610979,0.204
Affy_10338621,0.81545478,-0.099
Affy_10338622,0.74330085,0.164
Affy_10338623,0.82220234,-0.125
Affy_10338624,0.7321317,-0.22
Affy_10338625,0.78372352,0.158
Affy_10338626,0.88899383,-0.079
Affy_10338627,0.63766967,0.125
Affy_10338628,0.78883214,-0.151
Affy_10338629,0.97789962,-0.011
Affy_10338630,0.92347843,0.029
Affy_10338631,0.21465817,0.614
Affy_10338632,0.3221642,-0.414
Affy_10338633,0.8821481,0.072
Affy_10338634,0.43283536,-0.356
Affy_10338635,0.96937333,0.02
Affy_10338636,0.66633559,0.268
Affy_10338637,0.27215048,-0.51
Affy_10338638,0.58430067,-0.249
Golga7,0.50286651,0.343
Affy_10338640,0.41066793,0.78
Affy_10338641,0.11564458,-0.45
Affy_10338642,0.8745764,-0.047
Affy_10338643,0.60843496,-0.272
Affy_10338644,0.93728581,0.036
Affy_10338645,0.29067168,0.477
Affy_10338646,0.95329261,0.048
Affy_10338647,0.68700637,-0.174
Affy_10338648,0.50466976,-0.262
Affy_10338649,0.71405536,0.13
Affy_10338650,0.70125609,0.169
Affy_10338651,0.53661512,-0.184
Affy_10338652,0.11527139,0.846
Affy_10338653,0.56503548,-0.324
Affy_10338654,0.6714009,-0.083
Affy_10338655,0.91283865,-0.054
Affy_10338656,0.083945458,-0.726
Affy_10338657,0.32052564,-0.48
Affy_10338658,0.49132038,-0.37
Affy_10338659,0.97659645,-0.008
Affy_10338660,0.90858389,-0.064
Affy_10338661,0.3651214,-0.746
Affy_10338662,0.59521097,0.21
Affy_10338663,0.88880863,0.055
Affy_10338664,0.70893971,-0.108
Affy_10338665,0.49417896,0.332
Affy_10338666,0.45250342,-0.296
Affy_10338667,0.73866435,0.29
Affy_10338668,0.97016587,-0.013
Affy_10338669,0.31273262,-0.483
Affy_10338670,0.75732445,0.163
Affy_10338671,0.74674896,-0.156
Affy_10338672,0.12777625,-0.639
Affy_10338673,0.86253168,-0.039
Xpo7,0.54620035,0.203
Affy_10338675,0.956519,0.021
Affy_10338676,0.27966278,-0.565
Affy_10338677,0.72078297,0.125
Affy_10338678,0.45304582,-0.284
Affy_10338679,0.23854839,-0.515
Affy_10338680,0.86879917,-0.057
Affy_10338681,0.82152899,0.121
Affy_10338682,0.8178395,-0.138
Affy_10338683,0.21418789,0.305
C18orf32,0.39928042,0.897
Affy_10338685,0.57165214,0.217
Affy_10338686,0.1466009,0.896
Affy_10338687,0.44762736,0.262
Affy_10338688,0.47704905,-0.331
Affy_10338689,0.5374545,0.185
Affy_10338690,0.74559699,0.213
Affy_10338691,0.9520792,0.03
Affy_10338692,0.82797993,0.105
Affy_10338693,0.48421739,0.518
Affy_10338694,0.49805507,0.494
Affy_10338695,0.19188418,0.792
Affy_10338696,0.7764043,0.131
Affy_10338697,0.81490456,-0.098
Affy_10338698,0.17175276,0.654
Affy_10338699,0.73349708,-0.233
Affy_10338700,0.5687843,0.331
Affy_10338701,0.58380007,0.358
Affy_10338702,0.55239777,0.214
Affy_10338703,0.26188294,0.379
Affy_10338704,0.65213572,-0.216
Affy_10338705,0.69079934,-0.234
Affy_10338706,0.33978199,0.448
Affy_10338707,0.26813091,-0.503
Affy_10338708,0.9888935,-0.005
Affy_10338709,0.94161769,0.014
Affy_10338710,0.96969127,0.022
Affy_10338711,0.81666537,-0.096
Affy_10338712,0.19225709,-0.317
Anapc1,0.15690446,1.307
Affy_10338714,0.21542431,-0.531
Affy_10338715,0.44308687,-0.348
Affy_10338716,0.15927926,0.758
Affy_10338717,0.19609825,-0.685
Affy_10338718,0.93024997,0.062
Affy_10338719,0.65271054,-0.105
Affy_10338720,0.80988211,0.127
Affy_10338721,0.47415942,0.22
Affy_10338722,0.9790415,-0.014
Affy_10338723,0.47399837,0.254
Affy_10338724,0.88717224,-0.065
Affy_10338725,0.93822963,-0.039
Affy_10338726,0.81251628,-0.099
Affy_10338727,0.95633331,0.011
Affy_10338728,0.70734045,0.158
Affy_10338729,0.37448339,-0.464
Affy_10338730,0.14900759,0.314
Affy_10338731,0.76241383,-0.134
Affy_10338732,0.1372647,-1.384
Affy_10338733,0.88775702,0.081
Affy_10338734,0.041142104,-0.995
Affy_10338735,0.82669124,-0.07
Affy_10338736,0.41167121,-0.479
Affy_10338737,0.85819843,0.148
Affy_10338738,0.12266374,0.356
Affy_10338739,0.52136274,-0.302
Affy_10338740,0.26890081,0.617
Tmem234,0.40023775,0.682
Affy_10338742,0.81233143,0.076
Tmem234,0.9720835,0.019
Affy_10338744,0.68483076,-0.182
Affy_10338745,0.35507035,0.475
Affy_10338746,0.28912816,0.39
Affy_10338747,0.7502967,0.179
SINE_Affy_10338748,0.67478529,-0.122
Affy_10338749,0.029095022,-1.171
Affy_10338750,0.1775475,0.898
Affy_10338751,0.77529469,0.07
Affy_10338752,0.013661588,1.09
Affy_10338753,0.77698919,0.104
Affy_10338754,0.24986597,0.654
Affy_10338755,0.86024084,-0.089
Affy_10338756,0.83393735,0.162
Affy_10338757,0.39317133,-0.313
Affy_10338758,0.90965116,0.044
Affy_10338759,0.711753,0.137
Affy_10338760,0.50490417,0.151
Affy_10338761,0.49580423,-0.272
Affy_10338762,0.92010471,-0.058
Sap30l,0.10157308,0.713
Affy_10338764,0.55665014,0.349
Affy_10338765,0.66772664,-0.154
Affy_10338766,0.77671441,0.138
Affy_10338767,0.90906008,0.024
Affy_10338768,0.64902923,0.288
Affy_10338769,0.77880899,-0.174
Affy_10338770,0.42854619,0.406
Affy_10338771,0.84425464,-0.099
Affy_10338772,0.13413902,0.748
Affy_10338773,0.66685123,0.098
Affy_10338774,0.37362308,0.495
Affy_10338775,0.65374172,-0.271
Affy_10338776,0.95929318,-0.025
Affy_10338777,0.27961526,-0.342
Affy_10338778,0.56693005,-0.231
Affy_10338779,0.26091796,0.301
Affy_10338780,0.55834674,-0.359
Affy_10338781,0.95559587,0.014
Affy_10338782,0.20232746,1.306
Affy_10338783,0.24954811,-0.499
Affy_10338784,0.1745124,0.583
Affy_10338785,0.53298818,-0.311
Affy_10338786,0.026709074,1.584
Affy_10338787,0.57190972,0.329
Affy_10338788,0.42669166,-0.467
Affy_10338789,0.64227603,-0.179
Hb1bp3,0.36941488,0.996
Affy_10338791,0.14693087,1.04
Affy_10338792,0.39550375,0.364
Rab7,0.72743499,-0.078
Affy_10338794,0.94360399,-0.05
Affy_10338795,0.47904107,0.258
Affy_10338796,0.25377441,-0.6
Affy_10338797,0.72039628,-0.209
Affy_10338798,0.88751728,-0.052
Affy_10338799,0.63174014,0.572
Affy_10338800,0.58636825,0.183
Affy_10338801,0.46812272,-0.259
Psmb5,0.55488461,-0.194
Affy_10338803,0.96134583,0.026
Affy_10338804,0.482407,0.176
Affy_10338805,0.18816826,0.564
Affy_10338806,0.58441957,0.255
Affy_10338807,0.63333183,0.326
Affy_10338808,0.27918562,-0.668
Affy_10338809,0.6741114,0.187
Affy_10338810,0.57296328,0.36
Affy_10338811,0.27765524,0.345
Sar1a,0.37635173,0.303
Affy_10338813,0.36495306,0.625
Affy_10338814,0.24710989,-0.343
Affy_10338815,0.68503647,0.104
Affy_10338816,0.79366352,-0.142
Affy_10338817,0.77529102,-0.149
Affy_10338818,0.39345604,0.818
Affy_10338819,0.83236949,-0.106
Affy_10338820,0.2258141,-0.57
Affy_10338821,0.71355799,-0.152
Affy_10338822,0.90716775,-0.057
Affy_10338823,0.72724592,-0.12
Affy_10338824,0.21083403,0.739
Affy_10338825,0.30551006,-0.316
Affy_10338826,0.082026471,1.033
Affy_10338827,0.70624235,-0.208
Affy_10338828,0.22975891,0.603
Affy_10338829,0.89513175,0.079
Affy_10338830,0.59498011,-0.213
Ctbp1,0.22116781,-0.342
Affy_10338832,0.87779508,-0.04
Affy_10338833,0.12710822,-0.672
Affy_10338834,0.65424863,-0.194
LOC433791,0.92745721,0.035
Affy_10338836,0.40108686,-0.265
Affy_10338837,0.80994451,0.082
Affy_10338838,0.70808319,0.229
Affy_10338839,0.28114994,0.573
Affy_10338840,0.51151498,-0.297
Affy_10338841,0.2619998,-0.312
Affy_10338842,0.69558254,0.155
Affy_10338843,0.34844363,-0.319
Affy_10338844,0.68084134,-0.19
Affy_10338845,0.039437156,1.098
Affy_10338846,0.93546161,0.058
Affy_10338847,0.43036863,0.231
Affy_10338848,0.50582883,-0.325
Affy_10338849,0.80018326,-0.111
Affy_10338850,0.88369839,0.059
Affy_10338851,0.66688954,0.178
Affy_10338852,0.57001084,-0.173
Affy_10338853,0.31308868,0.184
Affy_10338854,0.90805927,-0.082
Affy_10338855,0.24453005,0.827
Affy_10338856,0.86438474,0.118
Affy_10338857,0.82443985,0.146
Affy_10338858,0.64400019,-0.231
Itch,0.98573231,-0.007
Affy_10338860,0.71938827,0.113
Affy_10338861,0.016452116,-0.851
Affy_10338862,0.60537687,0.265
Affy_10338863,0.17531966,0.613
Affy_10338864,0.34688067,0.462
Affy_10338865,0.52978628,-0.171
Affy_10338866,0.46733338,0.534
Affy_10338867,0.58892843,0.33
Affy_10338868,0.72003592,0.132
Affy_10338869,0.023731817,-1.1
Affy_10338870,0.72957231,-0.119
Affy_10338871,0.47690861,-0.213
Affy_10338872,0.50417152,0.344
Affy_10338873,0.55954074,-0.258
Txndc12,0.38976259,0.359
Affy_10338875,0.6172774,-0.117
Affy_10338876,0.63312551,0.129
Affy_10338877,0.37640785,0.473
Affy_10338878,0.16181015,0.511
Affy_10338879,0.48195743,-0.262
Affy_10338880,0.92103295,-0.021
Affy_10338881,0.25126833,-0.734
Affy_10338882,0.66954815,0.217
Affy_10338883,0.3623906,-0.419
Affy_10338884,0.70400679,0.26
Affy_10338885,0.55601271,0.132
Affy_10338886,0.72007209,-0.229
Anapc2,0.48484197,-0.241
Affy_10338888,0.40330663,0.374
Affy_10338889,0.46928942,0.312
Affy_10338890,0.96547032,0.013
Affy_10338891,0.78739585,0.163
Affy_10338892,0.1990818,-0.38
Affy_10338893,0.31170389,-0.45
Affy_10338894,0.51596453,0.364
Affy_10338895,0.49131109,0.179
Affy_10338896,0.64860282,0.203
Affy_10338897,0.38209995,-0.44
Affy_10338898,0.51425571,0.272
Affy_10338899,0.92582196,0.047
Affy_10338900,0.759708,-0.207
Affy_10338901,0.70553895,0.222
Affy_10338902,0.57593896,-0.34
Affy_10338903,0.99407755,0.002
Affy_10338904,0.33442839,-0.508
Affy_10338905,0.22812688,0.365
Affy_10338906,0.90288776,0.023
Copa,0.16526085,1.654
Affy_10338908,0.91118053,-0.037
Affy_10338909,0.52665575,0.286
Affy_10338910,0.53485386,0.209
Affy_10338911,0.24482416,0.39
Affy_10338912,0.70951546,0.114
Affy_10338913,0.39498382,0.6
Affy_10338914,0.41096463,-0.788
Affy_10338915,0.94379671,0.041
Affy_10338916,0.57835879,-0.196
Affy_10338917,0.96120344,-0.024
Affy_10338918,0.73047507,-0.126
Affy_10338919,0.74758193,-0.11
Affy_10338920,0.67950604,-0.139
Affy_10338921,0.84187038,-0.082
Affy_10338922,0.027524071,1.029
Affy_10338923,0.74886008,0.166
Affy_10338924,0.41829167,0.454
Rab7,0.19438673,-0.402
Affy_10338926,0.41532881,0.434
Affy_10338927,0.38049986,0.402
Affy_10338928,0.5306269,-0.324
Affy_10338929,0.45810443,-0.281
Affy_10338930,0.31158399,-0.696
Affy_10338931,0.65148014,0.442
Affy_10338932,0.88109191,-0.074
Affy_10338933,0.32673765,0.572
Mtif2,0.33195602,-0.338
Affy_10338935,0.32739571,0.35
Affy_10338936,0.91220267,0.072
Affy_10338937,0.15491368,-0.378
Affy_10338938,0.51796238,0.181
Affy_10338939,0.56676454,-0.517
Affy_10338940,0.97918699,-0.012
Affy_10338941,0.13918233,-0.537
Affy_10338942,0.29571758,0.703
Affy_10338943,0.34272201,-0.532
Affy_10338944,0.40328022,-0.442
Affy_10338945,0.45405211,-0.537
Affy_10338946,0.82199,-0.172
Pfdn6,0.91765129,-0.034
Affy_10338948,0.24672509,0.9
Affy_10338949,0.90936873,0.05
Affy_10338950,0.77323331,-0.134
Affy_10338951,0.47818532,0.402
Affy_10338952,0.81761845,-0.148
Affy_10338953,0.25647189,-0.344
Huwe1,0.55715831,-0.118
Affy_10338955,0.46082359,-0.401
Affy_10338956,0.66315574,-0.178
Affy_10338957,0.59317397,-0.288
Affy_10338958,0.051681738,0.923
Affy_10338959,0.79001759,-0.285
Affy_10338960,0.65685591,-0.186
Affy_10338961,0.50174456,-0.333
Affy_10338962,0.89918157,0.055
Psma1,0.94733298,0.036
Affy_10338964,0.37610164,0.519
Affy_10338965,0.9146034,-0.034
Affy_10338966,0.73934583,-0.264
Affy_10338967,0.91029331,0.056
Affy_10338968,0.091857763,1.21
Affy_10338969,0.56067513,0.287
Affy_10338970,0.51495225,-0.254
Affy_10338971,0.20990707,-0.866
Affy_10338972,0.98400858,0.006
Affy_10338973,0.88874869,-0.064
Affy_10338974,0.66655387,-0.178
Affy_10338975,0.054645767,-0.647
Affy_10338976,0.70037832,0.269
Affy_10338977,0.85358424,0.059
Affy_10338978,0.51668381,0.287
Affy_10338979,0.46764829,-0.27
Affy_10338980,0.85199081,-0.124
Affy_10338981,0.69848493,0.244
Affy_10338982,0.77109499,0.172
Affy_10338983,0.29443454,-0.596
Affy_10338984,0.36160221,0.33
Affy_10338985,0.054164327,0.679
Affy_10338986,0.11847,0.436
Affy_10338987,0.85923861,-0.028
Affy_10338988,0.41396819,0.175
Affy_10338989,0.61488685,0.379
Affy_10338990,0.84999825,-0.118
Affy_10338991,0.14229938,0.464
Affy_10338992,0.86526095,-0.06
Affy_10338993,0.095991427,-0.677
Affy_10338994,0.73876051,-0.108
Affy_10338995,0.8964958,0.058
Affy_10338996,0.22854234,0.552
Affy_10338997,0.75758043,-0.156
Affy_10338998,0.39481826,0.369
Affy_10338999,0.50645618,0.476
Affy_10339000,0.47221946,0.333
Anapc1,0.13057823,1.377
Affy_10339002,0.33101318,0.412
Affy_10339003,0.94991431,0.025
Affy_10339004,0.87158937,0.078
Affy_10339005,0.34113904,-0.814
Affy_10339006,0.72343418,-0.116
Affy_10339007,0.030782366,1.716
Affy_10339008,0.25696614,-0.722
Affy_10339009,0.13983418,0.773
Affy_10339010,0.005730341,1.251
Affy_10339011,0.53212695,0.479
Affy_10339012,0.68247649,-0.189
Affy_10339013,0.15363121,0.938
Affy_10339014,0.64039275,0.273
Affy_10339015,0.17273685,0.715
Affy_10339016,0.76963582,-0.09
Affy_10339017,0.93343733,-0.035
Affy_10339018,0.86166713,-0.052
Affy_10339019,0.84640625,0.084
Affy_10339020,0.76831207,-0.093
Affy_10339021,0.063398799,0.869
Affy_10339022,0.7153814,-0.257
Affy_10339023,0.41837877,-0.303
Affy_10339024,0.92196007,-0.049
Affy_10339025,0.28237391,-0.386
Affy_10339026,0.7590952,0.202
Affy_10339027,0.8963848,-0.052
Affy_10339028,0.41521505,-0.457
Affy_10339029,0.67485383,-0.153
Affy_10339030,0.23700924,0.299
Affy_10339031,0.69792693,0.19
Affy_10339032,0.12898401,0.538
Affy_10339033,0.62018011,0.295
Affy_10339034,0.52616352,0.32
Affy_10339035,0.11681857,0.887
Affy_10339036,0.68476831,-0.109
Affy_10339037,0.90649408,-0.072
Affy_10339038,0.46983294,0.354
Affy_10339039,0.63997261,0.215
Affy_10339040,0.97676991,0.022
Affy_10339041,0.30014443,0.651
Affy_10339042,0.70115414,-0.188
Affy_10339043,0.35516235,0.593
Affy_10339044,0.77349177,-0.118
Affy_10339045,0.59892865,-0.226
Affy_10339046,0.46282784,0.308
Affy_10339047,0.65578239,0.146
Affy_10339048,0.61064697,0.269
Affy_10339049,0.45441144,-0.226
Affy_10339050,0.99468515,0.004
Affy_10339051,0.25609275,0.51
Affy_10339052,0.38990626,-0.144
Affy_10339053,0.063336398,0.85
Affy_10339054,0.86560217,-0.12
Affy_10339055,0.7588495,0.139
Affy_10339056,0.45337655,0.596
Affy_10339057,0.48937618,-0.255
Affy_10339058,0.75522421,-0.141
Affy_10339059,0.34664959,0.803
Affy_10339060,0.24627059,0.744
Affy_10339061,0.8229895,0.106
Affy_10339062,0.97181617,-0.009
Affy_10339063,0.27902358,0.53
Affy_10339064,0.95379189,-0.009
Canx,0.1796793,-0.224
Affy_10339066,0.60792289,0.256
Affy_10339067,0.11320699,-0.635
Affy_10339068,0.22476858,-0.156
Affy_10339069,0.49540605,-0.484
Affy_10339070,0.95384832,0.013
Cox18,0.13907182,-0.68
Affy_10339072,0.45586268,-0.353
Affy_10339073,0.70921596,-0.117
Affy_10339074,0.62280828,-0.262
Affy_10339075,0.40098213,-0.31
Affy_10339076,0.36059511,-0.415
Affy_10339077,0.93045943,-0.046
Affy_10339078,0.86545734,0.074
Affy_10339079,0.8427363,-0.118
Affy_10339080,0.052846215,-0.265
Affy_10339081,0.43412752,-0.66
Affy_10339082,0.39426135,0.671
Affy_10339083,0.37374199,0.556
Affy_10339084,0.84461441,-0.062
Affy_10339085,0.40761917,0.266
Affy_10339086,0.47445062,-0.372
Affy_10339087,0.9947593,-0.004
Dlg1,0.29212017,0.278
Affy_10339089,0.79714597,-0.121
Affy_10339090,0.41214148,0.518
Affy_10339091,0.83153929,0.106
Affy_10339092,0.91173624,0.049
Affy_10339093,0.58578214,-0.137
Affy_10339094,0.5916236,0.331
Affy_10339095,0.65751285,0.206
Affy_10339096,0.22152527,0.754
Affy_10339097,0.41350851,-0.128
Affy_10339098,0.7724952,-0.098
Affy_10339099,0.67606943,-0.15
Affy_10339100,0.69168397,0.235
Affy_10339101,0.67291936,0.136
Affy_10339102,0.9922409,0.007
Affy_10339103,0.42803703,-0.355
Affy_10339104,0.25745446,-0.362
Affy_10339105,0.54832413,0.207
Affy_10339106,0.61860316,-0.137
Affy_10339107,0.45792196,0.528
Affy_10339108,0.32087538,-0.551
Affy_10339109,0.14096737,-0.762
Affy_10339110,0.63840835,0.18
Affy_10339111,0.48685714,-0.28
Affy_10339112,0.39162042,0.262
Affy_10339113,0.74960116,-0.171
Affy_10339114,0.75299823,0.137
Affy_10339115,0.82210605,0.104
Affy_10339116,0.29373554,0.935
Affy_10339117,0.19195081,0.352
Affy_10339118,0.48140423,-0.47
Affy_10339119,0.44453571,0.364
Affy_10339120,0.78050971,-0.189
Affy_10339121,0.57265568,-0.279
Affy_10339122,0.75760174,-0.135
Affy_10339123,0.96629321,0.03
Vta1,0.29560452,0.645
Affy_10339125,0.77473612,0.132
Affy_10339126,0.76473154,0.147
Affy_10339127,0.97648824,0.01
Affy_10339128,0.93720593,-0.034
Affy_10339129,0.9264031,0.046
Affy_10339130,0.76564918,-0.154
Affy_10339131,0.75808259,0.095
Affy_10339132,0.86118447,-0.055
Affy_10339133,0.73264662,-0.208
Affy_10339134,0.65949675,-0.274
Affy_10339135,0.6340719,-0.298
Affy_10339136,0.89159694,-0.083
Affy_10339137,0.11892565,0.493
Affy_10339138,0.1980296,-0.446
Copa,0.93974855,-0.024
Affy_10339140,0.49777426,-0.148
Affy_10339141,0.59286189,-0.298
Affy_10339142,0.89045738,-0.064
Affy_10339143,0.93093712,0.037
Affy_10339144,0.72731487,0.212
Affy_10339145,0.11110527,0.919
Affy_10339146,0.8419655,-0.132
Affy_10339147,0.50902454,0.265
Affy_10339148,0.67363774,0.108
Affy_10339149,0.72669515,0.21
Affy_10339150,0.41440854,-0.38
Affy_10339151,0.11743154,-0.533
Affy_10339152,0.31984668,0.511
Affy_10339153,0.82157322,0.058
Affy_10339154,0.17920231,-0.842
Affy_10339155,0.40520896,-0.564
Affy_10339156,0.63023964,0.186
Affy_10339157,0.61382618,-0.231
Hb1bp3,0.68396637,0.29
Affy_10339159,0.99362228,0.004
Affy_10339160,0.15393704,-0.592
Affy_10339161,0.1992638,0.584
Affy_10339162,0.27467157,0.513
Anapc1,0.22578466,1.133
Affy_10339164,0.068787681,0.822
Psenen,0.63907186,-0.064
Affy_10339166,0.1551128,0.8
Affy_10339167,0.35243785,-0.952
Affy_10339168,0.67980184,-0.253
Affy_10339169,0.25644453,0.833
Affy_10339170,0.44317231,0.195
Affy_10339171,0.70640173,0.34
Affy_10339172,0.56731027,0.294
Affy_10339173,0.859133,-0.085
Affy_10339174,0.80919737,-0.103
Affy_10339175,0.90208443,0.053
Affy_10339176,0.79784655,-0.093
Affy_10339177,0.97829536,-0.01
Affy_10339178,0.76475567,0.132
Affy_10339179,0.58363266,0.256
Affy_10339180,0.78703317,-0.076
Affy_10339181,0.68593899,0.174
Affy_10339182,0.25582161,0.274
Affy_10339183,0.76151099,-0.115
Affy_10339184,0.78082661,0.122
Affy_10339185,0.9649208,0.008
Affy_10339186,0.98113613,-0.01
Affy_10339187,0.73296103,0.152
Affy_10339188,0.074720733,-0.786
Affy_10339189,0.5194939,0.339
Affy_10339190,0.5819196,0.342
Dlg1,0.47994129,-0.199
Affy_10339192,0.29520101,0.32
Affy_10339193,0.31677465,0.653
Affy_10339194,0.90694492,0.042
Affy_10339195,0.72922996,-0.22
Affy_10339196,0.063937977,0.87
Affy_10339197,0.30080622,0.664
Affy_10339198,0.54177529,-0.134
Affy_10339199,0.97328054,0.012
Affy_10339200,0.22350935,0.737
Affy_10339201,0.61422145,0.257
Affy_10339202,0.45199957,0.399
Affy_10339203,0.63981891,0.275
Affy_10339204,0.46292674,0.373
Affy_10339205,0.1909725,-0.399
Affy_10339206,0.37654431,-0.369
Affy_10339207,0.67540534,-0.121
Affy_10339208,0.3380574,-0.327
Hb1bp3,0.2701606,-0.567
Affy_10339210,0.89882628,0.081
Affy_10339211,0.30022188,0.554
Affy_10339212,0.96192993,-0.026
Affy_10339213,0.24930594,-0.982
Affy_10339214,0.094772789,0.716
Affy_10339215,0.9474948,0.026
Affy_10339216,0.74802145,-0.092
Affy_10339217,0.49635785,-0.335
Affy_10339218,0.801996,-0.171
Affy_10339219,0.72286893,0.2
Affy_10339220,0.59826644,-0.172
Copa,0.16574143,-0.256
Affy_10339222,0.17149541,-0.643
Affy_10339223,0.63388059,0.295
Affy_10339224,0.20780781,0.466
Affy_10339225,0.60075068,-0.091
Affy_10339226,0.35386467,0.421
Affy_10339227,0.15599136,1.056
Affy_10339228,0.79131874,0.138
Affy_10339229,0.36580837,-0.597
Affy_10339230,0.22255527,0.842
Affy_10339231,0.47476844,-0.365
Affy_10339232,0.87395855,0.073
Affy_10339233,0.79715422,0.144
Affy_10339234,0.92750549,0.032
Affy_10339235,0.33074255,-0.428
Affy_10339236,0.87915721,-0.046
Affy_10339237,0.50376544,-0.309
Affy_10339238,0.33705055,0.631
Affy_10339239,0.12492254,-0.358
Affy_10339240,0.46112904,-0.31
Affy_10339241,0.69543509,0.114
Affy_10339242,0.23081048,0.562
Affy_10339243,0.59330682,-0.322
Affy_10339244,0.75317748,0.176
Affy_10339245,0.17705527,0.315
Affy_10339246,0.95180437,-0.025
Affy_10339247,0.93384735,0.022
Affy_10339248,0.83097274,0.128
Affy_10339249,0.82002984,-0.05
Affy_10339250,0.16347399,0.518
Affy_10339251,0.99027833,0.002
Affy_10339252,0.11573883,-1.66
Affy_10339253,0.72563672,-0.148
Affy_10339254,0.40687669,0.421
Hb1bp3,0.40169324,0.588
Affy_10339256,0.9586638,0.028
Affy_10339257,0.21484657,0.466
Affy_10339258,0.87946586,0.057
Affy_10339259,0.61439367,0.244
Affy_10339260,0.62884496,0.258
Affy_10339261,0.44876724,-0.289
Affy_10339262,0.66071159,-0.248
Affy_10339263,0.96697636,0.017
Affy_10339264,0.30110941,-0.647
Affy_10339265,0.72064762,0.142
Affy_10339266,0.28106801,0.47
Affy_10339267,0.54479538,-0.204
Affy_10339268,0.49422466,0.315
Affy_10339269,0.46012,0.516
Affy_10339270,0.087156012,0.842
Affy_10339271,0.49519889,-0.207
Anapc1,0.1298844,0.747
Affy_10339273,0.84472223,0.119
Affy_10339274,0.31465921,0.384
Affy_10339275,0.6036121,0.258
Affy_10339276,0.81847327,0.138
Affy_10339277,0.78325458,-0.085
Affy_10339278,0.45614009,0.52
Affy_10339279,0.26023248,0.598
Affy_10339280,0.80823383,0.177
Affy_10339281,0.36609767,0.358
Affy_10339282,0.86438637,-0.145
Affy_10339283,0.49417362,0.388
Affy_10339284,0.87512589,-0.084
Affy_10339285,0.50342837,0.294
Affy_10339286,0.49576846,0.174
Affy_10339287,0.075345099,1.617
Affy_10339288,0.65737142,-0.222
Affy_10339289,0.07235997,1.124
Affy_10339290,0.88046626,0.052
Affy_10339291,0.35224211,-0.244
Affy_10339292,0.84678152,-0.139
Affy_10339293,0.26302268,0.868
Affy_10339294,0.90176816,0.046
Affy_10339295,0.23480483,-0.345
Affy_10339296,0.59562544,0.159
Affy_10339297,0.62819501,-0.187
Affy_10339298,0.21460952,0.302
Affy_10339299,0.7220532,0.165
Affy_10339300,0.84831125,-0.078
Affy_10339301,0.43469665,0.326
Affy_10339302,0.068559355,-0.693
Affy_10339303,0.27160032,-0.525
Affy_10339304,0.55226534,-0.248
Affy_10339305,0.43370902,0.47
Affy_10339306,0.6616897,-0.169
Cox18,0.20369322,-0.622
Affy_10339308,0.01304546,-0.887
Affy_10339309,0.36985883,-0.286
Affy_10339310,0.53101847,0.392
Nmt1,0.65702667,-0.176
Affy_10339312,0.41939935,0.457
Affy_10339313,0.41757721,0.367
Affy_10339314,0.2747231,-0.594
Affy_10339315,0.41879277,-0.234
Affy_10339316,0.47810443,-0.204
Affy_10339317,0.45165104,-0.32
Affy_10339318,0.93588044,-0.023
Affy_10339319,0.74755085,0.075
Affy_10339320,0.15375137,0.899
Affy_10339321,0.39862218,0.658
Affy_10339322,0.72257239,0.144
Affy_10339323,0.97111835,-0.03
Affy_10339324,0.97049157,0.018
Affy_10339325,0.74727288,0.144
Affy_10339326,0.59077172,0.201
Affy_10339327,0.54996341,-0.234
Affy_10339328,0.76365604,0.096
Affy_10339329,0.98972377,0.007
Affy_10339330,0.33593143,0.462
Affy_10339331,0.7564535,-0.102
Affy_10339332,0.84435328,-0.112
Affy_10339333,0.69541777,0.264
Affy_10339334,0.58668172,0.242
Affy_10339335,0.087819957,1.836
Affy_10339336,0.077246879,1.232
Affy_10339337,0.85595894,0.124
Affy_10339338,0.9016467,-0.057
Affy_10339339,0.060005414,1.166
Affy_10339340,0.33109702,0.613
Affy_10339341,0.11713543,0.33
Affy_10339342,0.21717341,0.464
Affy_10339343,0.96960094,-0.014
Affy_10339344,0.2509358,0.675
Affy_10339345,0.99163309,-0.006
Affy_10339346,0.79278721,-0.119
Affy_10339347,0.71931051,0.209
Affy_10339348,0.51121439,0.134
Affy_10339349,0.78811029,0.064
Affy_10339350,0.31949423,0.375
Affy_10339351,0.79948049,-0.127
Affy_10339352,0.96396934,-0.018
Affy_10339353,0.024795354,0.908
Affy_10339354,0.56414195,-0.226
Affy_10339355,0.73197795,-0.126
Affy_10339356,0.6645027,-0.141
Affy_10339357,0.14097351,0.746
Affy_10339358,0.10003013,-0.649
Affy_10339359,0.31454976,-0.68
Affy_10339360,0.67109071,0.134
Affy_10339361,0.49528656,-0.302
Affy_10339362,0.26028108,0.649
Affy_10339363,0.27165083,0.598
Affy_10339364,0.93253604,-0.063
Affy_10339365,0.56545707,0.102
Affy_10339366,0.82897607,0.075
Affy_10339367,0.47133075,-0.448
Affy_10339368,0.33419747,0.591
Affy_10339369,0.27841441,0.582
Affy_10339370,0.23069421,-0.666
Affy_10339371,0.70631299,0.2
Affy_10339372,0.47214812,0.441
Affy_10339373,0.041802006,0.841
Affy_10339374,0.15257215,0.269
Affy_10339375,0.7656369,-0.065
Affy_10339376,0.36592707,-0.348
Affy_10339377,0.72752947,-0.116
Affy_10339378,0.97818057,-0.008
Affy_10339379,0.18974281,-0.651
Fryl,0.370467,0.409
Affy_10339381,0.69597321,-0.136
Affy_10339382,0.9855348,0.004
Affy_10339383,0.90040008,0.082
Affy_10339384,0.46023031,-0.209
Affy_10339385,0.21266377,0.553
Affy_10339386,0.30320233,0.45
Affy_10339387,0.30402127,0.44
Atp6v0d1,0.67046344,0.087
Affy_10339389,0.24150636,0.557
Affy_10339390,0.25588911,-0.304
Affy_10339391,0.96486476,-0.012
Affy_10339392,0.89342436,-0.072
Affy_10339393,0.53398559,-0.33
Affy_10339394,0.28013119,0.533
Affy_10339395,0.35688826,-0.51
Affy_10339396,0.56206475,0.309
Affy_10339397,0.076922383,0.807
Affy_10339398,0.60404153,-0.256
Affy_10339399,0.21474022,0.804
Affy_10339400,0.68876928,0.205
Affy_10339401,0.19064399,0.772
Affy_10339402,0.28145206,0.326
Affy_10339403,0.72355271,-0.177
Affy_10339404,0.73186855,-0.108
Affy_10339405,0.96598608,-0.018
Affy_10339406,0.05323569,-0.593
Affy_10339407,0.91704862,-0.056
Affy_10339408,0.65360935,0.224
Affy_10339409,0.19727738,-0.69
Affy_10339410,0.40203517,0.324
Affy_10339411,0.76768836,0.078
Affy_10339412,0.94416351,-0.039
Affy_10339413,0.64895938,-0.274
Affy_10339414,0.96177337,0.019
LINE_Affy_10339415,0.80222721,0.073
Affy_10339416,0.064369931,-0.919
Affy_10339417,0.85053513,-0.103
Affy_10339418,0.27411797,-0.67
Affy_10339419,0.94015517,-0.018
Affy_10339420,0.2687788,0.482
Affy_10339421,0.67376048,0.089
Affy_10339422,0.96074354,-0.026
Affy_10339423,0.88129514,0.076
Affy_10339424,0.85332973,-0.103
Affy_10339425,0.67837614,0.228
Affy_10339426,0.38801887,-0.178
Affy_10339427,0.65595802,0.251
Affy_10339428,0.40879376,-0.32
Affy_10339429,0.09177354,0.922
Affy_10339430,0.31406041,0.396
Affy_10339431,0.46211767,-0.285
Affy_10339432,0.82002656,0.127
Affy_10339433,0.76162593,0.124
Affy_10339434,0.13098626,0.953
Affy_10339435,0.14432493,-0.642
Affy_10339436,0.53823115,-0.283
Affy_10339437,0.74952417,-0.156
Affy_10339438,0.037270422,-0.875
Affy_10339439,0.97445796,-0.012
Affy_10339440,0.064177799,1.06
Hb1bp3,0.79889547,-0.185
Affy_10339442,0.21388286,-0.663
Affy_10339443,0.29033034,-0.422
Affy_10339444,0.35149034,-0.514
Affy_10339445,0.81834529,0.073
Affy_10339446,0.98190951,0.006
Psap,0.52472879,-0.137
Affy_10339448,0.92651571,-0.044
Affy_10339449,0.48931501,0.437
Affy_10339450,0.89530526,0.051
Affy_10339451,0.043080741,1.078
Affy_10339452,0.7011417,0.172
Dlg1,0.45146318,-0.134
Affy_10339454,0.90967599,-0.035
Affy_10339455,0.46881356,-0.168
Affy_10339456,0.74675901,0.114
Affy_10339457,0.54306455,-0.357
Affy_10339458,0.42302711,-0.327
Affy_10339459,0.5268769,-0.27
Affy_10339460,0.13091913,-0.447
Affy_10339461,0.87919086,0.052
Affy_10339462,0.50663158,0.216
Affy_10339463,0.97344603,-0.023
Affy_10339464,0.46802666,0.386
Affy_10339465,0.80849191,0.091
Affy_10339466,0.90168991,0.06
Affy_10339467,0.10154879,0.739
Affy_10339468,0.84307137,0.083
Affy_10339469,0.17290307,0.771
Affy_10339470,0.73430156,-0.198
Affy_10339471,0.063739901,0.477
Affy_10339472,0.16329246,0.532
Affy_10339473,0.73397124,0.189
Affy_10339474,0.93645403,-0.033
Affy_10339475,0.70321077,0.112
Affy_10339476,0.58684738,0.324
Affy_10339477,0.79719181,-0.11
Affy_10339478,0.90201713,-0.077
Affy_10339479,0.7285972,0.14
Affy_10339480,0.42083175,-0.24
Affy_10339481,0.51172954,-0.442
Affy_10339482,0.48445832,0.419
Affy_10339483,0.67606656,-0.188
Affy_10339484,0.21814383,-0.536
Affy_10339485,0.94894861,-0.03
Affy_10339486,0.99582303,0.004
Affy_10339487,0.51203967,0.225
Affy_10339488,0.86163352,-0.112
Affy_10339489,0.77985911,0.152
Affy_10339490,0.044033324,0.69
Affy_10339491,0.67837083,-0.412
Affy_10339492,0.95179725,0.032
Affy_10339493,0.95802772,0.03
Affy_10339494,0.18669944,-0.861
Affy_10339495,0.13915599,0.488
Affy_10339496,0.57179586,0.338
Affy_10339497,0.54623752,-0.177
Affy_10339498,0.6340473,0.31
Affy_10339499,0.96030831,0.033
Affy_10339500,0.55457644,0.133
Affy_10339501,0.14498952,-0.991
Affy_10339502,0.77362375,-0.059
Affy_10339503,0.92153653,0.056
Affy_10339504,0.59860426,0.255
Affy_10339505,0.77061701,-0.121
Affy_10339506,0.74924378,-0.169
Affy_10339507,0.3214006,-0.592
Affy_10339508,0.86401377,-0.051
Affy_10339509,0.93626497,-0.037
Affy_10339510,0.073284593,0.41
Affy_10339511,0.80248439,-0.091
Affy_10339512,0.80725512,0.109
Affy_10339513,0.78244907,-0.134
Affy_10339514,0.36143484,-0.473
Affy_10339515,0.43651928,0.466
Affy_10339516,0.13640431,0.966
Affy_10339517,0.98564222,-0.007
Affy_10339518,0.86284164,-0.07
Affy_10339519,0.90015315,0.048
Affy_10339520,0.80744829,-0.082
Affy_10339521,0.12224116,-0.617
Affy_10339522,0.61624034,-0.265
Affy_10339523,0.17096321,0.427
Affy_10339524,0.59972465,0.241
Affy_10339525,0.46857454,-0.59
Affy_10339526,0.027180447,1.378
Affy_10339527,0.80215469,0.102
Affy_10339528,0.80509769,-0.112
Affy_10339529,0.19646634,-0.81
Affy_10339530,0.60732621,0.123
Affy_10339531,0.98628868,0.006
Affy_10339532,0.14953047,-0.506
Affy_10339533,0.78969123,-0.185
Affy_10339534,0.38386628,0.434
Affy_10339535,0.57431038,0.319
Affy_10339536,0.4240758,-0.23
Affy_10339537,0.52129908,0.283
Affy_10339538,0.23063079,0.745
Affy_10339539,0.17608142,-0.742
Affy_10339540,0.94765565,0.021
Affy_10339541,0.48676611,-0.45
Affy_10339542,0.85707189,-0.076
Affy_10339543,0.80975993,0.134
Affy_10339544,0.81786015,0.162
Affy_10339545,0.25889319,-0.243
Affy_10339546,0.32448898,-0.352
Affy_10339547,0.75160445,-0.185
Affy_10339548,0.26296446,-0.522
Affy_10339549,0.85471352,-0.068
Affy_10339550,0.30083674,-0.509
Affy_10339551,0.35293415,0.453
Affy_10339552,0.56204925,0.29
Affy_10339553,0.038873059,0.63
Affy_10339554,0.1561824,0.865
Affy_10339555,0.66783825,0.288
Affy_10339556,0.46914032,-0.342
Affy_10339557,0.077087246,-0.323
Affy_10339558,0.56244254,0.334
Affy_10339559,0.95201656,0.024
Affy_10339560,0.49471125,0.218
Affy_10339561,0.14606113,-0.501
Hb1bp3,0.09030383,1.544
Affy_10339563,0.44461065,0.456
Affy_10339564,0.61646275,0.227
Affy_10339565,0.54600223,0.186
Affy_10339566,0.81333045,0.084
Affy_10339567,0.57733427,0.412
Affy_10339568,0.23243264,-0.428
Affy_10339569,0.96516271,0.019
Affy_10339570,0.73054135,-0.15
Affy_10339571,0.38062783,0.376
Affy_10339572,0.3744568,-0.484
Affy_10339573,0.42271848,-0.474
Affy_10339574,0.86596187,0.04
Affy_10339575,0.25746621,0.51
Affy_10339576,0.95947573,-0.018
Affy_10339577,0.70522222,-0.072
Affy_10339578,0.1032862,-0.289
Affy_10339579,0.28852537,0.61
Affy_10339580,0.90189833,-0.066
Affy_10339581,0.57359464,0.375
Affy_10339582,0.86556462,-0.133
Affy_10339583,0.8766318,-0.073
Affy_10339584,0.46703215,0.37
Hdac5,0.044659489,-0.78
Affy_10339586,0.66537944,-0.239
Affy_10339587,0.068146938,1.246
Affy_10339588,0.12008421,-0.901
Ctbp1,0.76422243,-0.058
Affy_10339590,0.25292955,-0.182
Affy_10339591,0.62651491,0.124
Affy_10339592,0.87426049,0.04
Affy_10339593,0.38618238,0.473
Affy_10339594,0.79256149,-0.171
Affy_10339595,0.96673336,0.012
Affy_10339596,0.039658789,1.951
Affy_10339597,0.50971913,-0.254
Affy_10339598,0.59032855,0.318
Dscr3,0.91172594,0.037
Affy_10339600,0.53384974,0.254
Affy_10339601,0.15610855,0.92
Affy_10339602,0.62564312,0.285
Affy_10339603,0.42966039,0.243
Affy_10339604,0.73425113,0.221
Affy_10339605,0.9661494,0.032
Affy_10339606,0.67267638,0.125
Affy_10339607,0.74034171,-0.147
Affy_10339608,0.83552896,0.053
Affy_10339609,0.31627756,-0.453
Affy_10339610,0.96749078,-0.024
Affy_10339611,0.32515502,-0.335
Affy_10339612,0.5743398,-0.262
Affy_10339613,0.90940085,-0.034
Affy_10339614,0.22782761,0.894
Affy_10339615,0.453272,-0.406
Affy_10339616,0.92916969,0.042
Affy_10339617,0.11996834,-0.607
Affy_10339618,0.30907242,0.57
Affy_10339619,0.76845657,-0.104
Affy_10339620,0.33103545,0.431
Affy_10339621,0.9841566,-0.012
Affy_10339622,0.56969664,0.338
Affy_10339623,0.91412681,0.047
Affy_10339624,0.24660416,0.403
Affy_10339625,0.49615807,-0.268
Affy_10339626,0.52522035,0.251
Affy_10339627,0.80417298,-0.128
Affy_10339628,0.18113855,1.009
Affy_10339629,0.89748201,-0.047
Affy_10339630,0.12847451,0.764
Affy_10339631,0.68289056,-0.205
Affy_10339632,0.62003477,-0.116
Affy_10339633,0.98416599,-0.013
Affy_10339634,0.29597539,0.527
Affy_10339635,0.41597406,-0.389
Affy_10339636,0.64258284,0.18
Affy_10339637,0.44549093,-0.378
Affy_10339638,0.71278712,-0.173
Affy_10339639,0.6624504,-0.214
Affy_10339640,0.59076564,0.227
Affy_10339641,0.44207705,0.462
Affy_10339642,0.085505339,-0.486
Affy_10339643,0.42811186,0.408
Affy_10339644,0.77666516,-0.214
Affy_10339645,0.22052761,0.493
Arfgef1,0.32574132,-0.537
Affy_10339647,0.94549189,0.045
Affy_10339648,0.22337633,-0.736
Affy_10339649,0.48588391,0.475
Affy_10339650,0.81735263,-0.12
Affy_10339651,0.39501302,0.422
Affy_10339652,0.89670732,-0.027
Fryl,0.67578952,0.109
Affy_10339654,0.78405911,-0.114
Affy_10339655,0.29298431,-0.459
Fryl,0.61121795,0.195
Affy_10339657,0.60521528,0.168
Affy_10339658,0.56087671,0.279
Affy_10339659,0.43113087,0.379
Affy_10339660,0.42366406,-0.385
Affy_10339661,0.86867284,-0.054
Affy_10339662,0.82402575,-0.082
Affy_10339663,0.50048458,0.344
Affy_10339664,0.75828694,-0.105
Affy_10339665,0.78709346,-0.091
Affy_10339666,0.34789003,0.446
Affy_10339667,0.41346247,-0.39
Affy_10339668,0.32013778,0.592
Affy_10339669,0.574386,0.198
Affy_10339670,0.23035825,0.387
Affy_10339671,0.60761665,-0.157
Affy_10339672,0.43119511,0.439
Affy_10339673,0.54204362,-0.33
Affy_10339674,0.10985949,-0.926
Affy_10339675,0.4352218,0.41
Affy_10339676,0.82673814,-0.121
Affy_10339677,0.29783461,0.4
Affy_10339678,0.12583198,-0.652
Affy_10339679,0.62273013,-0.172
Affy_10339680,0.33786674,-0.436
Affy_10339681,0.7950144,-0.154
Anapc1,0.99237956,-0.005
Affy_10339683,0.57666046,-0.264
Affy_10339684,0.041303052,-0.639
Affy_10339685,0.48852457,-0.167
Affy_10339686,0.7420238,-0.186
Affy_10339687,0.9701035,0.036
Affy_10339688,0.89370794,0.079
Affy_10339689,0.76101419,-0.106
Affy_10339690,0.62291024,-0.324
Affy_10339691,0.95294701,-0.034
Affy_10339692,0.26540405,0.651
Affy_10339693,0.016308091,-1.045
Affy_10339694,0.88251172,0.056
Affy_10339695,0.5859198,0.296
Affy_10339696,0.44060773,-0.387
Affy_10339697,0.35970875,-0.207
Affy_10339698,0.731509,0.128
Affy_10339699,0.020115524,1.304
Affy_10339700,0.64709875,0.196
Affy_10339701,0.99403176,-0.004
Affy_10339702,0.39199089,0.367
Affy_10339703,0.31919289,0.545
Affy_10339704,0.72082808,-0.131
Affy_10339705,0.83227447,-0.1
Affy_10339706,0.48833383,-0.335
Affy_10339707,0.60071903,-0.191
Affy_10339708,0.25635568,0.756
Affy_10339709,0.12838895,-0.731
Affy_10339710,0.76403566,-0.07
Affy_10339711,0.28695226,-0.562
Affy_10339712,0.47012377,0.338
Affy_10339713,0.93644275,-0.055
Affy_10339714,0.9406288,0.024
Affy_10339715,0.22167846,-0.486
Affy_10339716,0.70653007,-0.128
Affy_10339717,0.2268668,0.498
Affy_10339718,0.061088723,-0.636
Affy_10339719,0.7053416,0.172
Affy_10339720,0.32995368,0.612
Affy_10339721,0.69981741,0.152
Affy_10339722,0.78846294,0.062
Affy_10339723,0.75808202,0.118
Affy_10339724,0.76500076,0.132
Affy_10339725,0.42284387,0.379
Affy_10339726,0.58260471,-0.208
Affy_10339727,0.67678891,-0.187
Affy_10339728,0.48912321,0.24
Gbf1,0.48368855,-0.208
Affy_10339730,0.3661406,0.372
Affy_10339731,0.45862626,-0.375
Affy_10339732,0.25035462,0.707
Affy_10339733,0.28092324,0.698
Affy_10339734,0.59803825,0.165
Affy_10339735,0.62433463,-0.233
Affy_10339736,0.35440661,-0.288
Affy_10339737,0.1522296,-0.246
Affy_10339738,0.09278139,-0.716
Hmgc1,0.51881759,-0.389
Xpo7,0.2214502,0.318
Copa,0.56973009,0.212
Affy_10339742,0.66261988,0.14
Affy_10339743,0.012695878,-2.305
Affy_10339744,0.28965927,0.68
Affy_10339745,0.64801887,0.326
Affy_10339746,0.036762005,-0.548
Xpo7,0.75643382,-0.123
Affy_10339748,0.24846331,0.404
Affy_10339749,0.18173859,0.292
Affy_10339750,0.18434457,0.74
Affy_10339751,0.1909011,-0.724
Affy_10339752,0.23019791,-0.691
Affy_10339753,0.64043863,0.167
Anapc1,0.5321228,-0.195
Affy_10339755,0.44067061,-0.31
Fryl,0.35760358,0.395
Affy_10339757,0.67119324,0.157
Affy_10339758,0.90152233,0.057
Affy_10339759,0.26448764,-0.417
Affy_10339760,0.012886212,-0.66
Affy_10339761,0.73033276,0.211
Affy_10339762,0.33434636,0.54
Affy_10339763,0.76696228,0.179
Affy_10339764,0.1105005,0.498
Affy_10339765,0.33013631,0.528
Affy_10339766,0.55248544,0.132
Anapc1,0.21172743,0.911
Affy_10339768,0.37186571,0.383
Affy_10339769,0.42206184,0.2
Affy_10339770,0.99532658,0.003
Affy_10339771,0.83054226,-0.162
Affy_10339772,0.5661603,-0.248
Affy_10339773,0.40299288,-0.704
Affy_10339774,0.5689082,0.197
Affy_10339775,0.14603885,-0.577
Affy_10339776,0.72144409,-0.208
Affy_10339777,0.49009283,-0.318
Affy_10339778,0.9786806,-0.014
Affy_10339779,0.37490762,-0.253
Affy_10339780,0.57141387,-0.328
Affy_10339781,0.90430354,-0.03
Affy_10339782,0.63122417,-0.29
Affy_10339783,0.93858584,-0.049
Rab14,0.67930275,0.21
Affy_10339785,0.45927154,0.212
Affy_10339786,0.91313791,-0.039
Psap,0.84088489,0.05
Txndc12,0.63315429,-0.208
Affy_10339789,0.48572683,0.471
Affy_10339790,0.6291643,0.267
Affy_10339791,0.13536163,0.592
Affy_10339792,0.40762252,-0.553
Affy_10339793,0.56888802,-0.228
Rfk,0.26910252,-1.435
Affy_10339795,0.09799461,0.766
Affy_10339796,0.057970281,0.857
Affy_10339797,0.69943161,0.21
Affy_10339798,0.72051782,-0.169
Affy_10339799,0.30384008,0.622
Affy_10339800,0.52984171,-0.289
Affy_10339801,0.43290366,-0.35
Affy_10339802,0.012810747,-0.774
Affy_10339803,0.35345083,0.295
Xpo7,0.53784834,0.242
Affy_10339805,0.44943874,0.44
Affy_10339806,0.90625814,0.05
Ssr3,0.83000727,-0.048
Affy_10339808,0.89753287,-0.142
Affy_10339809,0.031173315,-0.652
Affy_10339810,0.93348869,-0.066
Affy_10339811,0.77228122,-0.183
Affy_10339812,0.66754273,0.14
Affy_10339813,0.72435705,0.129
Affy_10339814,0.31691069,0.342
Affy_10339815,0.77902344,-0.148
Affy_10339816,0.82569637,-0.113
Affy_10339817,0.53959899,-0.287
Affy_10339818,0.096073989,0.835
Affy_10339819,0.89790304,0.062
Affy_10339820,0.82940721,-0.062
Affy_10339821,0.35174148,0.728
Affy_10339822,0.50484243,-0.213
Affy_10339823,0.32824704,0.281
Affy_10339824,0.29399103,0.606
Affy_10339825,0.43425992,-0.308
Affy_10339826,0.78003881,0.213
Affy_10339827,0.50602072,0.262
Affy_10339828,0.89183897,0.084
Affy_10339829,0.91832097,0.064
Affy_10339830,0.084712874,-0.258
Affy_10339831,0.67206837,0.231
Affy_10339832,0.45756179,0.701
Affy_10339833,0.40586422,0.226
Affy_10339834,0.3945482,-0.876
Affy_10339835,0.19863161,-0.706
Affy_10339836,0.88525297,-0.056
Affy_10339837,0.17294915,0.596
Affy_10339838,0.88477758,0.072
Affy_10339839,0.23642106,-0.577
Affy_10339840,0.30663557,-0.385
Affy_10339841,0.77024733,-0.219
Affy_10339842,0.20049901,0.727
Affy_10339843,0.50359513,0.197
Affy_10339844,0.57611883,0.192
Affy_10339845,0.35928713,-0.378
Affy_10339846,0.96555154,-0.03
Affy_10339847,0.71344854,0.136
Affy_10339848,0.40919787,-0.382
Affy_10339849,0.20290633,0.445
Affy_10339850,0.17814114,-0.833
Copa,0.1961024,1.117
Affy_10339852,0.76964245,0.154
Affy_10339853,0.45251128,0.312
Affy_10339854,0.7899445,0.076
Affy_10339855,0.8277241,-0.096
Affy_10339856,0.64862203,0.328
Affy_10339857,0.69900299,-0.151
Affy_10339858,0.17749802,-0.481
Affy_10339859,0.27482811,-0.458
Affy_10339860,0.080006454,-0.969
Affy_10339861,0.13866952,-0.537
Affy_10339862,0.77186114,0.126
Affy_10339863,0.058988508,1.286
Affy_10339864,0.48937009,-0.335
Affy_10339865,0.75237129,-0.179
Affy_10339866,0.27904458,-0.548
Affy_10339867,0.4669733,0.378
Affy_10339868,0.30783234,0.437
Affy_10339869,0.67675365,0.26
Affy_10339870,0.70217582,-0.227
Affy_10339871,0.75084554,-0.155
Affy_10339872,0.029012563,1.654
Affy_10339873,0.38937784,0.292
Affy_10339874,0.60110474,0.139
Affy_10339875,0.49667707,0.317
Copa,0.12924652,0.608
Affy_10339877,0.66651374,-0.104
Affy_10339878,0.8551547,-0.051
Affy_10339879,0.74961578,0.092
Affy_10339880,0.46028593,0.544
Affy_10339881,0.48647931,0.582
Affy_10339882,0.8037821,0.142
Affy_10339883,0.67705633,0.208
Affy_10339884,0.77497737,-0.189
Affy_10339885,0.8323781,-0.031
Affy_10339886,0.4751092,-0.52
Affy_10339887,0.71142711,-0.246
Affy_10339888,0.11606599,0.994
Affy_10339889,0.93785821,0.019
Affy_10339890,0.65266974,-0.141
Affy_10339891,0.88905389,-0.076
Affy_10339892,0.55481484,-0.361
Affy_10339893,0.24722313,0.48
Affy_10339894,0.05886556,-0.507
Affy_10339895,0.36824289,-0.466
Affy_10339896,0.88029795,-0.087
Affy_10339897,0.44966655,-0.376
Affy_10339898,0.46054091,0.307
Affy_10339899,0.89626931,-0.054
Affy_10339900,0.066489846,1.426
Affy_10339901,0.29075959,0.733
Affy_10339902,0.64816133,0.226
Affy_10339903,0.57235728,-0.248
Affy_10339904,0.59394437,0.366
Affy_10339905,0.82730546,-0.102
Affy_10339906,0.33615501,0.419
Affy_10339907,0.49328801,0.46
Affy_10339908,0.14105048,0.397
Affy_10339909,0.21187766,0.734
Affy_10339910,0.51649336,-0.209
Affy_10339911,0.7176866,-0.19
Affy_10339912,0.28085231,0.653
Affy_10339913,0.21115885,0.428
Affy_10339914,0.9572966,-0.03
Affy_10339915,0.98376761,0.012
Affy_10339916,0.74022136,-0.141
Affy_10339917,0.84087345,-0.117
Affy_10339918,0.63273766,-0.274
Affy_10339919,0.85894448,0.067
Affy_10339920,0.61980047,0.281
Affy_10339921,0.65706566,-0.231
Affy_10339922,0.11356248,0.905
Affy_10339923,0.76936075,0.204
Affy_10339924,0.49133816,0.235
Affy_10339925,0.37326533,0.466
Affy_10339926,0.26832887,-0.536
Affy_10339927,0.96724355,0.022
Affy_10339928,0.92599391,-0.022
Affy_10339929,0.73355995,0.165
Affy_10339930,0.70698452,0.148
Affy_10339931,0.48704805,0.229
Affy_10339932,0.09916697,-0.613
Affy_10339933,0.73325438,-0.227
Affy_10339934,0.62663018,0.226
Affy_10339935,0.61775373,-0.239
Affy_10339936,0.70657784,0.104
Affy_10339937,0.78405456,0.088
Affy_10339938,0.70280705,0.283
Affy_10339939,0.22727725,0.323
Affy_10339940,0.92530402,0.054
Affy_10339941,0.63275151,-0.258
Affy_10339942,0.178039,-0.468
Affy_10339943,0.25663532,0.438
Affy_10339944,0.60063414,-0.29
Affy_10339945,0.056396576,1.091
Affy_10339946,0.66959683,0.242
Affy_10339947,0.74583764,-0.117
Affy_10339948,0.62345719,0.211
Affy_10339949,0.48489256,-0.352
Affy_10339950,0.96308968,0.028
Affy_10339951,0.99266316,0.007
Affy_10339952,0.68707339,0.237
Affy_10339953,0.94344154,-0.024
Affy_10339954,0.50615072,0.5
Affy_10339955,0.092928414,-0.621
Affy_10339956,0.191106,-0.222
Affy_10339957,0.94317331,0.017
Affy_10339958,0.57390264,-0.185
Affy_10339959,0.46708872,-0.201
Affy_10339960,0.45985123,-0.307
Affy_10339961,0.69798749,-0.117
Affy_10339962,0.49055549,0.277
Affy_10339963,0.98410914,-0.004
Affy_10339964,0.71379593,-0.153
Affy_10339965,0.046265427,0.741
Affy_10339966,0.2872843,0.583
Affy_10339967,0.88532389,0.034
Affy_10339968,0.48360934,0.289
Affy_10339969,0.52841578,0.351
Affy_10339970,0.54854652,0.37
Affy_10339971,0.41412299,0.528
Affy_10339972,0.66372734,-0.284
Affy_10339973,0.37531943,-0.457
Affy_10339974,0.77016979,0.101
Affy_10339975,0.10660686,0.656
Affy_10339976,0.40691184,0.345
Affy_10339977,0.7717556,0.15
Affy_10339978,0.015962388,-2.396
Affy_10339979,0.88892437,0.058
Affy_10339980,0.651472,0.133
Affy_10339981,0.36334389,-0.394
Affy_10339982,0.42380498,0.199
Affy_10339983,0.62110447,0.315
Affy_10339984,0.58216765,0.242
Affy_10339985,0.077880335,-1.026
Affy_10339986,0.068645617,0.804
Affy_10339987,0.40591618,0.442
Affy_10339988,0.65460308,0.138
Affy_10339989,0.80938275,0.149
Affy_10339990,0.77774291,0.153
Affy_10339991,0.88519323,-0.081
Affy_10339992,0.74518809,-0.117
Affy_10339993,0.22417235,-0.279
Affy_10339994,0.73180662,0.213
Affy_10339995,0.68281035,-0.219
Affy_10339996,0.85136329,-0.058
Affy_10339997,0.50086749,0.294
Affy_10339998,0.71952137,0.252
Affy_10339999,0.93152996,0.03
Affy_10340000,0.52291208,0.447
Affy_10340001,0.6141885,0.17
Affy_10340002,0.062152168,0.946
Affy_10340003,0.43829106,-0.244
Affy_10340004,0.70066174,-0.139
Affy_10340005,0.42833427,-0.182
Affy_10340006,0.60331128,0.231
Affy_10340007,0.91618578,-0.06
Affy_10340008,0.53831706,0.358
Affy_10340009,0.42932942,-0.494
Affy_10340010,0.32649609,0.266
Affy_10340011,0.86559936,0.063
Affy_10340012,0.90791577,-0.066
Ube2g1,0.930752,0.032
Affy_10340014,0.57591491,-0.296
Affy_10340015,0.55128019,-0.303
Affy_10340016,0.69977489,-0.212
Affy_10340017,0.38443234,0.313
Affy_10340018,0.71295712,0.165
Affy_10340019,0.78192748,0.113
Affy_10340020,0.32863188,-0.504
Affy_10340021,0.20830807,-0.73
Affy_10340022,0.002611659,1.064
Affy_10340023,0.66760857,-0.174
Affy_10340024,0.40429121,-0.39
Psap,0.70171473,-0.082
Affy_10340026,0.76920169,-0.179
Affy_10340027,0.42521193,-0.326
Affy_10340028,0.41655528,-0.109
Affy_10340029,0.20195308,0.712
Affy_10340030,0.91982031,0.07
Affy_10340031,0.5280621,0.214
Affy_10340032,0.33426284,0.497
Affy_10340033,0.14000216,-0.901
Affy_10340034,0.47162925,0.285
Affy_10340035,0.20245106,-0.713
Affy_10340036,0.22018501,0.52
Affy_10340037,0.49704595,0.243
Affy_10340038,0.38272302,0.307
Affy_10340039,0.47288539,0.188
Affy_10340040,0.16386869,-0.767
Affy_10340041,0.33192816,-0.338
Affy_10340042,0.40292045,-0.434
Affy_10340043,0.1316031,1.478
Affy_10340044,0.18277793,0.69
Affy_10340045,0.40265841,-0.346
Affy_10340046,0.89287771,0.056
Affy_10340047,0.24935692,0.657
Affy_10340048,0.26966283,0.83
Affy_10340049,0.65854826,-0.156
Affy_10340050,0.50464586,0.252
Affy_10340051,0.53002374,0.306
Affy_10340052,0.47125024,-0.35
Affy_10340053,0.96938626,0.015
Affy_10340054,0.44687277,0.222
Affy_10340055,0.91398048,-0.049
Affy_10340056,0.35777857,0.343
Affy_10340057,0.50923654,0.453
Affy_10340058,0.44551353,-0.242
Affy_10340059,0.9220757,-0.046
Affy_10340060,0.4434571,0.328
Affy_10340061,0.71602456,0.217
Affy_10340062,0.99224675,0.004
Affy_10340063,0.82409139,0.099
Affy_10340064,0.73553143,-0.119
Copa,0.89546025,0.169
Affy_10340066,0.21241731,0.305
Affy_10340067,0.051956647,-0.817
Affy_10340068,0.061931715,-0.713
Affy_10340069,0.54637215,0.301
Affy_10340070,0.64587178,-0.149
Affy_10340071,0.064310047,1.417
Affy_10340072,0.468738,0.312
Affy_10340073,0.81622341,-0.077
Affy_10340074,0.52264449,-0.179
Affy_10340075,0.52844177,-0.335
Affy_10340076,1,0
Affy_10340077,0.82980333,-0.084
Affy_10340078,0.99403622,0.002
Affy_10340079,0.98184123,0.018
Affy_10340080,0.45235837,-0.496
Affy_10340081,0.26381448,0.311
Affy_10340082,0.54796098,-0.254
Affy_10340083,0.86884689,-0.129
Affy_10340084,0.14343032,0.847
Affy_10340085,0.37718695,-0.435
Affy_10340086,0.22711202,0.519
Affy_10340087,0.57301366,0.248
Affy_10340088,0.44914503,0.387
Affy_10340089,0.56175936,0.599
Affy_10340090,0.58372799,-0.32
Affy_10340091,0.5030964,0.332
Affy_10340092,0.18333025,0.311
Affy_10340093,0.66257747,-0.158
Rfk,0.10238702,-0.821
Affy_10340095,0.67281338,-0.244
Affy_10340096,0.78634167,-0.14
Affy_10340097,0.98456033,0.005
Affy_10340098,0.54483916,0.273
Affy_10340099,0.97482943,-0.019
Affy_10340100,0.69762856,0.168
Affy_10340101,0.65698633,0.249
Affy_10340102,0.53570422,0.322
Affy_10340103,0.41236243,0.442
Affy_10340104,0.28310615,0.461
Affy_10340105,0.67345828,-0.143
Affy_10340106,0.030550734,-0.593
Affy_10340107,0.90175648,-0.047
Affy_10340108,0.16068479,-0.644
Affy_10340109,0.60266145,0.25
Affy_10340110,0.84045021,-0.158
Affy_10340111,0.75975786,0.176
Affy_10340112,0.63102707,0.232
Affy_10340113,0.98718057,0.007
Affy_10340114,0.88454264,-0.09
LTR_Affy_10340115,0.36168836,0.345
Affy_10340116,0.48484672,0.438
Affy_10340117,0.74614683,-0.176
Affy_10340118,0.72238812,0.147
Affy_10340119,0.44537095,-0.489
Affy_10340120,0.50233437,0.307
Nmt1,0.34043169,0.242
Affy_10340122,0.53893241,0.204
Affy_10340123,0.005710344,1.264
Affy_10340124,0.091053271,0.888
Dhrs1,0.76559509,-0.083
Affy_10340126,0.77059193,0.148
Affy_10340127,0.85554748,0.114
Affy_10340128,0.8400325,0.084
Affy_10340129,0.87140083,-0.05
Affy_10340130,0.6418018,-0.208
Affy_10340131,0.61947047,0.218
Affy_10340132,0.18040233,0.549
Affy_10340133,0.73314963,-0.174
Affy_10340134,0.13285109,0.8
Affy_10340135,0.10522988,0.792
Affy_10340136,0.3549536,0.501
Affy_10340137,0.62325828,0.3
Affy_10340138,0.93021649,0.044
Affy_10340139,0.072217974,-0.713
Affy_10340140,0.44428351,-0.184
Affy_10340141,0.61819038,-0.566
Affy_10340142,0.46842523,0.488
Affy_10340143,0.007907609,-1.236
Affy_10340144,0.23418546,-0.5
Affy_10340145,0.19499972,0.646
Affy_10340146,0.60516582,-0.228
Affy_10340147,0.28288139,0.565
Affy_10340148,0.26542463,0.69
Affy_10340149,0.12621743,0.787
Affy_10340150,0.4909608,0.364
Affy_10340151,0.059858791,-0.862
Affy_10340152,0.20407956,-0.521
Affy_10340153,0.95023789,0.031
Affy_10340154,0.67403701,-0.223
Rfk,0.21242678,-1.595
Affy_10340156,0.33876106,0.545
Affy_10340157,0.000252691,1.458
Affy_10340158,0.97795966,-0.013
Affy_10340159,0.82964281,0.086
Affy_10340160,0.88396671,0.077
Affy_10340161,0.83347781,-0.093
Affy_10340162,0.75256669,-0.144
Affy_10340163,0.84913089,0.048
Affy_10340164,0.60733391,-0.228
Affy_10340165,0.55902405,-0.25
Affy_10340166,0.77407996,-0.132
Affy_10340167,0.78363748,-0.132
Affy_10340168,0.72396251,0.098
Affy_10340169,0.92244357,-0.058
Affy_10340170,0.29083576,-0.399
Affy_10340171,0.062387807,0.893
Affy_10340172,0.66006859,0.156
Affy_10340173,0.73861344,-0.228
Affy_10340174,0.44245777,-0.266
Affy_10340175,0.32380093,-0.393
Ppm1a,0.39544645,0.268
Affy_10340177,0.78391254,-0.068
Affy_10340178,0.18930731,0.485
Affy_10340179,0.16255226,1.092
Affy_10340180,0.33096474,-0.468
Affy_10340181,0.51948268,-0.177
Affy_10340182,0.21544269,0.626
Affy_10340183,0.75158432,0.194
Affy_10340184,0.75434066,-0.104
Affy_10340185,0.49276761,0.265
Affy_10340186,0.28662145,0.546
Affy_10340187,0.028814658,0.918
Affy_10340188,0.78513437,0.078
Affy_10340189,0.84079495,-0.107
Affy_10340190,0.56611087,-0.256
Affy_10340191,0.5776628,0.131
Affy_10340192,0.54920628,0.28
Affy_10340193,0.7504698,-0.145
Affy_10340194,0.80427381,0.068
Affy_10340195,0.56146549,-0.228
Affy_10340196,0.92604877,0.038
Affy_10340197,0.77857532,0.285
Affy_10340198,0.12033183,-0.697
Affy_10340199,0.89051679,0.067
Affy_10340200,0.70182197,0.164
Affy_10340201,0.87587208,-0.087
Affy_10340202,0.61636434,0.24
Affy_10340203,0.48358218,-0.139
Affy_10340204,0.76121967,-0.094
Affy_10340205,0.30569362,0.365
Affy_10340206,0.41787592,-0.19
Affy_10340207,0.7526542,-0.164
Affy_10340208,0.88618628,0.042
Affy_10340209,0.99669659,-0.002
Affy_10340210,0.81395945,-0.069
Affy_10340211,0.11699031,-0.63
Affy_10340212,0.4415819,-0.18
Affy_10340213,0.81716625,0.103
Copa,0.059861658,-2.058
Affy_10340215,0.29950397,-0.382
Affy_10340216,0.98960703,0.008
Affy_10340217,0.49761805,-0.143
Affy_10340218,0.58173975,-0.304
Fryl,0.72636036,-0.091
Affy_10340220,0.46372449,0.516
Affy_10340221,0.60030899,-0.223
Affy_10340222,0.67619243,0.226
Affy_10340223,0.90978556,0.065
Affy_10340224,0.60654854,0.259
Affy_10340225,0.82164699,-0.099
Affy_10340226,0.18253977,0.75
Affy_10340227,0.59756167,0.202
Affy_10340228,0.91120577,-0.068
Affy_10340229,0.83839577,0.1
Affy_10340230,0.27113566,-0.327
Affy_10340231,1,0
Affy_10340232,0.95706968,0.021
Affy_10340233,0.44877275,0.317
Affy_10340234,0.97097673,-0.01
Affy_10340235,0.68778766,0.186
Copa,0.52231293,0.461
Affy_10340237,0.56822438,0.246
Affy_10340238,0.40465386,-0.248
Affy_10340239,0.22102323,-0.58
Affy_10340240,0.82003645,-0.13
Affy_10340241,0.64763496,0.133
Affy_10340242,0.45308476,0.281
Affy_10340243,0.78859214,-0.105
Affy_10340244,0.64091552,-0.226
Affy_10340245,0.67645607,0.202
Affy_10340246,0.49748419,0.202
Affy_10340247,0.66664413,0.192
Affy_10340248,0.68723715,-0.196
Affy_10340249,0.48464662,0.265
Affy_10340250,0.8063812,0.134
Affy_10340251,0.79449314,0.121
Affy_10340252,0.9201763,0.062
Ube2g1,0.59693708,-0.474
Affy_10340254,0.73662105,0.17
Affy_10340255,0.46484805,0.36
Affy_10340256,0.59840021,-0.134
Affy_10340257,0.44660172,0.349
Affy_10340258,0.50557939,0.34
Affy_10340259,0.32586952,-0.247
Ywhaq,0.96381425,0.016
Affy_10340261,0.38746057,0.503
Affy_10340262,0.7536897,-0.148
Affy_10340263,0.70691793,0.19
Affy_10340264,0.42223102,-0.382
Affy_10340265,0.84321924,-0.097
Affy_10340266,0.11812722,0.458
Affy_10340267,0.71564976,0.139
Affy_10340268,0.15577152,-0.802
Affy_10340269,0.87581579,0.049
Affy_10340270,0.14583089,0.696
Affy_10340271,0.68632694,0.075
Affy_10340272,0.40522759,-0.701
Affy_10340273,0.7726494,-0.075
Affy_10340274,0.41911048,0.567
Affy_10340275,0.56239087,0.266
Affy_10340276,0.18262305,-0.763
Affy_10340277,0.47344682,-0.421
Affy_10340278,0.86384946,-0.076
Affy_10340279,0.95454021,0.021
Affy_10340280,0.97084623,-0.013
Affy_10340281,0.31437996,-0.436
Serpina1b,0.39269443,-0.222
Affy_10340283,0.66874284,0.152
Affy_10340284,0.74793803,-0.107
Affy_10340285,0.73694023,0.138
Affy_10340286,0.8762255,0.114
Affy_10340287,0.88460961,-0.028
Affy_10340288,0.22972413,0.433
Affy_10340289,0.47302909,-0.485
Affy_10340290,0.18972751,-0.551
Affy_10340291,0.99596242,0.002
Affy_10340292,0.52793855,0.3
Affy_10340293,0.079603168,-0.174
Affy_10340294,0.083938042,-0.629
Affy_10340295,0.40874143,-0.372
Affy_10340296,0.96442087,0.02
Ube2g1,0.22282416,1.36
Affy_10340298,0.36189716,-0.597
Affy_10340299,0.82586461,-0.085
Affy_10340300,0.4980533,0.24
Affy_10340301,0.1750101,0.872
Affy_10340302,0.51056883,-0.283
Affy_10340303,0.69485615,0.165
Affy_10340304,0.69139465,0.203
Affy_10340305,0.43321237,-0.395
Affy_10340306,0.35817766,0.36
Affy_10340307,0.95905701,-0.019
Affy_10340308,0.63960169,0.186
Affy_10340309,0.90662436,-0.082
Affy_10340310,0.96635172,0.028
Affy_10340311,0.36898271,-0.399
Affy_10340312,0.84945818,-0.083
Affy_10340313,0.19043713,0.766
Affy_10340314,0.32871992,0.473
Affy_10340315,0.96132813,0.012
Affy_10340316,0.12329677,-0.587
Affy_10340317,0.87081468,0.096
Affy_10340318,0.48976849,-0.295
Affy_10340319,0.72951582,0.082
Affy_10340320,0.75203059,0.223
Affy_10340321,0.86974523,-0.087
Affy_10340322,0.76315111,-0.079
Affy_10340323,0.43559921,-0.244
Affy_10340324,0.79044358,-0.106
Affy_10340325,0.7628127,0.213
Affy_10340326,0.9846944,-0.013
Affy_10340327,0.7422708,-0.158
Affy_10340328,0.546978,0.243
Affy_10340329,0.76561683,-0.094
Affy_10340330,0.43080168,0.342
Affy_10340331,0.59517777,-0.21
Affy_10340332,0.67389323,-0.266
Affy_10340333,0.75858002,0.289
Affy_10340334,0.37476202,0.683
Affy_10340335,0.66853677,0.142
Affy_10340336,0.76816858,0.161
Affy_10340337,0.66772732,0.221
Affy_10340338,0.22154994,0.636
Affy_10340339,0.57020435,0.419
Affy_10340340,0.73469294,0.177
Affy_10340341,0.9460881,-0.03
Affy_10340342,0.4469198,-0.195
Affy_10340343,0.75987373,0.189
Affy_10340344,0.92071853,0.041
Affy_10340345,0.87940516,-0.063
Affy_10340346,0.66434235,-0.262
Affy_10340347,0.62306774,0.19
Affy_10340348,0.19666617,0.535
Affy_10340349,0.92380887,0.059
Affy_10340350,0.7531684,-0.3
Affy_10340351,0.35523921,0.5
Affy_10340352,0.17426254,-0.459
Affy_10340353,0.53193413,0.431
Affy_10340354,0.95343436,-0.029
Affy_10340355,0.85862548,0.074
Affy_10340356,0.65042392,-0.194
Affy_10340357,0.38428104,0.756
Affy_10340358,0.59185719,-0.245
Affy_10340359,0.92056691,-0.075
Affy_10340360,0.88332134,0.093
Affy_10340361,0.91329111,-0.029
Affy_10340362,0.68531918,-0.206
Copa,0.78047862,0.075
Affy_10340364,0.41208078,0.356
Affy_10340365,0.86874232,0.072
Affy_10340366,0.16129862,-0.31
Affy_10340367,0.31739103,0.803
Affy_10340368,0.16488998,0.426
Affy_10340369,0.61270691,-0.222
Affy_10340370,0.57628107,-0.1
Affy_10340371,0.96343083,-0.015
Affy_10340372,0.91630715,0.059
Affy_10340373,0.11215872,0.635
Affy_10340374,0.60009611,0.268
Affy_10340375,0.59924475,0.223
Affy_10340376,0.44078423,-0.545
Affy_10340377,0.55324901,-0.393
Affy_10340378,0.42646517,-0.176
Affy_10340379,0.8890248,-0.052
Affy_10340380,0.94878958,0.02
Affy_10340381,0.32660044,0.574
Affy_10340382,0.55761837,-0.462
Affy_10340383,0.81542051,-0.1
Cic,0.34669699,-0.369
Affy_10340385,0.30449424,0.808
Affy_10340386,0.26938991,0.477
Affy_10340387,0.94341598,-0.021
Affy_10340388,0.8029398,0.097
Affy_10340389,0.31932799,-0.15
Affy_10340390,0.71897897,0.108
Affy_10340391,0.97058316,0.021
Affy_10340392,0.1409775,-1.36
Affy_10340393,0.62698857,-0.242
Affy_10340394,0.43370328,0.51
Affy_10340395,0.73273954,0.156
Affy_10340396,0.89307242,0.083
Affy_10340397,0.984437,0.009
Affy_10340398,0.53549675,-0.211
Affy_10340399,0.49175381,-0.424
Affy_10340400,0.19278039,0.9
Affy_10340401,0.63894663,-0.279
Affy_10340402,0.60932559,0.284
Affy_10340403,0.83859122,-0.085
Affy_10340404,0.71539429,-0.23
Affy_10340405,0.92379135,0.058
Affy_10340406,0.45185864,0.258
Affy_10340407,0.67243584,-0.218
Affy_10340408,0.4135179,-0.241
Affy_10340409,0.78062306,0.106
Affy_10340410,0.46692327,0.276
Affy_10340411,0.65899502,-0.179
Affy_10340412,0.92076317,0.033
Affy_10340413,0.24012646,0.692
Affy_10340414,0.78659664,-0.144
Affy_10340415,0.92020842,-0.039
Affy_10340416,0.70172676,0.218
Affy_10340417,0.4456322,-0.389
Affy_10340418,0.3418965,0.349
Affy_10340419,0.56185139,0.281
Affy_10340420,0.25263309,-0.335
Affy_10340421,0.12762829,1.343
Affy_10340422,0.75499454,-0.28
Fryl,0.032179488,0.916
Affy_10340424,0.8706041,-0.098
Affy_10340425,0.3942869,-0.359
Affy_10340426,0.66998496,-0.292
Affy_10340427,0.72147841,0.07
Affy_10340428,0.16485515,-0.229
Affy_10340429,0.28390932,-0.398
Affy_10340430,0.59304816,0.354
Affy_10340431,0.89981147,0.057
Affy_10340432,0.36715271,0.382
Affy_10340433,0.39424979,0.446
Affy_10340434,0.063168831,1.221
Affy_10340435,0.80917462,-0.113
Affy_10340436,0.3625871,-0.52
Affy_10340437,0.98177532,0.011
Affy_10340438,0.37675732,0.346
Affy_10340439,0.79637491,-0.098
Affy_10340440,0.81889458,-0.122
Affy_10340441,0.92455413,-0.023
Affy_10340442,0.89116024,0.046
Affy_10340443,0.60780864,0.284
Affy_10340444,0.52449035,-0.115
Affy_10340445,0.10981552,0.67
Affy_10340446,0.89686132,-0.05
Affy_10340447,0.34752046,0.409
Affy_10340448,0.73615036,0.187
Affy_10340449,0.79531521,0.111
Affy_10340450,0.60506981,0.182
Affy_10340451,0.7270317,-0.214
Affy_10340452,0.090171175,-1.094
Affy_10340453,0.95491493,0.037
Affy_10340454,0.15339103,0.493
Affy_10340455,0.051203163,-0.739
Affy_10340456,0.96832877,-0.016
Affy_10340457,0.40350229,-0.463
Affy_10340458,0.17814294,-0.267
Affy_10340459,0.61040508,-0.265
Affy_10340460,0.62386333,0.1
Affy_10340461,0.2307697,-0.75
Affy_10340462,0.78408779,0.161
Affy_10340463,0.30626604,0.501
Affy_10340464,0.45606024,0.266
Affy_10340465,0.37932691,-0.343
Naa60,0.13255863,-0.566
Affy_10340467,0.50402654,0.227
Affy_10340468,0.78747899,0.124
Affy_10340469,0.6542849,0.26
Affy_10340470,0.076996716,0.8
Affy_10340471,0.5452255,0.326
Affy_10340472,0.060751986,0.846
Repeat_Affy_10340473,0.33548195,-0.46
Affy_10340474,0.80974015,-0.284
Affy_10340475,0.051780797,-0.701
Affy_10340476,0.70348055,-0.189
Affy_10340477,0.75656075,-0.166
Affy_10340478,0.52994374,0.358
Affy_10340479,0.49571745,-0.228
Affy_10340480,0.75402375,-0.265
Affy_10340481,0.57552582,-0.182
Affy_10340482,0.35251231,0.632
Affy_10340483,0.006111773,0.753
Affy_10340484,0.27829711,-0.469
Affy_10340485,0.62800692,0.118
Affy_10340486,0.81859114,0.073
Affy_10340487,0.68024479,0.213
Affy_10340488,0.15053818,-0.332
Affy_10340489,0.25986168,0.431
Anapc1,0.31948901,-0.231
Affy_10340491,0.15583816,0.763
Affy_10340492,0.55863146,-0.285
Affy_10340493,0.32846445,-0.498
Affy_10340494,0.85409611,-0.04
Affy_10340495,0.6962209,-0.117
Affy_10340496,0.01763288,-1.404
Affy_10340497,0.81905532,-0.06
Affy_10340498,0.15554489,0.458
Affy_10340499,0.46802736,-0.483
Affy_10340500,0.49282422,-0.365
Affy_10340501,0.84629562,0.124
Golm1,0.26244643,-0.638
Affy_10340503,0.71131778,0.127
Affy_10340504,0.58282677,0.207
Affy_10340505,0.58288402,0.278
Affy_10340506,0.52168075,-0.431
Affy_10340507,0.88092932,-0.056
Affy_10340508,0.5879567,-0.31
Affy_10340509,0.2471784,0.394
Affy_10340510,0.51942012,0.218
Affy_10340511,0.60118511,0.264
Affy_10340512,0.75362567,-0.124
Affy_10340513,0.58599369,0.276
Affy_10340514,0.17521464,0.677
Affy_10340515,0.58121641,-0.202
Affy_10340516,0.18285759,-0.478
Affy_10340517,0.62646805,-0.288
Affy_10340518,0.65816134,-0.258
Affy_10340519,0.23932591,-0.682
Affy_10340520,0.28709605,-0.553
Affy_10340521,0.26419284,0.5
Affy_10340522,0.38795224,-0.382
Affy_10340523,0.57433916,-0.267
Affy_10340524,0.50252454,0.354
Affy_10340525,0.44001233,0.371
Affy_10340526,0.67983231,0.19
Affy_10340527,0.97100335,-0.023
Affy_10340528,0.54627977,0.32
Affy_10340529,0.3099539,-0.414
Affy_10340530,0.82767364,-0.074
Affy_10340531,0.17726851,-0.286
Affy_10340532,0.20280518,0.682
Affy_10340533,0.58158081,0.209
Affy_10340534,0.38408466,-0.213
Affy_10340535,0.9493888,0.021
Affy_10340536,0.1405677,0.8
Affy_10340537,0.22385818,0.451
Affy_10340538,0.21515206,-0.562
Pabpn1,0.50609705,0.142
Affy_10340540,0.69623573,-0.133
Affy_10340541,0.64271415,0.264
Affy_10340542,0.23612902,-0.514
Affy_10340543,0.95785789,0.015
Affy_10340544,0.2672759,0.42
Affy_10340545,0.35226547,0.366
Affy_10340546,0.67423054,0.087
Affy_10340547,0.6697817,-0.194
Affy_10340548,0.17471437,0.821
Affy_10340549,0.63658752,0.28
Affy_10340550,0.9661843,0.025
Affy_10340551,0.57180485,-0.225
Affy_10340552,0.22128166,0.421
Affy_10340553,0.89593171,-0.035
Affy_10340554,0.86044227,0.086
Affy_10340555,0.75446884,-0.083
Affy_10340556,0.98283282,-0.008
Affy_10340557,0.97158911,-0.018
Affy_10340558,0.14372632,0.698
Affy_10340559,0.68424827,-0.165
Affy_10340560,0.58113681,-0.674
Affy_10340561,0.39618587,-0.325
Affy_10340562,0.14272571,0.351
Affy_10340563,0.53859771,-0.121
Affy_10340564,0.71827745,0.18
Affy_10340565,0.96073928,-0.034
Affy_10340566,0.54029743,0.286
Affy_10340567,0.82342795,0.13
Affy_10340568,0.83576205,-0.066
Affy_10340569,0.46247472,-0.166
Affy_10340570,0.96724731,0.013
Affy_10340571,0.6951495,-0.114
Affy_10340572,0.32339507,0.201
Copa,0.32225999,0.312
Affy_10340574,0.48863137,-0.253
Affy_10340575,0.8244804,0.092
Affy_10340576,0.96819899,0.018
Affy_10340577,0.74042924,-0.248
Affy_10340578,0.96418144,-0.025
Affy_10340579,0.2486351,-0.519
Affy_10340580,0.44720702,-0.177
Affy_10340581,0.84326674,-0.082
Affy_10340582,0.77842943,0.25
Affy_10340583,0.96239195,-0.024
Affy_10340584,0.23218532,-0.297
Affy_10340585,0.36162916,-0.226
Affy_10340586,0.39110481,0.436
Affy_10340587,0.47954296,0.428
Snrnp27,0.25633502,0.658
Affy_10340589,0.76283637,-0.067
Affy_10340590,0.77820076,0.157
Affy_10340591,0.85790719,-0.07
Affy_10340592,0.51099242,0.236
Affy_10340593,0.45691842,0.352
Affy_10340594,0.91609042,0.043
Affy_10340595,0.39920322,0.304
Affy_10340596,0.57498572,-0.249
Affy_10340597,0.52363776,0.226
Affy_10340598,0.99023587,-0.005
Affy_10340599,0.80091293,-0.088
Copa,0.1639658,-0.283
Affy_10340601,0.17766593,-0.623
Rab7,0.36345414,-0.204
Affy_10340603,0.51659079,0.31
Affy_10340604,0.25102654,0.387
Affy_10340605,0.63236112,0.208
Affy_10340606,0.9867113,-0.005
Affy_10340607,0.6413873,0.262
Affy_10340608,0.60970522,-0.151
Affy_10340609,0.47906957,-0.18
Affy_10340610,0.27260495,0.554
Affy_10340611,0.64419457,0.09
Affy_10340612,0.29588986,0.549
Affy_10340613,0.33673893,0.519
Affy_10340614,0.55401113,0.296
Affy_10340615,0.24462119,0.637
Affy_10340616,0.09065159,0.759
Affy_10340617,0.9954947,0.002
Affy_10340618,0.69879887,-0.131
Affy_10340619,0.6412368,-0.146
Affy_10340620,0.50164142,0.343
Affy_10340621,0.87374703,-0.046
Affy_10340622,0.2997932,0.312
Affy_10340623,0.93620921,0.042
Affy_10340624,0.30309027,0.55
Affy_10340625,0.097307937,0.86
Affy_10340626,0.31601513,0.554
Affy_10340627,0.58455516,0.294
Affy_10340628,0.70316904,-0.129
Affy_10340629,0.3816661,0.493
Affy_10340630,0.50126478,0.241
Affy_10340631,0.36465885,0.86
Affy_10340632,0.83774146,-0.074
Affy_10340633,0.45716599,-0.176
Affy_10340634,0.53528045,0.282
Affy_10340635,0.18483465,0.542
Affy_10340636,0.17235381,-0.446
Affy_10340637,0.46608994,-0.315
Affy_10340638,0.090489489,0.957
Affy_10340639,0.86251711,-0.041
Affy_10340640,0.67161639,-0.154
Affy_10340641,0.17854735,0.786
Affy_10340642,0.22684921,-0.472
Affy_10340643,0.77676866,-0.079
Affy_10340644,0.7935873,0.106
Affy_10340645,0.72603244,0.241
Affy_10340646,0.95742374,0.021
Affy_10340647,0.7910755,0.071
Affy_10340648,0.21443679,0.752
Affy_10340649,0.19336244,0.618
Affy_10340650,0.76836216,-0.298
Affy_10340651,0.22989602,0.346
Affy_10340652,0.28062379,0.37
Affy_10340653,0.66529357,-0.101
Affy_10340654,0.66171383,-0.094
Affy_10340655,0.72801537,0.208
Derl1,0.20877033,0.437
Affy_10340657,0.37662898,0.318
Affy_10340658,0.69169997,-0.117
Affy_10340659,0.78790152,0.175
Affy_10340660,0.65250909,0.242
Affy_10340661,0.94012133,-0.018
Affy_10340662,0.41676559,0.712
Affy_10340663,0.37953249,-0.332
Affy_10340664,0.43340793,0.419
Affy_10340665,0.71180963,0.181
Affy_10340666,0.97674002,0.011
Affy_10340667,0.16687231,0.565
Affy_10340668,0.59942284,0.285
Affy_10340669,0.89240014,-0.038
Affy_10340670,0.81454973,-0.164
Affy_10340671,0.67455472,0.203
Affy_10340672,0.09551436,0.399
Affy_10340673,0.45225857,0.287
Affy_10340674,0.27812959,0.491
Affy_10340675,0.66687173,0.183
Affy_10340676,0.65896181,0.269
Affy_10340677,0.82982968,0.079
Affy_10340678,0.35509062,-0.43
Affy_10340679,0.50777258,0.328
Affy_10340680,0.96770518,0.02
Affy_10340681,0.65933628,-0.154
Affy_10340682,0.75845279,-0.199
Affy_10340683,0.086076073,0.807
Affy_10340684,0.23043182,0.605
Affy_10340685,0.82400828,0.06
Affy_10340686,0.93708392,-0.047
Affy_10340687,0.71263501,-0.13
Affy_10340688,0.50461407,0.389
Affy_10340689,0.56094152,0.231
Affy_10340690,0.80717691,0.163
Affy_10340691,0.92930076,0.047
Affy_10340692,0.48367354,0.491
Affy_10340693,0.44326759,0.292
Affy_10340694,0.68310524,0.17
Affy_10340695,0.98942606,0.006
Affy_10340696,0.71563113,-0.211
Affy_10340697,0.088449528,-1.036
Affy_10340698,0.97538138,-0.014
Affy_10340699,0.71032207,0.243
Xpo7,0.27915985,0.408
Affy_10340701,0.11320536,-0.576
Affy_10340702,0.9401837,0.044
Affy_10340703,0.64871683,0.187
Affy_10340704,0.25137282,0.548
Anapc1,0.19708243,0.882
Affy_10340706,0.18892921,-0.536
Affy_10340707,0.50511578,0.313
Affy_10340708,0.7582872,-0.14
Affy_10340709,0.82377097,-0.087
Affy_10340710,0.30284125,0.288
Ankrd17,0.63002361,0.191
Affy_10340712,0.38112229,-0.418
Affy_10340713,0.64375836,0.183
Affy_10340714,0.5163845,-0.274
Affy_10340715,0.76204856,-0.11
Affy_10340716,0.33807653,0.428
Affy_10340717,0.3035774,-0.33
Affy_10340718,0.2807286,0.796
Affy_10340719,0.83318857,-0.126
Affy_10340720,0.98006098,-0.005
Hb1bp3,0.69927614,0.134
Affy_10340722,0.38888806,0.851
Affy_10340723,0.12497131,-0.709
Affy_10340724,0.94721965,-0.049
Affy_10340725,0.80293604,-0.148
Affy_10340726,0.4606963,-0.362
Affy_10340727,0.43932708,0.218
Affy_10340728,0.94457409,-0.025
Affy_10340729,0.80997521,0.069
Affy_10340730,0.55763073,-0.28
Affy_10340731,0.52175315,0.308
Affy_10340732,0.83390491,0.101
Affy_10340733,0.77113744,0.128
Affy_10340734,0.49410305,0.267
Affy_10340735,0.77576825,0.117
Affy_10340736,0.90052869,-0.049
Affy_10340737,0.88580297,-0.05
Affy_10340738,0.52082167,-0.275
Affy_10340739,0.49624123,0.327
Affy_10340740,0.054917333,0.741
Affy_10340741,0.92041014,-0.044
Vta1,0.14020638,0.962
Affy_10340743,0.79271329,0.164
Affy_10340744,0.58730779,-0.152
Affy_10340745,0.56875066,-0.292
Affy_10340746,0.73360263,0.196
Affy_10340747,0.83473952,0.146
Affy_10340748,0.96139585,0.026
Affy_10340749,0.87540428,-0.094
Affy_10340750,0.043487143,-1.09
Affy_10340751,0.94478501,-0.036
Affy_10340752,0.36395721,-0.35
Affy_10340753,0.88545005,-0.085
Copa,0.92658077,0.018
Affy_10340755,0.59785373,0.277
Affy_10340756,0.61946104,0.257
Affy_10340757,0.98832974,-0.003
Affy_10340758,0.60788278,-0.099
Affy_10340759,0.27591973,0.614
Affy_10340760,0.81146019,0.08
Affy_10340761,0.97512774,0.01
Affy_10340762,0.11925223,-0.785
Affy_10340763,0.25472077,-0.511
Affy_10340764,0.96350133,0.02
Affy_10340765,0.36597243,-0.414
Affy_10340766,0.72300021,0.159
Affy_10340767,0.13525875,-0.344
Affy_10340768,0.075698984,0.97
Nmt1,0.89018467,-0.025
Affy_10340770,0.78954852,-0.108
Affy_10340771,0.14199777,0.722
Affy_10340772,0.21721858,0.639
Affy_10340773,0.46021746,0.495
Affy_10340774,0.29853128,0.495
Affy_10340775,0.11483603,0.546
Affy_10340776,0.43139097,-0.262
Affy_10340777,0.99577841,-0.002
Affy_10340778,0.021913496,0.793
Fam108a,0.3505935,-0.233
Affy_10340780,0.20664825,-0.576
Affy_10340781,0.2511705,-0.579
Affy_10340782,0.39299461,0.464
Affy_10340783,0.45776921,-0.339
Affy_10340784,0.23722352,0.441
Affy_10340785,0.83380963,0.094
Affy_10340786,0.44394115,0.466
Affy_10340787,0.5299466,-0.378
Affy_10340788,0.34012504,0.351
Affy_10340789,0.25381583,-0.607
Affy_10340790,0.4958335,-0.279
Affy_10340791,0.9602105,0.024
Affy_10340792,0.549019,0.353
Affy_10340793,0.22351326,-0.442
Affy_10340794,0.45831241,0.305
Affy_10340795,0.41109318,0.306
Affy_10340796,0.41252464,-0.326
Affy_10340797,0.7491663,-0.15
Affy_10340798,0.069213177,1.059
Affy_10340799,0.29952699,-0.244
Affy_10340800,0.43006295,-0.414
Affy_10340801,0.49179307,-0.396
Affy_10340802,0.92470367,0.049
Affy_10340803,0.014688391,1.413
Affy_10340804,0.54095204,-0.284
Affy_10340805,0.00091189,1.646
Affy_10340806,0.38003015,-0.469
Affy_10340807,0.69510217,-0.152
Affy_10340808,0.74615211,0.119
Wars,0.60686829,0.144
Affy_10340810,0.056454385,-0.843
Affy_10340811,0.1257626,-0.405
Affy_10340812,0.53141083,0.369
Affy_10340813,0.82532803,0.164
Affy_10340814,0.015114021,0.889
Affy_10340815,0.83109654,0.135
Affy_10340816,0.42709093,-0.386
Affy_10340817,0.74574179,0.204
Affy_10340818,0.35067396,0.586
Affy_10340819,0.99114368,0.004
Affy_10340820,0.716433,-0.177
Affy_10340821,0.78169015,-0.185
Affy_10340822,0.31976856,0.586
Affy_10340823,0.79131378,0.074
Affy_10340824,0.66660096,-0.126
Affy_10340825,0.86406399,-0.048
Affy_10340826,0.2565689,-0.86
Affy_10340827,0.54437716,0.295
Affy_10340828,0.80942321,-0.114
Affy_10340829,0.45890221,0.392
Affy_10340830,0.80566732,-0.146
Affy_10340831,0.11544134,1
Affy_10340832,0.3975752,0.503
Affy_10340833,0.61933219,0.196
Affy_10340834,0.88628409,-0.038
Affy_10340835,0.24692323,-0.972
Affy_10340836,0.45041785,0.496
Affy_10340837,0.2050367,-0.497
Jazf1,0.6869143,0.197
Affy_10340839,0.92781804,0.035
Affy_10340840,0.19803549,-0.477
Affy_10340841,0.0244638,-0.94
Ssr3,0.78713694,-0.093
Affy_10340843,0.41352171,0.227
Affy_10340844,0.58232384,0.313
Affy_10340845,0.6914306,0.13
Affy_10340846,0.75282038,-0.166
Affy_10340847,0.70189492,0.236
Affy_10340848,0.51337554,-0.281
Affy_10340849,0.85690536,-0.041
Affy_10340850,0.81513756,-0.121
Affy_10340851,0.28178811,-0.525
Affy_10340852,0.061954205,1.374
Affy_10340853,0.73596243,0.21
Affy_10340854,0.21673012,-0.6
Affy_10340855,0.5287747,0.335
Affy_10340856,0.64000265,0.164
Affy_10340857,0.32033257,0.632
Affy_10340858,0.56155361,0.196
Affy_10340859,0.38021028,-0.332
Affy_10340860,0.4538771,0.174
Affy_10340861,0.77999854,-0.086
Affy_10340862,0.21212552,-0.204
Affy_10340863,0.72916465,-0.152
Affy_10340864,0.4611758,-0.422
Affy_10340865,0.15347557,0.979
Affy_10340866,0.92378072,-0.025
Affy_10340867,0.5994694,-0.222
Affy_10340868,0.41685873,0.502
Affy_10340869,0.85833695,0.077
Affy_10340870,0.03830005,0.908
Affy_10340871,0.35264522,0.427
Affy_10340872,0.74555751,-0.058
Affy_10340873,0.55606853,-0.208
Affy_10340874,0.07865917,0.583
Affy_10340875,0.67057681,0.234
Affy_10340876,0.778988,-0.086
Affy_10340877,0.49795866,0.297
Affy_10340878,0.92966946,-0.058
Affy_10340879,0.60151586,-0.186
Affy_10340880,0.8352125,0.088
Affy_10340881,0.92825262,-0.05
Affy_10340882,0.42517081,0.237
Affy_10340883,0.48506912,0.566
Affy_10340884,0.91766257,0.046
Affy_10340885,0.74586334,0.185
Affy_10340886,0.64311922,-0.342
Affy_10340887,0.032049559,1.936
Affy_10340888,0.40182561,-0.303
Affy_10340889,0.31825164,0.431
Affy_10340890,0.61235796,0.194
Affy_10340891,0.78279438,-0.184
Affy_10340892,0.28535369,0.576
Affy_10340893,0.78228362,-0.122
Affy_10340894,0.62860129,0.334
Affy_10340895,0.87137963,0.06
Affy_10340896,0.4165892,-0.402
Affy_10340897,0.1209815,-0.743
Affy_10340898,0.31768462,0.34
Affy_10340899,0.31694133,0.571
Affy_10340900,0.43641822,-0.379
Affy_10340901,0.35642992,1.117
Affy_10340902,0.77307291,0.124
Affy_10340903,0.085289448,-0.66
Affy_10340904,0.1028032,0.677
Affy_10340905,0.75603953,0.31
Affy_10340906,0.10849336,-0.696
Affy_10340907,0.24162026,-0.703
Affy_10340908,0.37174033,-0.362
Affy_10340909,0.51522907,-0.52
Affy_10340910,0.70088557,-0.183
Affy_10340911,0.46131171,0.35
Affy_10340912,0.12784267,0.682
Affy_10340913,0.50783654,0.284
Affy_10340914,0.19657789,-0.702
Affy_10340915,0.8523602,-0.07
Affy_10340916,0.42059315,-0.276
Affy_10340917,0.98180855,-0.015
Affy_10340918,0.47091333,-0.344
Affy_10340919,0.044643936,1.335
Affy_10340920,0.62462374,0.127
Affy_10340921,0.81424206,0.109
Affy_10340922,0.26148198,0.798
Affy_10340923,0.85128677,0.039
Affy_10340924,0.97292213,0.011
Affy_10340925,0.64527449,0.085
Affy_10340926,0.5936468,-0.284
Affy_10340927,0.9314721,0.043
Affy_10340928,0.81021481,-0.071
Affy_10340929,0.41965394,-0.154
Affy_10340930,0.80634575,0.142
Affy_10340931,0.74370306,0.17
Affy_10340932,0.24047285,0.513
Affy_10340933,0.97798361,0.017
Affy_10340934,0.91661051,-0.034
Affy_10340935,0.27092119,0.989
Affy_10340936,0.74212577,-0.284
Affy_10340937,0.30421925,-0.281
Affy_10340938,0.679605,-0.232
Affy_10340939,0.38895527,-0.269
Affy_10340940,0.68251431,-0.236
Affy_10340941,0.74951377,0.221
Affy_10340942,0.93862329,-0.048
Affy_10340943,0.082441132,0.698
Affy_10340944,0.58991216,-0.209
Affy_10340945,0.39058452,0.412
Affy_10340946,0.39497833,0.422
Affy_10340947,0.83375036,0.13
Affy_10340948,0.52187745,-0.242
Affy_10340949,0.54860241,0.367
Affy_10340950,0.92842176,-0.03
Affy_10340951,0.67804375,-0.1
Affy_10340952,0.42870809,0.324
Affy_10340953,0.65339455,-0.31
Affy_10340954,0.11258735,0.582
Affy_10340955,0.8550924,0.068
Affy_10340956,0.83737675,-0.09
Affy_10340957,0.41417561,-0.244
Affy_10340958,0.3691075,-0.262
Affy_10340959,0.42792156,0.246
Affy_10340960,0.48076723,0.182
Affy_10340961,0.71716468,0.147
Affy_10340962,0.36304749,-0.346
Affy_10340963,0.57606515,0.31
Affy_10340964,0.80555859,-0.139
Affy_10340965,0.34394627,-0.473
Affy_10340966,0.95045756,-0.041
Affy_10340967,0.56576396,0.208
Affy_10340968,0.29962659,-0.462
Affy_10340969,0.70935654,-0.092
Affy_10340970,0.99536103,0.005
Hb1bp3,0.29626611,0.379
Affy_10340972,0.37416703,0.446
Affy_10340973,0.87780665,0.12
Affy_10340974,0.92556392,-0.057
Affy_10340975,0.26576261,-0.722
Affy_10340976,0.09948479,0.588
Affy_10340977,0.29358171,0.522
Affy_10340978,0.29650506,-0.25
Affy_10340979,0.82125157,0.068
Affy_10340980,0.59183119,0.208
Affy_10340981,0.83600297,-0.071
Affy_10340982,0.60328452,-0.302
Affy_10340983,0.22418502,0.723
Affy_10340984,0.95582649,-0.021
Affy_10340985,0.16318604,-0.564
Affy_10340986,0.70692969,0.225
Vta1,0.26038647,0.745
Affy_10340988,0.34488585,0.39
Affy_10340989,0.7250948,-0.134
Copa,0.97575772,-0.01
Affy_10340991,0.68215465,0.133
Affy_10340992,0.089264326,-0.652
Affy_10340993,0.34617374,0.24
Copa,0.17951867,2.745
Dlg1,0.42013355,-0.252
Affy_10340996,0.11445991,0.598
Affy_10340997,0.36158767,-0.486
Affy_10340998,0.51626996,-0.29
Affy_10340999,0.65994565,-0.242
Affy_10341000,0.77959895,0.125
Affy_10341001,0.80801136,0.182
Affy_10341002,0.48379289,-0.302
Affy_10341003,0.69280072,-0.274
Ube2g1,0.24319628,0.891
Affy_10341005,0.050474712,0.794
Affy_10341006,0.99432678,-0.007
Affy_10341007,0.73679069,0.207
Affy_10341008,0.46366834,-0.563
Affy_10341009,0.84481943,0.134
Affy_10341010,0.66113989,-0.098
Affy_10341011,0.28533872,0.457
Affy_10341012,0.035465167,0.621
Affy_10341013,0.40624793,-0.563
Affy_10341014,0.49057837,-0.326
Affy_10341015,0.36061756,-0.358
Affy_10341016,0.51934584,0.375
Affy_10341017,0.63026414,0.266
Affy_10341018,0.93439075,-0.035
Affy_10341019,0.98224188,-0.015
Affy_10341020,0.82533591,-0.043
Affy_10341021,0.39343275,0.345
Affy_10341022,0.70646857,0.082
Affy_10341023,0.71245518,0.156
Affy_10341024,0.63350762,-0.144
Affy_10341025,0.26007399,-0.402
Affy_10341026,0.11618796,-0.474
Affy_10341027,0.62829753,0.254
Affy_10341028,0.83421269,0.088
Affy_10341029,0.65151452,-0.088
Affy_10341030,0.73419895,-0.25
Affy_10341031,1,0
Affy_10341032,0.57242473,-0.323
Affy_10341033,0.71296435,-0.088
Trappc4,0.86840192,0.1
Affy_10341035,0.13492695,0.535
Affy_10341036,0.15838929,0.632
Affy_10341037,0.33187425,0.525
Affy_10341038,0.15318728,0.452
Affy_10341039,0.25375917,-0.27
Affy_10341040,0.53552676,0.228
Affy_10341041,0.87687512,0.105
Affy_10341042,0.078805059,0.914
Atox1,0.35654908,0.458
Affy_10341044,0.42521505,0.444
Affy_10341045,0.65994197,0.321
Affy_10341046,0.066685176,0.577
Affy_10341047,0.62280175,-0.316
Affy_10341048,0.3887875,0.156
Affy_10341049,0.75258249,-0.108
Affy_10341050,0.65316388,0.341
Affy_10341051,0.84268906,0.083
Affy_10341052,0.77992796,0.163
Affy_10341053,0.65343084,-0.135
Affy_10341054,0.26185783,0.813
Affy_10341055,0.2073425,0.335
Affy_10341056,0.57296036,0.238
Affy_10341057,0.17797868,0.579
Affy_10341058,0.03511363,1.126
Affy_10341059,0.2934294,-0.691
Affy_10341060,0.28367192,-0.614
Affy_10341061,0.38736398,-0.52
Affy_10341062,0.98629825,0.004
Affy_10341063,0.62149756,0.261
Affy_10341064,0.33130255,0.563
Affy_10341065,0.57128666,-0.17
Affy_10341066,0.44047295,-0.118
Affy_10341067,0.63528349,0.282
Affy_10341068,0.3731587,-0.526
Affy_10341069,0.32252695,0.454
Tmem234,0.19575759,3.255
Affy_10341071,0.57251128,-0.299
Affy_10341072,0.71688992,0.176
Affy_10341073,0.1940003,0.691
Affy_10341074,0.62025546,-0.276
Affy_10341075,0.70566755,0.222
Affy_10341076,0.70548223,0.132
Affy_10341077,0.61266909,0.38
Affy_10341078,0.97825173,-0.006
Affy_10341079,0.95901151,0.025
Affy_10341080,0.45517202,-0.251
Affy_10341081,0.46371835,-0.17
Affy_10341082,0.69388386,0.183
Anapc1,0.82626963,0.062
Affy_10341084,0.48154119,0.446
Affy_10341085,0.17369899,0.559
Affy_10341086,0.31804406,0.358
Affy_10341087,0.85587075,0.06
Affy_10341088,0.69752539,-0.202
Affy_10341089,0.42297545,0.55
Affy_10341090,0.22932857,-0.836
Affy_10341091,0.18428962,0.774
Affy_10341092,0.86791294,-0.061
Affy_10341093,0.3594411,-0.45
Affy_10341094,0.44494891,0.749
Affy_10341095,0.59820231,0.182
SINE_Affy_10341096,0.75267372,-0.026
Affy_10341097,0.99273957,0.004
Affy_10341098,0.58454962,-0.199
Affy_10341099,0.1137919,0.8
Affy_10341100,0.83861903,0.093
Affy_10341101,0.56729184,0.276
Affy_10341102,0.49779775,0.283
Affy_10341103,0.81374854,-0.119
Affy_10341104,0.89248523,0.057
Affy_10341105,0.8959302,0.03
Affy_10341106,0.29486144,0.526
Affy_10341107,0.2685964,0.575
Affy_10341108,0.025493592,-1.113
Affy_10341109,0.36262242,0.862
Affy_10341110,0.94276971,0.016
Affy_10341111,0.33421009,0.332
Affy_10341112,0.71948598,-0.122
Affy_10341113,0.648167,-0.206
Affy_10341114,0.62821379,-0.218
Psap,0.79066185,0.053
Affy_10341116,0.26089619,0.557
Affy_10341117,0.52506763,0.227
Affy_10341118,0.65033968,-0.223
Affy_10341119,0.34133988,-0.649
Affy_10341120,0.89161804,-0.092
Affy_10341121,0.30448794,-0.346
Affy_10341122,0.82650685,0.103
Affy_10341123,0.98208414,0.007
Affy_10341124,0.60291503,0.428
Affy_10341125,0.44319821,-0.244
Affy_10341126,0.69278552,-0.202
Affy_10341127,0.80572946,-0.093
Affy_10341128,0.42223521,-0.262
Affy_10341129,0.14527663,0.503
Affy_10341130,0.96397472,0.018
Affy_10341131,0.57719699,-0.474
Huwe1,0.69151637,-0.072
Affy_10341133,0.066225314,-0.752
Affy_10341134,0.96976587,-0.028
Affy_10341135,0.56517327,0.161
Affy_10341136,0.29607426,-0.376
Affy_10341137,0.17331196,0.864
Affy_10341138,0.33925033,0.607
Affy_10341139,0.57906465,-0.22
Affy_10341140,0.71625226,-0.172
Derl1,0.95305919,-0.012
Affy_10341142,0.15155499,-0.459
Affy_10341143,0.86659786,0.082
Affy_10341144,0.33185073,0.538
Affy_10341145,0.32744758,0.235
Affy_10341146,0.68888591,0.198
Affy_10341147,0.33841371,0.476
Affy_10341148,0.64027976,0.276
Affy_10341149,0.23904461,-0.34
Affy_10341150,0.79655203,-0.12
Affy_10341151,0.60016807,0.324
Affy_10341152,0.8933647,0.069
Affy_10341153,0.74313413,0.178
Affy_10341154,0.20098423,0.6
Rfk,0.33578246,-0.537
Affy_10341156,0.84127457,0.085
Affy_10341157,0.39923392,-0.499
Affy_10341158,0.68437501,-0.261
Affy_10341159,0.96293808,-0.032
Affy_10341160,0.044302379,1.178
Affy_10341161,0.59379698,0.204
Affy_10341162,0.42895056,-0.269
Affy_10341163,0.98282052,-0.008
Affy_10341164,0.19963691,0.336
Affy_10341165,0.886926,-0.109
Affy_10341166,0.98852983,-0.012
Naa60,0.55260895,-0.339
Affy_10341168,0.94387441,-0.037
Cox18,0.15942473,-0.624
Affy_10341170,0.35544731,0.356
Affy_10341171,0.059359084,-0.923
Affy_10341172,0.45032482,-0.275
Affy_10341173,0.61305351,0.221
Affy_10341174,0.63386444,-0.206
Affy_10341175,0.80040601,0.198
Affy_10341176,0.30200599,0.492
Affy_10341177,0.31263851,0.52
Affy_10341178,0.77313232,0.087
Affy_10341179,0.23903382,-0.698
Affy_10341180,0.7096853,0.173
Affy_10341181,0.34259224,0.267
Affy_10341182,0.85461903,-0.114
Affy_10341183,0.81657307,-0.122
Affy_10341184,0.17962877,-0.734
Affy_10341185,0.63841385,0.128
Affy_10341186,0.52871426,0.313
Affy_10341187,0.37150443,0.335
Affy_10341188,0.9683092,0.016
Affy_10341189,0.89989103,0.036
Affy_10341190,0.54891805,0.377
Polr2f,0.47077674,0.482
Affy_10341192,0.7735006,-0.177
Affy_10341193,0.75316901,0.139
Affy_10341194,0.091269937,-0.484
Affy_10341195,0.063893593,0.667
Affy_10341196,0.88310678,0.078
Affy_10341197,0.83694383,0.14
Affy_10341198,0.71343795,-0.154
Affy_10341199,0.087097151,-1.08
Affy_10341200,0.83936743,-0.113
Affy_10341201,0.48651999,-0.236
Affy_10341202,0.42290491,0.38
Affy_10341203,0.95865302,-0.018
Affy_10341204,0.91659937,0.018
Affy_10341205,0.34061409,-0.438
Affy_10341206,0.10493951,-0.617
Affy_10341207,0.85582123,0.11
Affy_10341208,0.84571553,0.069
Affy_10341209,0.97419193,-0.012
Zc3h11a,0.27550928,-1.242
Affy_10341211,0.22064719,0.856
Affy_10341212,0.55098892,-0.318
Affy_10341213,0.19828818,-0.487
Affy_10341214,0.20707817,0.944
Affy_10341215,0.22910089,0.485
Affy_10341216,0.79178331,0.216
Affy_10341217,0.50855208,-0.37
Affy_10341218,0.8783361,-0.071
Affy_10341219,0.3981517,0.304
Affy_10341220,0.33785354,0.749
Anapc1,0.67615944,0.35
Affy_10341222,0.94620272,-0.023
Affy_10341223,0.33543143,-0.284
Affy_10341224,0.69886729,0.197
Affy_10341225,0.82205778,-0.07
Affy_10341226,0.32449223,-0.461
Affy_10341227,0.80370844,-0.075
Affy_10341228,0.45715511,0.388
Affy_10341229,0.28738338,-0.58
Affy_10341230,0.99772306,-0.002
Affy_10341231,0.45814032,-0.492
Affy_10341232,0.12230952,0.581
Atp6v0d1,0.37282236,-0.125
Affy_10341234,0.4634822,0.399
Affy_10341235,0.38883153,0.619
Affy_10341236,0.39246806,0.427
Affy_10341237,0.69061401,0.257
Affy_10341238,0.67916073,-0.131
Affy_10341239,0.65683813,-0.246
Affy_10341240,0.82557736,0.102
Affy_10341241,0.53988335,0.25
Affy_10341242,0.47111577,-0.175
Affy_10341243,0.68085785,-0.258
Affy_10341244,0.58619954,0.156
Affy_10341245,0.38069437,0.362
Affy_10341246,0.66211292,0.244
Affy_10341247,0.4334514,-0.563
Affy_10341248,0.78335287,-0.146
Affy_10341249,0.67009629,-0.147
Affy_10341250,0.52247703,0.264
Affy_10341251,0.49418799,-0.28
Affy_10341252,0.14111988,0.597
Affy_10341253,0.2528585,-0.303
Smim7,0.25146577,0.726
Affy_10341255,0.90049028,0.068
Affy_10341256,0.37691975,-0.389
Affy_10341257,0.6020354,0.196
Affy_10341258,0.5903531,-0.227
Affy_10341259,0.56975806,0.3
Affy_10341260,0.18942398,0.913
Affy_10341261,0.8501363,0.036
Affy_10341262,0.081927782,-0.634
Affy_10341263,0.73921823,0.182
Affy_10341264,0.1578538,0.91
Affy_10341265,0.95159261,0.043
Affy_10341266,0.75991971,0.138
Copa,0.10403851,1.047
Affy_10341268,0.77965277,0.172
Zranb1,0.27671232,0.929
Affy_10341270,0.41082821,-0.461
Affy_10341271,0.27278315,-0.399
Affy_10341272,0.52896214,-0.32
Affy_10341273,0.7761912,-0.097
Affy_10341274,0.70875334,0.115
Affy_10341275,0.81484902,-0.135
Affy_10341276,0.37392111,0.559
Affy_10341277,0.98801488,-0.007
Affy_10341278,0.52755451,0.433
Affy_10341279,0.37021211,0.549
Affy_10341280,0.79900553,0.078
Affy_10341281,0.77230151,-0.135
Affy_10341282,0.99028711,-0.006
Affy_10341283,0.60317029,0.223
Affy_10341284,0.079444594,-0.795
Affy_10341285,0.7250675,0.256
Affy_10341286,0.60982677,0.311
Affy_10341287,0.37505545,0.659
Affy_10341288,0.71232039,-0.151
Affy_10341289,0.61106841,-0.14
Affy_10341290,0.3292561,0.828
Affy_10341291,0.8299067,-0.096
Affy_10341292,0.99056669,-0.005
Affy_10341293,0.40558346,-0.646
Affy_10341294,0.40128819,-0.53
Affy_10341295,0.87877342,-0.065
Affy_10341296,0.19833581,0.643
Affy_10341297,0.81581633,0.122
Affy_10341298,0.50708303,0.419
Canx,0.088748768,-0.276
Affy_10341300,0.18008139,0.933
Affy_10341301,0.92684868,-0.039
Affy_10341302,0.7911823,0.124
Affy_10341303,0.85627064,-0.06
Naa60,0.45340011,-0.479
Affy_10341305,0.84292201,0.1
Affy_10341306,0.85233128,0.086
Affy_10341307,0.81965277,0.154
Affy_10341308,0.54747757,0.433
Affy_10341309,0.58411047,-0.117
Affy_10341310,0.42845988,-0.448
Affy_10341311,0.98597833,0.008
Affy_10341312,0.66336503,-0.141
Affy_10341313,0.37945965,0.41
Affy_10341314,0.73151841,-0.281
Affy_10341315,0.21457628,0.848
Affy_10341316,0.97451966,0.008
Affy_10341317,0.48226224,-0.462
Affy_10341318,0.54814409,-0.206
Affy_10341319,0.11785892,1.066
Affy_10341320,0.75021898,-0.133
Affy_10341321,0.68102046,0.17
Affy_10341322,0.9544915,-0.031
Affy_10341323,0.074469873,0.987
Affy_10341324,0.5551681,0.156
Affy_10341325,0.39304612,0.612
Affy_10341326,0.12591525,1.042
Affy_10341327,0.14356439,-0.71
Affy_10341328,1,0
Affy_10341329,0.68412145,0.264
Affy_10341330,0.88352619,-0.074
Affy_10341331,0.9684657,-0.019
Affy_10341332,0.007376872,0.797
Affy_10341333,0.66297869,0.276
Affy_10341334,0.46594682,0.322
Affy_10341335,0.91304366,-0.055
Affy_10341336,0.092379701,-0.821
Affy_10341337,0.63350108,-0.284
Park2,0.56792615,0.288
Affy_10341339,0.80192398,0.13
Affy_10341340,0.7964005,-0.145
Affy_10341341,0.33361035,-0.464
Affy_10341342,0.35329525,-0.153
Affy_10341343,0.78781244,0.108
Affy_10341344,0.079813859,0.958
Affy_10341345,0.76618027,-0.14
Affy_10341346,0.043715968,-0.846
Affy_10341347,0.38834378,-0.334
Affy_10341348,0.26855984,0.831
Affy_10341349,0.87138723,-0.077
Affy_10341350,0.009769652,-1.368
Affy_10341351,0.24541475,-0.311
Affy_10341352,0.49581852,-0.31
Affy_10341353,0.68421112,-0.17
Affy_10341354,0.13983277,1.176
Affy_10341355,0.93971127,0.017
Affy_10341356,0.64288153,0.182
Affy_10341357,0.24574905,0.833
Affy_10341358,0.44871011,-0.262
Affy_10341359,0.50183923,-0.748
Affy_10341360,0.10651694,-0.818
Affy_10341361,0.65691673,0.344
Affy_10341362,0.96703311,0.015
Affy_10341363,0.55271764,0.3
Affy_10341364,0.15670813,-0.349
Affy_10341365,0.076513822,0.588
Affy_10341366,0.062098188,-0.842
Affy_10341367,0.60229975,0.241
Affy_10341368,0.62806917,0.419
Affy_10341369,0.22995432,-0.294
Affy_10341370,0.98284908,-0.012
Affy_10341371,0.49616536,0.389
Affy_10341372,0.9752484,-0.008
Affy_10341373,0.56055976,-0.148
Affy_10341374,0.8368776,-0.086
Affy_10341375,0.89832464,-0.023
Affy_10341376,0.21709551,-0.212
Affy_10341377,0.90260505,0.088
Affy_10341378,0.81419739,-0.127
Affy_10341379,0.5833283,-0.156
Affy_10341380,0.71531447,-0.158
Affy_10341381,0.18223657,-0.309
Affy_10341382,0.51546499,-0.398
Affy_10341383,0.074662839,0.694
Affy_10341384,0.75800853,-0.241
Affy_10341385,0.17707324,-0.407
Affy_10341386,0.27723651,0.591
Affy_10341387,0.69688133,-0.216
Affy_10341388,0.36073832,0.515
Tmem234,0.097865398,-0.546
Affy_10341390,0.93806502,-0.022
Affy_10341391,0.14704053,0.778
Affy_10341392,0.90760083,-0.052
Affy_10341393,0.60245236,-0.359
Affy_10341394,0.18174404,0.704
Affy_10341395,0.26583928,0.454
Affy_10341396,0.3708106,0.348
Affy_10341397,0.73339467,0.146
Affy_10341398,0.68234311,0.302
Affy_10341399,0.57544986,0.112
Affy_10341400,0.10020023,1.216
Affy_10341401,0.58006376,0.231
Affy_10341402,0.49738516,-0.336
Affy_10341403,0.26498169,-0.296
G3bp2,0.49235675,0.261
Affy_10341405,0.15247955,-0.294
Affy_10341406,0.62623724,-0.294
Affy_10341407,0.58857295,-0.136
Affy_10341408,0.76808311,-0.125
Affy_10341409,0.72679013,0.184
Affy_10341410,0.74788623,-0.17
Affy_10341411,0.6961242,-0.163
Affy_10341412,0.54354206,0.222
Zkscan3,0.47635783,0.286
Affy_10341414,0.52648325,0.537
Affy_10341415,0.91805983,-0.048
Affy_10341416,0.022167335,-0.945
Affy_10341417,0.15806698,1.027
Affy_10341418,0.88740474,0.048
Affy_10341419,0.760966,0.158
Affy_10341420,0.27409766,0.361
Affy_10341421,0.75385642,0.074
Affy_10341422,0.17265715,-0.527
Affy_10341423,0.62029202,-0.238
Affy_10341424,0.9687353,0.019
Affy_10341425,0.62235739,0.241
Affy_10341426,0.18212248,0.696
Copg,0.87155865,-0.04
Affy_10341428,0.87613613,0.06
Affy_10341429,0.80088529,-0.136
Affy_10341430,0.18766258,-0.472
Affy_10341431,0.77949279,-0.171
Affy_10341432,0.69158156,0.221
Affy_10341433,0.26744788,0.667
Affy_10341434,0.35183993,0.453
Affy_10341435,0.30371837,0.827
Affy_10341436,0.72547292,-0.086
Affy_10341437,0.54630759,-0.312
Affy_10341438,0.75381213,-0.171
Affy_10341439,0.071313312,-0.625
Affy_10341440,0.12063602,0.712
Affy_10341441,0.91018115,0.084
Affy_10341442,0.99679221,-0.002
Affy_10341443,0.11969655,-0.57
Affy_10341444,0.65694332,0.124
Anapc1,0.28291393,0.568
Affy_10341446,0.32393045,-0.538
Hb1bp3,0.26771592,1.507
Affy_10341448,0.44851957,-0.42
Affy_10341449,0.87411455,-0.118
Affy_10341450,0.083436121,-0.312
Affy_10341451,0.73789804,0.238
Affy_10341452,0.073524009,1.367
Affy_10341453,0.73689425,-0.33
Affy_10341454,0.58514529,0.373
Affy_10341455,0.94588109,0.02
Affy_10341456,0.82971831,0.101
Affy_10341457,0.12291303,0.683
Affy_10341458,0.47742484,0.353
Affy_10341459,0.52612246,-0.169
Affy_10341460,0.50574923,-0.2
Affy_10341461,0.17165719,0.897
Affy_10341462,0.84607455,0.092
Affy_10341463,0.38863092,0.578
Affy_10341464,0.17418964,-0.345
Affy_10341465,0.30496998,0.388
Affy_10341466,0.78268817,0.056
Affy_10341467,0.55735278,-0.317
Affy_10341468,0.85832636,0.092
Affy_10341469,0.69598231,0.174
Affy_10341470,0.25982019,0.436
Affy_10341471,0.6954858,0.204
Affy_10341472,0.23068664,0.814
Affy_10341473,0.17689107,0.827
Affy_10341474,0.58382672,0.131
Affy_10341475,0.87063598,-0.055
Affy_10341476,0.58209103,0.237
Affy_10341477,0.21769671,-0.484
Affy_10341478,0.80958165,-0.123
Affy_10341479,0.653918,-0.38
Affy_10341480,0.78755958,0.075
Affy_10341481,0.63146935,0.202
Affy_10341482,0.17900019,0.655
Affy_10341483,0.92207328,0.066
Affy_10341484,0.10386599,0.783
Affy_10341485,0.21578875,0.629
Affy_10341486,0.99506362,0.002
Affy_10341487,0.8659901,0.058
Affy_10341488,0.37342791,0.571
Affy_10341489,0.85131957,0.068
Affy_10341490,0.93227276,0.04
Affy_10341491,0.67181931,0.128
Affy_10341492,0.86933463,-0.045
Affy_10341493,0.6911738,-0.189
Affy_10341494,0.1621654,-0.824
Affy_10341495,0.98503967,-0.009
Affy_10341496,0.94880645,0.03
Affy_10341497,0.81463363,-0.104
Affy_10341498,0.64183513,0.288
Affy_10341499,0.43317105,-0.444
Affy_10341500,0.70456778,-0.206
Affy_10341501,0.6971078,-0.102
Affy_10341502,0.94888167,0.028
Affy_10341503,0.98009341,-0.009
Affy_10341504,0.32101496,0.64
Affy_10341505,0.39069387,0.423
Affy_10341506,0.96268474,0.026
Affy_10341507,0.58140999,-0.133
Affy_10341508,0.56099771,-0.194
Affy_10341509,0.87841574,-0.08
Affy_10341510,0.42635182,0.207
Affy_10341511,0.82530593,-0.105
Affy_10341512,0.57364096,-0.255
Affy_10341513,0.02775046,1.018
Affy_10341514,0.12531345,-0.871
Affy_10341515,0.41160753,-0.334
Affy_10341516,0.78447705,0.185
Affy_10341517,0.47624851,0.557
Affy_10341518,0.6670236,0.303
Affy_10341519,0.1741824,-0.727
Affy_10341520,0.60567005,0.227
Affy_10341521,0.41672086,0.446
Affy_10341522,0.37767953,0.694
Affy_10341523,0.41309343,0.541
Affy_10341524,0.49766043,0.815
Affy_10341525,0.65431371,-0.205
Affy_10341526,0.17839143,-1.096
Affy_10341527,0.79623911,0.154
Affy_10341528,0.19536451,-0.377
Affy_10341529,0.96153452,0.022
Ddb1,0.48565721,-0.14
Affy_10341531,0.90809734,-0.025
Affy_10341532,0.73647057,-0.154
Affy_10341533,0.18997091,-0.626
Affy_10341534,0.97327281,-0.015
Affy_10341535,0.94596947,0.039
Affy_10341536,0.51428777,-0.354
Affy_10341537,0.66675987,0.246
Affy_10341538,0.72241653,-0.136
Affy_10341539,0.15937557,0.516
Affy_10341540,0.03222044,1.02
Affy_10341541,0.37120409,-0.286
Cpsf7,0.024073972,0.708
Affy_10341543,0.27394232,0.644
Affy_10341544,0.83557101,-0.108
Affy_10341545,0.72542524,0.22
Affy_10341546,0.26351294,-0.363
Affy_10341547,0.48823665,0.732
Affy_10341548,0.9750473,-0.014
Affy_10341549,0.57219032,0.264
Affy_10341550,0.24538838,-0.568
Affy_10341551,0.61791798,0.17
Affy_10341552,0.91942474,-0.043
Affy_10341553,0.24717186,0.497
Affy_10341554,0.61564024,0.333
Affy_10341555,0.034611496,0.595
Affy_10341556,0.55658336,-0.176
Affy_10341557,0.55468102,0.404
Affy_10341558,0.89180038,0.059
Affy_10341559,0.34103402,0.383
Affy_10341560,0.95258111,-0.037
Affy_10341561,0.44694566,-0.119
Affy_10341562,0.77529218,-0.137
Affy_10341563,0.35112047,0.401
Affy_10341564,0.50747524,-0.309
Affy_10341565,0.021287658,-1.925
Affy_10341566,0.58712831,-0.383
Affy_10341567,0.48580197,0.209
Affy_10341568,0.049726408,1.466
Affy_10341569,0.20203466,0.897
Copa,0.48658503,0.211
Affy_10341571,0.83052283,-0.125
Affy_10341572,0.73129439,0.138
Affy_10341573,0.10656691,0.89
Affy_10341574,0.25970289,0.233
Affy_10341575,0.19392431,-0.293
Affy_10341576,0.7304552,-0.194
Affy_10341577,0.07157283,-0.284
Affy_10341578,0.77657087,-0.256
Affy_10341579,0.34847288,0.497
Affy_10341580,0.5848467,0.146
Affy_10341581,0.87618902,0.068
Affy_10341582,0.40938077,-0.405
Affy_10341583,0.39386155,0.556
Affy_10341584,0.3227627,0.312
Affy_10341585,0.32330725,0.551
Affy_10341586,0.39983976,0.489
Affy_10341587,0.41036968,0.542
Affy_10341588,0.76337241,-0.184
Affy_10341589,0.4292532,0.792
Affy_10341590,0.18679458,0.596
Affy_10341591,0.48872192,-0.443
Affy_10341592,0.029068036,-0.9
Affy_10341593,0.29225887,-0.641
Affy_10341594,0.55568139,0.345
Affy_10341595,0.41393317,0.345
Canx,0.43213199,-0.179
Affy_10341597,0.71576738,-0.117
Affy_10341598,0.76244788,-0.137
Affy_10341599,0.93231496,0.04
Affy_10341600,0.80715048,-0.08
Affy_10341601,0.63425634,0.177
Affy_10341602,0.53158707,0.323
Affy_10341603,0.24541057,0.4
Affy_10341604,0.97325613,0.014
Affy_10341605,0.35967212,0.273
Affy_10341606,0.80178076,-0.157
Affy_10341607,0.86836131,-0.1
Affy_10341608,0.58286738,-0.121
Affy_10341609,0.82045382,-0.095
Affy_10341610,0.31370516,-0.467
Affy_10341611,0.69540709,-0.151
Affy_10341612,0.42013211,0.48
Affy_10341613,0.31532556,0.58
Affy_10341614,0.43665547,-0.34
Affy_10341615,0.12888586,-0.571
Affy_10341616,0.64962448,0.297
Affy_10341617,0.78253718,0.136
Affy_10341618,0.73459191,0.174
Affy_10341619,0.90119691,-0.06
Affy_10341620,0.38750994,-0.382
Golm1,0.38124221,0.488
Affy_10341622,0.67939348,0.128
Affy_10341623,0.51325299,0.244
Affy_10341624,0.32206169,0.473
Affy_10341625,0.51547774,0.258
Affy_10341626,0.085705667,0.903
Affy_10341627,0.76316417,0.191
Affy_10341628,0.50030181,-0.46
Affy_10341629,0.14750105,0.667
Affy_10341630,0.46479708,-0.305
Affy_10341631,0.40717251,0.539
Affy_10341632,0.34483543,-0.635
Affy_10341633,0.24502845,-0.514
Affy_10341634,0.69841144,0.14
Affy_10341635,0.24951559,0.583
Affy_10341636,0.6729899,0.218
Psap,0.91191244,-0.026
Affy_10341638,0.62810448,-0.21
Affy_10341639,0.76274875,0.162
Affy_10341640,0.81410924,0.086
Affy_10341641,0.24109489,-0.292
Affy_10341642,0.34501282,-0.462
Affy_10341643,0.2940043,-0.974
Affy_10341644,0.8545022,-0.058
Affy_10341645,0.49414497,0.301
Psap,0.60550752,0.203
Affy_10341647,0.76384129,0.156
Affy_10341648,0.98103707,-0.009
Affy_10341649,0.28056941,-0.464
Affy_10341650,0.76481239,0.204
Affy_10341651,0.54318835,-0.113
Affy_10341652,0.94732262,-0.016
Affy_10341653,0.38597408,0.443
Affy_10341654,0.89200946,-0.114
Affy_10341655,0.19563142,1.023
Affy_10341656,0.64305956,-0.203
Affy_10341657,0.51721042,-0.192
Affy_10341658,0.34595887,0.432
Affy_10341659,0.59142002,-0.298
Affy_10341660,0.72515881,0.234
Affy_10341661,0.64514302,0.353
Affy_10341662,0.25242524,-0.828
Affy_10341663,0.45543516,-0.168
Affy_10341664,0.80891092,0.144
Affy_10341665,0.96324704,0.029
Affy_10341666,0.73943479,0.204
Affy_10341667,0.32927893,-0.504
Affy_10341668,0.39936383,0.395
Affy_10341669,0.88195409,0.104
Affy_10341670,0.8758286,-0.124
Affy_10341671,0.69015052,-0.084
Affy_10341672,0.94804043,0.025
Affy_10341673,0.77919811,0.094
Affy_10341674,0.17403524,0.872
Affy_10341675,0.9325874,0.035
Affy_10341676,0.62260407,-0.306
Affy_10341677,0.062346407,-0.973
Affy_10341678,0.75906099,0.079
Affy_10341679,0.32683279,0.732
Affy_10341680,0.32848084,0.57
Affy_10341681,0.65089035,-0.098
Affy_10341682,0.85443291,0.049
Affy_10341683,0.97800789,0.009
Affy_10341684,0.05394785,0.741
Affy_10341685,0.37140077,-0.197
Affy_10341686,0.333694,-0.219
Affy_10341687,0.33412807,-0.275
Affy_10341688,0.27781083,-0.413
Affy_10341689,0.55628438,-0.377
Affy_10341690,0.84944554,-0.107
Affy_10341691,0.43411833,0.456
Affy_10341692,0.44088636,0.222
Affy_10341693,0.28260327,0.264
Affy_10341694,0.029003225,-0.892
Affy_10341695,0.58231077,0.328
Affy_10341696,0.80282415,-0.136
Affy_10341697,0.33844513,-0.463
Affy_10341698,0.72595599,0.19
Affy_10341699,0.33487692,-0.247
Affy_10341700,0.61892652,0.218
Affy_10341701,0.66612593,-0.094
Affy_10341702,0.72842297,0.126
Affy_10341703,0.42637054,-0.374
Affy_10341704,0.036687104,-1.2
Affy_10341705,0.76143719,-0.069
Affy_10341706,0.8682144,0.082
Affy_10341707,0.68847881,0.24
Affy_10341708,0.26862742,0.429
Affy_10341709,0.52014694,0.389
Affy_10341710,0.31207705,0.656
Affy_10341711,0.9379087,-0.03
Affy_10341712,0.49870627,-0.355
Affy_10341713,0.13863327,0.692
Affy_10341714,0.76738943,-0.086
Affy_10341715,0.13820593,0.888
Affy_10341716,0.15309424,0.988
Affy_10341717,0.05718109,-0.809
Affy_10341718,0.61837138,0.114
Affy_10341719,0.20595649,0.377
Affy_10341720,0.63535842,-0.121
Affy_10341721,0.61519574,0.294
Affy_10341722,0.087979644,0.795
Affy_10341723,0.95031719,0.017
Affy_10341724,0.61231242,-0.17
Affy_10341725,0.76607975,-0.091
Affy_10341726,0.73114997,0.202
Affy_10341727,0.5689699,-0.201
Affy_10341728,0.46451366,-0.36
Affy_10341729,0.013182429,-0.687
Affy_10341730,0.86381694,-0.08
Affy_10341731,0.88500878,-0.04
Affy_10341732,0.36519733,0.494
Affy_10341733,0.60837981,-0.276
Affy_10341734,0.3256558,0.396
Affy_10341735,0.99421692,0.002
Affy_10341736,0.67458848,0.178
Affy_10341737,0.40350417,0.459
Affy_10341738,0.44593004,0.315
Affy_10341739,0.56813343,-0.239
Affy_10341740,0.15875613,-0.659
Affy_10341741,0.68385811,0.225
Affy_10341742,0.43797363,0.308
Affy_10341743,0.1410563,0.876
Affy_10341744,0.069107736,0.669
Affy_10341745,0.75597363,0.116
Affy_10341746,0.20116876,0.73
Affy_10341747,0.75474089,0.135
Affy_10341748,0.091440229,-0.86
Fryl,0.16107489,0.412
Affy_10341750,0.43868971,0.526
Affy_10341751,0.042133311,0.766
Affy_10341752,0.8142799,0.058
Affy_10341753,0.005414321,0.894
Affy_10341754,0.098720396,0.554
Affy_10341755,0.75445581,-0.084
Affy_10341756,0.93734938,0.046
Affy_10341757,0.82026522,-0.117
Affy_10341758,0.87335183,0.04
Affy_10341759,0.43021473,0.285
Affy_10341760,0.15899701,-0.463
Affy_10341761,0.56526951,0.103
Affy_10341762,0.49843553,-0.507
Affy_10341763,0.57696022,-0.268
Affy_10341764,0.26146048,0.446
Affy_10341765,0.16662098,0.353
Affy_10341766,0.52045252,0.251
Affy_10341767,0.23316284,0.696
Affy_10341768,0.30062398,-0.207
Affy_10341769,0.83873238,0.045
Affy_10341770,0.077218984,-0.857
Affy_10341771,0.40691162,-0.578
Affy_10341772,0.47962683,0.352
Affy_10341773,0.62331716,0.132
Affy_10341774,0.53010591,-0.199
Affy_10341775,0.85139523,-0.073
Affy_10341776,0.87222329,0.062
Affy_10341777,0.78151858,0.116
Affy_10341778,0.68949964,-0.161
Rab14,0.024004903,-0.311
Affy_10341780,0.06557748,-1.059
Affy_10341781,0.42641983,0.521
Affy_10341782,0.43933409,0.348
Affy_10341783,0.93958243,-0.042
Affy_10341784,0.73965998,-0.24
Affy_10341785,0.6728709,0.274
Affy_10341786,0.47559216,-0.144
Affy_10341787,0.15944916,-0.277
Derl1,0.8148017,-0.107
Affy_10341789,0.99839525,-0.001
Affy_10341790,0.60670592,0.174
Affy_10341791,0.27946571,0.755
Affy_10341792,0.80682934,-0.07
Affy_10341793,0.49847554,0.225
Affy_10341794,0.43713434,0.35
Affy_10341795,0.65647489,0.391
Affy_10341796,0.54648562,0.443
Affy_10341797,0.093440257,1.018
Affy_10341798,0.30108921,0.689
Affy_10341799,0.26234052,0.66
Affy_10341800,0.73230516,-0.202
Affy_10341801,0.77979395,0.126
Affy_10341802,0.16652348,0.77
Affy_10341803,0.52793656,0.184
Affy_10341804,0.90040567,0.076
Affy_10341805,0.028134156,0.815
Affy_10341806,0.2253077,0.571
Affy_10341807,0.72169047,0.208
Affy_10341808,0.70201003,-0.187
Affy_10341809,0.92501222,0.04
Affy_10341810,0.95619281,-0.029
Affy_10341811,0.5686824,-0.216
Affy_10341812,0.58647696,-0.414
Affy_10341813,0.41439277,0.53
Affy_10341814,0.7901615,-0.173
Affy_10341815,0.70129816,0.181
Affy_10341816,0.61298131,-0.238
Affy_10341817,0.76026313,-0.107
Affy_10341818,0.57696955,-0.418
Affy_10341819,0.1414379,0.717
Affy_10341820,0.24434075,0.582
Affy_10341821,0.01397595,-0.729
Affy_10341822,0.41602265,0.35
Affy_10341823,0.93657832,-0.038
Affy_10341824,0.3946092,0.54
Affy_10341825,0.65241238,-0.149
Atp6v0d1,0.15813246,0.784
Affy_10341827,0.38303107,-0.281
Affy_10341828,0.32680219,0.349
Affy_10341829,0.13864883,-0.247
Affy_10341830,0.19659313,-0.476
Affy_10341831,0.78959594,0.084
Affy_10341832,0.72930828,-0.067
Affy_10341833,0.20602213,-0.552
Affy_10341834,0.97024604,-0.021
Affy_10341835,0.77101632,-0.102
Aup1,0.20361962,-0.257
Affy_10341837,0.55195627,-0.275
Affy_10341838,0.86640363,0.09
Affy_10341839,0.88983164,-0.079
Affy_10341840,0.50134578,0.376
Affy_10341841,0.54201424,0.207
Affy_10341842,0.097718516,0.756
Affy_10341843,0.75855345,-0.144
Affy_10341844,0.56147511,-0.303
Ncstn,0.19400698,0.982
Affy_10341846,0.942467,-0.047
Affy_10341847,0.37877015,0.186
Affy_10341848,0.07414301,-0.653
Affy_10341849,0.17556416,0.828
Affy_10341850,0.2351386,0.588
Affy_10341851,0.1669255,0.567
Affy_10341852,0.36115137,0.412
Affy_10341853,0.86115437,-0.09
Affy_10341854,0.56985575,0.312
Affy_10341855,0.662418,0.267
Affy_10341856,0.67314314,-0.167
Affy_10341857,0.45804417,-0.136
Affy_10341858,0.25489861,0.483
Affy_10341859,0.33415342,-0.221
Affy_10341860,0.8401137,-0.13
Affy_10341861,0.30736284,0.344
Affy_10341862,0.9299964,0.037
Affy_10341863,0.49145121,0.256
Affy_10341864,0.47062079,0.372
Affy_10341865,0.3682203,0.571
Affy_10341866,0.97638712,-0.017
Affy_10341867,0.89566295,-0.051
Affy_10341868,0.38938626,-0.558
Affy_10341869,0.10781536,0.584
Affy_10341870,0.34435028,0.489
Affy_10341871,0.31599518,0.723
Affy_10341872,0.93677584,-0.048
Affy_10341873,0.54705238,-0.142
Affy_10341874,0.69776007,-0.176
Affy_10341875,0.8038276,-0.102
Affy_10341876,0.51170549,-0.273
Affy_10341877,0.46594416,-0.328
Affy_10341878,0.3226342,-0.48
Affy_10341879,0.019487666,1.293
Psma1,0.94561359,0.018
Affy_10341881,0.95278334,0.021
Affy_10341882,0.30466682,-0.37
Affy_10341883,0.70025435,0.214
Affy_10341884,0.080431426,-0.784
Affy_10341885,0.50560824,-0.446
Affy_10341886,0.81342346,0.111
Affy_10341887,0.70181735,0.203
Affy_10341888,0.72545922,-0.174
Affy_10341889,0.55732645,-0.235
Affy_10341890,1,0
Affy_10341891,0.2439268,-0.473
Affy_10341892,0.12045387,-0.85
Affy_10341893,0.72262242,-0.264
Affy_10341894,0.13943523,-0.556
Affy_10341895,0.23852093,-0.572
Affy_10341896,0.60034749,-0.298
Anapc1,0.22629046,1.837
Affy_10341898,0.45491051,0.366
Affy_10341899,0.23109957,0.631
Affy_10341900,0.76691506,-0.115
Affy_10341901,0.25086575,0.283
Affy_10341902,0.75079724,0.154
Affy_10341903,0.30614469,-0.593
Affy_10341904,0.25232735,0.534
Affy_10341905,0.50154168,-0.467
Affy_10341906,0.41003458,0.473
Affy_10341907,0.29839492,-0.478
Affy_10341908,0.31650097,-0.466
Affy_10341909,0.31881161,0.628
Affy_10341910,0.13757983,1.086
Affy_10341911,0.26974616,-0.387
Affy_10341912,0.045946606,1.224
Affy_10341913,0.40765587,-0.334
Affy_10341914,0.35698776,0.337
Affy_10341915,0.49536317,-0.414
Affy_10341916,0.87230391,0.091
Affy_10341917,0.56177027,0.319
Affy_10341918,0.042652346,1.314
Affy_10341919,0.74864846,-0.208
Affy_10341920,0.36955409,-0.424
Affy_10341921,0.31085325,0.21
Affy_10341922,0.54426893,0.302
Affy_10341923,0.9663426,0.021
Affy_10341924,0.045913401,0.972
Affy_10341925,0.16633041,-0.604
Affy_10341926,0.69338179,-0.191
Affy_10341927,0.010814774,-0.62
Affy_10341928,0.43855699,0.43
Affy_10341929,0.30947294,-0.329
Copa,0.15605754,0.673
Affy_10341931,0.45987331,-0.256
Affy_10341932,0.79884799,-0.205
Affy_10341933,0.34398617,-0.375
Affy_10341934,0.36410531,0.264
Affy_10341935,0.20925068,-0.65
Affy_10341936,0.88099846,0.068
Affy_10341937,0.91993296,-0.045
Affy_10341938,0.54235985,0.348
Affy_10341939,0.49500014,-0.183
Affy_10341940,0.70060281,0.237
Affy_10341941,0.76776741,0.146
Affy_10341942,0.29477425,0.414
Affy_10341943,0.25494636,0.39
Affy_10341944,0.31364342,0.267
Affy_10341945,0.94314199,0.047
Affy_10341946,0.9401643,0.037
Affy_10341947,0.92225738,-0.037
Affy_10341948,0.37442075,-0.163
Affy_10341949,0.70120351,-0.104
Affy_10341950,0.60047093,0.637
Smim7,0.16104783,0.471
Affy_10341952,0.11108073,-0.663
Affy_10341953,0.92697301,-0.073
Affy_10341954,0.55742119,0.411
Affy_10341955,0.68516161,-0.281
Copa,0.90453194,0.035
Affy_10341957,0.74570158,0.164
Affy_10341958,0.47591071,0.623
Affy_10341959,0.26591345,-0.716
Affy_10341960,0.73612835,0.218
Affy_10341961,0.50116609,0.405
Affy_10341962,0.84668735,0.077
Affy_10341963,0.6113236,-0.069
Affy_10341964,0.69093408,0.201
Affy_10341965,0.36235972,0.405
Affy_10341966,0.20473349,-0.81
Affy_10341967,0.91695285,-0.014
Affy_10341968,0.73644738,0.168
Affy_10341969,0.21963081,0.592
Affy_10341970,0.58894758,0.35
Affy_10341971,0.17992,0.325
Affy_10341972,0.52102518,0.291
Affy_10341973,0.35418649,-0.306
Affy_10341974,0.33953864,-1.032
Affy_10341975,0.89939431,-0.058
Affy_10341976,0.82186822,0.08
Affy_10341977,0.33730689,-0.415
Affy_10341978,0.036012641,1.107
Affy_10341979,0.30904686,-0.437
Affy_10341980,0.77981731,0.056
Affy_10341981,0.22618069,-0.566
Affy_10341982,0.81910859,0.111
Affy_10341983,0.0697159,1.147
Affy_10341984,0.43990018,-0.284
Affy_10341985,0.17058319,0.664
Abhd16a,0.51077567,0.362
Affy_10341987,0.43108132,-0.314
Affy_10341988,0.41198725,-0.233
Affy_10341989,0.44652424,-0.47
Affy_10341990,0.029909381,0.915
Affy_10341991,0.72439173,0.11
Affy_10341992,0.52233415,0.179
Affy_10341993,0.63377353,0.24
Affy_10341994,0.95837442,-0.025
Affy_10341995,0.75390106,-0.034
Affy_10341996,0.044277111,-0.898
Affy_10341997,0.75901664,0.159
Affy_10341998,0.79524781,0.119
Affy_10341999,0.71792491,-0.282
Affy_10342000,0.30751088,0.78
Affy_10342001,0.80933552,0.168
Affy_10342002,0.85776986,0.074
Affy_10342003,0.43549061,0.241
Affy_10342004,0.78943794,-0.107
Affy_10342005,0.97899411,0.009
Affy_10342006,0.64663631,0.265
Affy_10342007,0.22045337,-0.758
Affy_10342008,0.85672527,-0.073
Affy_10342009,0.34247989,0.403
Affy_10342010,0.24133099,0.992
Hb1bp3,0.43914725,0.626
Affy_10342012,0.72726821,-0.089
Affy_10342013,0.65909545,0.469
Affy_10342014,0.94166979,-0.029
Affy_10342015,0.51091351,0.253
Affy_10342016,0.043210115,-0.906
Xpo7,0.14623884,0.636
Affy_10342018,0.58270418,0.234
Affy_10342019,0.9011249,0.068
Affy_10342020,0.7956118,0.12
Affy_10342021,0.95542124,-0.016
Fryl,0.87801238,-0.092
Affy_10342023,0.96111944,0.025
Affy_10342024,0.88393138,0.042
Affy_10342025,0.42432266,0.393
Affy_10342026,0.77224585,-0.214
Affy_10342027,0.44381813,0.456
Affy_10342028,0.49391875,0.352
Affy_10342029,0.44788727,-0.454
Affy_10342030,0.7480828,0.114
Affy_10342031,0.1379712,-1.704
Affy_10342032,0.6239643,-0.192
Affy_10342033,0.1442689,0.754
Affy_10342034,0.41289482,0.406
Affy_10342035,0.80966604,-0.092
Affy_10342036,0.99370236,0.004
Affy_10342037,0.8949808,0.081
Affy_10342038,0.47215103,0.472
Affy_10342039,0.67287553,-0.383
Affy_10342040,0.74072722,0.165
Affy_10342041,0.47613569,-0.306
Affy_10342042,0.82720252,-0.154
Affy_10342043,0.94530057,-0.031
Affy_10342044,0.75602743,-0.162
Affy_10342045,0.52073955,-0.303
Affy_10342046,0.60680805,-0.235
Affy_10342047,0.7789025,-0.093
Affy_10342048,0.51205008,0.235
Affy_10342049,0.20826887,-0.596
Affy_10342050,0.33731029,-0.313
Affy_10342051,0.92222713,-0.033
Affy_10342052,0.68869199,0.133
Fryl,0.34983707,0.269
Affy_10342054,0.96652999,-0.024
Copa,0.49211636,0.284
Affy_10342056,0.75843813,-0.12
Affy_10342057,0.54524332,0.251
Affy_10342058,0.63346958,0.269
Affy_10342059,0.11348986,0.737
Affy_10342060,0.025460514,-0.955
Affy_10342061,0.95219843,0.024
Affy_10342062,0.24752073,-0.506
Affy_10342063,0.10956234,1.008
Affy_10342064,0.13038546,0.88
Affy_10342065,0.026483873,1.029
Affy_10342066,0.7124334,0.158
Affy_10342067,0.66938249,-0.109
Anapc1,0.64380522,0.316
Affy_10342069,0.31792972,-0.411
Affy_10342070,0.82332544,0.162
Affy_10342071,0.83972738,0.07
Affy_10342072,0.53484929,0.364
Affy_10342073,0.54671672,-0.205
Affy_10342074,0.91891001,-0.032
Affy_10342075,0.72895355,-0.178
Affy_10342076,0.56967523,-0.2
Affy_10342077,0.46882017,-0.43
Affy_10342078,0.37137478,-0.301
Affy_10342079,0.2147793,-0.554
Affy_10342080,0.26203615,0.79
Affy_10342081,0.83962465,0.103
Affy_10342082,0.44701393,0.342
Affy_10342083,0.051551934,-0.716
Affy_10342084,0.95935005,-0.022
Affy_10342085,0.50833489,0.212
Affy_10342086,0.96458779,0.024
Affy_10342087,0.27232619,0.672
Affy_10342088,0.21605883,-0.65
Affy_10342089,0.35151409,-0.483
Affy_10342090,0.62229274,-0.179
Affy_10342091,0.71900423,-0.183
Affy_10342092,0.45429403,0.441
Affy_10342093,0.19321766,0.567
Affy_10342094,0.55158073,0.332
Affy_10342095,0.89184943,-0.053
Affy_10342096,0.53608058,-0.121
Affy_10342097,0.80565379,0.106
Affy_10342098,0.81334027,0.061
Hb1bp3,0.24294154,-0.724
Affy_10342100,0.9431523,0.031
Affy_10342101,0.27714302,0.588
Affy_10342102,0.68882304,0.244
Affy_10342103,0.29304561,-0.496
G3bp2,0.73258229,0.148
Affy_10342105,0.44392079,0.295
Affy_10342106,0.94041987,-0.039
Affy_10342107,0.11886665,0.73
Affy_10342108,0.6821594,0.236
Affy_10342109,0.91814977,-0.046
Affy_10342110,0.37267742,-0.564
Affy_10342111,0.33993179,-0.316
Affy_10342112,0.9385247,0.03
Affy_10342113,0.45009275,0.572
Affy_10342114,0.75182914,0.188
Affy_10342115,0.29496796,0.591
Affy_10342116,0.76408116,0.143
Affy_10342117,0.79715209,-0.1
Affy_10342118,0.61630964,-0.073
Affy_10342119,0.63220717,0.188
Ube2g1,0.27419379,-1.601
Affy_10342121,0.73581047,0.115
Affy_10342122,0.21228783,0.412
Affy_10342123,0.56398813,-0.358
Affy_10342124,0.6307894,0.318
Affy_10342125,0.66384595,0.236
Affy_10342126,0.66461444,-0.222
Affy_10342127,0.90622355,-0.052
Affy_10342128,0.52081919,-0.314
Affy_10342129,0.78823421,0.142
Affy_10342130,0.86348679,0.038
Affy_10342131,0.7964315,-0.061
Affy_10342132,0.44163904,-0.46
Affy_10342133,0.7564018,-0.132
Affy_10342134,0.30447004,0.392
Affy_10342135,0.96496012,0.013
Affy_10342136,0.16945834,-0.625
Affy_10342137,0.062237878,-0.628
Affy_10342138,0.96558547,0.021
Affy_10342139,0.48468271,0.294
Affy_10342140,0.72584552,0.084
Affy_10342141,0.74469637,0.185
Affy_10342142,0.91351123,-0.084
Affy_10342143,0.092409635,-0.725
Affy_10342144,0.69306825,0.257
Affy_10342145,0.26018012,0.724
Affy_10342146,0.40431736,-0.325
Affy_10342147,0.44103438,0.436
Affy_10342148,0.84395585,-0.146
Affy_10342149,0.88825521,-0.06
Affy_10342150,0.29698374,0.368
Affy_10342151,0.9917711,-0.002
Affy_10342152,0.60697723,-0.156
Affy_10342153,0.72041883,0.093
Affy_10342154,0.8455083,0.048
Affy_10342155,0.001716965,-1.021
Affy_10342156,0.66508045,-0.247
Affy_10342157,0.45251492,0.23
Affy_10342158,0.36374988,-0.402
Affy_10342159,0.76487782,0.131
Affy_10342160,0.78549295,0.097
Affy_10342161,0.78605168,-0.114
Affy_10342162,0.16841392,1.483
Affy_10342163,0.29838376,-0.312
Affy_10342164,0.53799104,0.3
Affy_10342165,0.15947894,1.4
Affy_10342166,0.37856245,0.975
Affy_10342167,0.95691721,-0.037
Affy_10342168,0.50340138,0.359
Affy_10342169,0.66582806,0.27
Affy_10342170,0.56511098,0.199
Affy_10342171,0.5504664,0.107
Affy_10342172,0.25019883,0.691
Affy_10342173,0.25370484,-0.78
Affy_10342174,0.80309553,-0.139
Affy_10342175,0.36590162,0.366
Affy_10342176,0.43685884,-0.304
Affy_10342177,0.37620194,-0.566
Affy_10342178,0.1613806,0.917
Affy_10342179,0.3684434,-0.34
Affy_10342180,0.97539007,0.008
Affy_10342181,0.66861748,0.302
Affy_10342182,0.89850621,-0.065
Affy_10342183,0.76641978,-0.136
Affy_10342184,0.82560409,0.1
Affy_10342185,0.65493126,0.324
Affy_10342186,0.14928254,-0.316
Affy_10342187,0.51324359,0.261
Affy_10342188,0.23855808,0.644
Affy_10342189,0.87771202,-0.064
Affy_10342190,0.98400658,0.011
Affy_10342191,0.22438433,0.481
Txndc12,0.24578116,-0.655
Affy_10342193,0.10873127,0.625
Affy_10342194,0.18627433,-0.688
Affy_10342195,0.95115289,0.018
Affy_10342196,0.87204682,0.057
Affy_10342197,0.66633968,-0.106
Affy_10342198,0.74140243,-0.116
Affy_10342199,0.82554642,-0.065
Affy_10342200,0.14768605,0.775
Affy_10342201,0.98467333,-0.008
Affy_10342202,0.49276573,0.481
Affy_10342203,0.68680877,-0.128
Affy_10342204,0.22913687,-0.571
Affy_10342205,0.75445413,0.108
Affy_10342206,0.71980487,0.177
Affy_10342207,0.14484277,-0.642
Affy_10342208,0.83820195,-0.115
Affy_10342209,0.94657808,0.025
Affy_10342210,0.83809249,0.046
Affy_10342211,0.49052366,0.553
Affy_10342212,0.49169319,0.35
Affy_10342213,0.75770169,-0.156
Affy_10342214,0.6475852,0.231
Affy_10342215,0.44248595,0.319
Affy_10342216,0.81269299,0.126
Affy_10342217,0.87316676,-0.052
Affy_10342218,0.70474585,-0.124
Affy_10342219,0.80728304,0.105
Affy_10342220,0.76646631,-0.12
Affy_10342221,0.82992695,0.096
Affy_10342222,0.50731567,-0.158
Affy_10342223,0.41954352,-0.503
Affy_10342224,0.78679424,0.19
Affy_10342225,0.72715438,-0.222
Affy_10342226,0.87402499,0.044
Affy_10342227,0.19838396,-0.302
Affy_10342228,0.13859869,0.623
Affy_10342229,0.12516719,1.096
Affy_10342230,0.21905279,-0.546
Affy_10342231,0.68073147,0.328
Affy_10342232,0.55832182,0.232
Psap,0.98353983,0.01
Affy_10342234,0.8596877,-0.108
Affy_10342235,0.20272782,0.714
Affy_10342236,0.62949499,-0.296
Affy_10342237,0.8419489,0.097
Affy_10342238,0.90098933,0.05
Affy_10342239,0.5248169,0.616
Affy_10342240,0.47032165,-0.321
Affy_10342241,0.45621572,0.375
Affy_10342242,0.55473228,0.306
Affy_10342243,0.1027521,0.963
Affy_10342244,0.61992824,0.183
Affy_10342245,0.98594155,-0.01
Affy_10342246,0.14320714,0.877
Affy_10342247,0.71734429,-0.093
Affy_10342248,0.5699682,0.374
Affy_10342249,0.65393657,-0.142
Affy_10342250,0.67981964,-0.228
Affy_10342251,0.73453375,-0.16
Affy_10342252,0.76183984,0.229
Affy_10342253,0.097558062,0.401
Affy_10342254,0.38103034,0.57
Affy_10342255,0.47526507,-0.392
Affy_10342256,0.95297619,0.032
Affy_10342257,0.96501619,-0.025
Affy_10342258,0.55037084,0.368
Affy_10342259,0.24208623,0.391
Affy_10342260,0.93151102,-0.056
Psap,0.94157574,0.019
Affy_10342262,0.2206116,0.401
Affy_10342263,0.65434048,-0.126
Affy_10342264,0.45427501,-0.335
Affy_10342265,0.85052758,0.047
Affy_10342266,0.54884854,0.35
Affy_10342267,0.7948421,0.109
Affy_10342268,0.32153525,-0.38
Affy_10342269,0.27018849,-0.624
Affy_10342270,0.34078936,0.652
Affy_10342271,0.86917496,0.126
Affy_10342272,0.46983415,0.502
Affy_10342273,0.58041121,-0.232
Affy_10342274,0.69366904,0.206
Affy_10342275,0.93420989,-0.044
Affy_10342276,0.70393336,-0.069
Affy_10342277,0.71559298,0.244
Affy_10342278,0.58303389,0.285
Affy_10342279,0.74676342,-0.209
Affy_10342280,0.40763136,-0.372
Affy_10342281,0.38160308,0.211
Affy_10342282,0.43821917,-0.144
Affy_10342283,0.964921,0.026
Affy_10342284,0.03740639,1.081
Affy_10342285,0.52337434,0.445
Affy_10342286,0.88785648,0.088
Affy_10342287,0.16172259,-0.862
Affy_10342288,0.1067819,1.155
Affy_10342289,0.12544781,-0.413
Affy_10342290,0.50241183,-0.222
Affy_10342291,0.92783889,-0.05
Affy_10342292,0.5188335,0.253
Affy_10342293,0.55485193,0.308
Rfk,0.25320138,-1.184
Affy_10342295,0.47409826,0.169
Affy_10342296,0.5311912,-0.433
Affy_10342297,0.8974422,-0.099
Affy_10342298,0.48709105,0.344
Affy_10342299,0.7297485,0.172
Affy_10342300,0.45919552,0.542
Affy_10342301,0.2905739,0.586
Affy_10342302,0.20724299,0.791
Affy_10342303,0.52204932,-0.294
Affy_10342304,0.57431993,0.282
Affy_10342305,0.26232025,-0.55
Affy_10342306,0.60578043,0.153
Copa,0.58037318,0.182
Copa,0.59581564,0.158
Affy_10342309,0.74826957,-0.098
Affy_10342310,0.9511358,-0.02
Affy_10342311,0.695064,0.221
Affy_10342312,0.05296996,-0.942
Affy_10342313,0.63180506,0.159
Affy_10342314,0.91082623,0.038
Affy_10342315,0.077522288,1.192
Affy_10342316,0.84632222,0.11
Affy_10342317,0.54447041,-0.688
Affy_10342318,0.11823093,0.722
Affy_10342319,0.41170405,0.301
Affy_10342320,0.46601025,0.29
Affy_10342321,0.49702969,-0.236
Affy_10342322,0.54141782,-0.227
Affy_10342323,0.92445737,-0.041
Affy_10342324,0.55116007,-0.133
Affy_10342325,0.85736454,0.099
Affy_10342326,0.67931013,-0.187
Affy_10342327,0.90645281,-0.062
Affy_10342328,0.57214535,0.255
Affy_10342329,0.64782311,-0.176
Affy_10342330,0.85196907,0.076
Affy_10342331,0.11845621,0.576
Affy_10342332,0.55159954,-0.229
Affy_10342333,0.93958668,0.031
Affy_10342334,0.71565195,-0.203
Affy_10342335,0.72129441,-0.213
Affy_10342336,0.73478666,-0.135
Affy_10342337,0.60244591,0.374
Affy_10342338,0.1525589,-0.659
Affy_10342339,0.5492938,-0.204
Affy_10342340,0.5503947,0.289
Affy_10342341,0.69954523,-0.236
Affy_10342342,0.22376558,-0.45
Affy_10342343,0.84657473,-0.059
Affy_10342344,0.63316014,0.566
Affy_10342345,0.80735565,-0.083
Affy_10342346,0.69153996,-0.185
Affy_10342347,0.70784326,0.147
Affy_10342348,0.18223084,-0.539
Rfk,0.11203887,-1.02
Affy_10342350,0.49362724,0.307
Affy_10342351,0.33595716,0.566
Affy_10342352,0.6827002,-0.14
Affy_10342353,0.67261043,-0.195
Affy_10342354,0.34078267,-0.503
Affy_10342355,0.97436549,-0.015
Affy_10342356,0.56256477,-0.319
Affy_10342357,0.32336645,-0.512
Affy_10342358,0.55170689,-0.134
Affy_10342359,0.33151189,0.275
Affy_10342360,0.67306723,0.098
Affy_10342361,0.59788379,-0.276
Affy_10342362,0.9867751,0.008
Affy_10342363,0.69439624,-0.147
Affy_10342364,0.25674434,0.772
Affy_10342365,0.47248318,-0.203
Affy_10342366,0.80453063,-0.074
Affy_10342367,0.067404035,1.445
Affy_10342368,0.66362051,-0.136
Affy_10342369,0.61730331,0.204
Affy_10342370,0.02381508,0.822
Affy_10342371,0.57489988,0.247
Affy_10342372,0.17930696,0.451
Affy_10342373,0.5115785,0.269
Affy_10342374,0.65691054,0.165
Vta1,0.45769988,0.144
Affy_10342376,0.7590016,0.146
Affy_10342377,0.024911301,1.629
Affy_10342378,0.98494704,0.006
Affy_10342379,0.84813244,0.097
Affy_10342380,0.08898914,0.781
Affy_10342381,0.27170222,0.421
Affy_10342382,0.69543089,0.196
Affy_10342383,0.83613602,-0.038
Affy_10342384,0.63511199,-0.331
Affy_10342385,0.37252564,0.369
Affy_10342386,0.20925187,-0.395
Affy_10342387,0.011033079,1.048
Affy_10342388,0.43386818,0.33
Affy_10342389,0.1613763,-0.45
Affy_10342390,0.86725525,0.051
Affy_10342391,0.53557208,0.238
Affy_10342392,0.63300401,-0.248
Affy_10342393,0.37218544,0.22
Affy_10342394,0.72515989,-0.24
Fryl,0.21349558,-0.53
Affy_10342396,0.66639324,0.186
Affy_10342397,0.28618957,0.257
Affy_10342398,0.52839468,0.28
Affy_10342399,0.35152829,0.566
Affy_10342400,0.74490287,0.105
Affy_10342401,0.18892951,0.557
Affy_10342402,0.40543808,-0.212
Affy_10342403,0.35150119,0.527
Affy_10342404,0.003001797,1.216
Affy_10342405,0.70165638,-0.155
Affy_10342406,0.57378628,-0.145
Affy_10342407,0.13623189,0.756
Affy_10342408,0.58533265,0.09
Affy_10342409,0.38229959,-0.529
Affy_10342410,0.57631825,0.291
Affy_10342411,0.71827291,-0.262
Affy_10342412,0.63360673,-0.242
Affy_10342413,0.9543649,-0.045
Affy_10342414,0.29872854,-0.579
Affy_10342415,0.95879261,-0.021
Affy_10342416,0.90789497,-0.025
Affy_10342417,0.93603581,-0.031
Affy_10342418,0.79080887,0.102
Affy_10342419,0.68871082,0.149
Affy_10342420,0.3265413,0.316
Affy_10342421,0.30625844,-0.547
Affy_10342422,0.18305265,0.699
Affy_10342423,0.50960477,0.372
Affy_10342424,0.81857453,0.118
Affy_10342425,0.47938644,0.192
Affy_10342426,0.68530309,0.228
Affy_10342427,0.72115704,-0.224
Affy_10342428,0.51445239,-0.331
Affy_10342429,0.72072919,-0.096
Affy_10342430,0.62019295,-0.128
Affy_10342431,0.64718608,0.31
Affy_10342432,0.33923624,0.254
Affy_10342433,0.88581101,0.126
Affy_10342434,0.11148312,0.797
Affy_10342435,0.3135038,0.233
Copg,0.79342448,-0.075
Affy_10342437,0.86984972,-0.078
Affy_10342438,0.75110957,0.132
Affy_10342439,0.62203427,0.278
Affy_10342440,0.14024179,0.915
Affy_10342441,0.13810151,0.585
Rfk,0.11695109,-1.583
Affy_10342443,0.5573172,-0.288
Affy_10342444,0.73170748,-0.176
Affy_10342445,0.093188416,0.955
Affy_10342446,0.44712422,-0.32
Affy_10342447,0.59125085,0.254
Affy_10342448,0.89411574,0.059
Affy_10342449,0.51571932,0.329
Affy_10342450,0.70569373,0.131
Affy_10342451,0.78024273,0.076
Affy_10342452,0.63313711,0.182
Affy_10342453,0.91878905,0.063
Affy_10342454,0.53954873,0.174
Affy_10342455,0.90155346,-0.06
Affy_10342456,0.10196406,0.806
Affy_10342457,0.82088785,-0.156
Affy_10342458,0.19100409,0.786
Copa,0.81573273,0.103
Affy_10342460,0.57475501,-0.16
Affy_10342461,0.59266288,0.145
Affy_10342462,0.890957,-0.039
Affy_10342463,0.95624845,-0.025
Affy_10342464,0.57989855,-0.341
Affy_10342465,0.11749567,-0.637
Affy_10342466,0.31158622,0.188
Affy_10342467,0.39338183,-0.322
Affy_10342468,0.57947463,-0.374
Affy_10342469,0.056083132,-0.958
Affy_10342470,0.6493906,0.201
Affy_10342471,0.44072819,-0.329
Affy_10342472,0.72556905,-0.171
Sar1a,0.57996809,0.143
Affy_10342474,0.33399582,0.353
Affy_10342475,0.4150535,-0.569
Affy_10342476,0.70750635,0.427
Affy_10342477,0.1088122,-0.926
Affy_10342478,0.069902372,-0.604
Affy_10342479,0.56501374,0.405
Affy_10342480,0.63781487,-0.258
Affy_10342481,0.73175144,0.098
Golm1,0.82293036,-0.06
Affy_10342483,0.44289974,-0.347
Affy_10342484,0.12383352,0.877
Affy_10342485,0.97381648,0.012
Affy_10342486,0.74403722,-0.078
Affy_10342487,0.91315913,-0.062
Affy_10342488,0.29719702,-0.306
Affy_10342489,0.90845826,-0.048
Affy_10342490,0.95422676,0.017
Affy_10342491,0.77700463,-0.17
Affy_10342492,0.92203904,0.072
Affy_10342493,0.78011207,0.112
Affy_10342494,0.82455932,-0.114
Affy_10342495,0.26228339,0.349
Affy_10342496,0.67949759,0.194
Affy_10342497,0.18075403,0.919
Affy_10342498,0.040543588,0.962
Ssr3,0.45373263,0.274
Affy_10342500,0.76469298,0.196
Affy_10342501,0.78655146,0.195
Affy_10342502,0.58904244,0.125
Affy_10342503,0.51193642,0.302
Affy_10342504,0.6026798,0.132
Affy_10342505,0.24717501,0.64
Affy_10342506,0.70603244,0.21
Affy_10342507,0.98290279,0.006
Affy_10342508,0.62177482,-0.336
Ube2g1,0.63023799,0.124
Affy_10342510,0.79691849,0.097
Affy_10342511,0.24692346,0.682
Affy_10342512,0.086246687,0.794
Affy_10342513,0.67911096,-0.261
Affy_10342514,0.52481128,0.231
Affy_10342515,0.12608785,0.813
Affy_10342516,0.14218889,-0.906
Affy_10342517,0.66959055,-0.133
Affy_10342518,0.11730438,-0.626
Affy_10342519,0.82371999,0.074
Affy_10342520,0.29910965,0.429
Affy_10342521,0.6141976,-0.359
Affy_10342522,0.14633915,0.333
Affy_10342523,0.5718408,-0.266
Affy_10342524,0.78757203,0.132
Affy_10342525,0.89502021,-0.056
Affy_10342526,0.87451215,-0.075
Affy_10342527,0.61348687,0.254
Affy_10342528,0.89497531,0.05
Affy_10342529,0.81725156,0.135
Mrp127,0.6326599,0.129
Affy_10342531,0.98717459,-0.009
Affy_10342532,0.38868556,0.235
Itch,0.18037836,0.412
Affy_10342534,0.45591387,-0.245
Affy_10342535,0.21643868,0.857
Affy_10342536,0.64396313,0.288
Affy_10342537,0.46139939,-0.229
Affy_10342538,0.86680252,-0.087
Affy_10342539,0.68213696,0.162
Affy_10342540,0.63098355,-0.318
Affy_10342541,0.81439657,0.14
Affy_10342542,0.80177052,0.121
Affy_10342543,0.76301711,0.161
Affy_10342544,0.35222729,-0.408
Ssr3,0.77105004,0.11
Affy_10342546,0.69650368,0.182
Affy_10342547,0.65240174,0.221
Affy_10342548,0.92720003,0.026
Affy_10342549,0.84749867,-0.092
Affy_10342550,0.93870861,-0.039
Affy_10342551,0.24870772,-0.5
Affy_10342552,0.72830124,0.216
Wars,0.37808286,-0.932
Affy_10342554,0.48015847,-0.288
Affy_10342555,0.57969176,-0.168
Affy_10342556,0.434023,0.456
Affy_10342557,0.58288337,0.32
Affy_10342558,0.51714185,-0.314
Affy_10342559,0.2658049,0.671
Affy_10342560,0.8104952,-0.144
Affy_10342561,0.89669484,0.14
Affy_10342562,0.77954932,-0.066
Affy_10342563,0.52220765,-0.328
Affy_10342564,0.19314428,1.111
Affy_10342565,0.064218763,1.173
Affy_10342566,0.74007781,-0.13
Affy_10342567,0.39322404,0.284
Copa,0.23700474,1.383
Affy_10342569,0.040540845,-1.117
Affy_10342570,0.11481109,1.616
Affy_10342571,0.24499712,0.794
Affy_10342572,0.087621786,-0.35
Affy_10342573,0.55384162,0.302
Affy_10342574,0.58729912,-0.257
Affy_10342575,0.98212171,-0.011
Affy_10342576,0.49265648,-0.223
Nmt1,0.83228253,0.058
Affy_10342578,0.98098898,-0.011
Affy_10342579,0.74692092,0.134
Affy_10342580,0.64998653,-0.259
Affy_10342581,0.48351647,0.256
Affy_10342582,0.9919549,-0.004
Affy_10342583,0.98066784,0.016
Affy_10342584,0.30456218,0.517
Affy_10342585,0.52679801,-0.377
Affy_10342586,0.4997029,-0.492
Affy_10342587,0.4136171,-0.469
Affy_10342588,0.84251773,-0.101
Affy_10342589,0.81966152,0.191
Affy_10342590,0.48517453,-0.239
Affy_10342591,0.99675816,0.002
Affy_10342592,0.44292965,0.352
Affy_10342593,0.50341806,0.324
Affy_10342594,0.23335314,0.658
Affy_10342595,0.84177129,-0.086
Affy_10342596,0.96493722,0.033
Affy_10342597,0.18141483,-0.6
Affy_10342598,0.35146512,0.796
Affy_10342599,0.87671731,-0.071
Affy_10342600,0.99443906,-0.003
Affy_10342601,0.28101504,-0.359
Affy_10342602,0.56246317,0.342
Affy_10342603,0.66542011,-0.124
Affy_10342604,0.26656903,0.592
Affy_10342605,0.72456747,-0.133
Affy_10342606,0.3258081,0.47
Affy_10342607,0.63149931,-0.218
Affy_10342608,0.82287449,-0.088
Affy_10342609,0.55097386,-0.342
Affy_10342610,0.34716393,-0.502
Affy_10342611,0.52140448,0.218
Affy_10342612,0.33960895,0.324
Affy_10342613,0.76150279,0.065
Affy_10342614,0.25454722,-0.491
Affy_10342615,0.82811369,0.097
Affy_10342616,0.092658747,0.649
Affy_10342617,0.51814475,0.44
Affy_10342618,0.18799464,-0.322
Affy_10342619,0.88296653,-0.105
Affy_10342620,0.65798649,-0.184
Affy_10342621,0.51766882,0.259
Affy_10342622,0.81780267,0.141
Affy_10342623,0.41847511,-0.178
Affy_10342624,0.51093221,0.57
Affy_10342625,0.40979377,0.326
Affy_10342626,0.37173832,0.578
Affy_10342627,0.99005409,0.005
Affy_10342628,0.65864779,0.229
Affy_10342629,0.57535575,-0.342
Affy_10342630,0.28566119,-0.453
Affy_10342631,0.57542993,-0.339
Affy_10342632,0.17926499,-0.419
Affy_10342633,0.67934434,0.092
Affy_10342634,0.062522024,1.643
Affy_10342635,0.92228814,-0.021
Copg,0.56695222,-0.139
Affy_10342637,0.78541301,-0.208
Affy_10342638,0.75488072,0.104
Affy_10342639,0.85593567,0.068
Affy_10342640,0.68864922,-0.146
Affy_10342641,0.6550982,-0.105
Affy_10342642,0.32698018,0.473
Affy_10342643,0.62171591,-0.224
Affy_10342644,0.008467885,1.929
Affy_10342645,0.99490144,0.003
Cox18,0.35338681,-0.459
Affy_10342647,0.90642113,-0.043
Affy_10342648,0.73355688,-0.164
Affy_10342649,0.95375798,-0.018
Affy_10342650,0.7521209,-0.149
Affy_10342651,0.51811133,-0.269
Affy_10342652,0.55121532,0.397
Affy_10342653,0.73518417,-0.163
Affy_10342654,0.50375832,-0.381
Affy_10342655,0.18603473,-0.568
Affy_10342656,0.64005291,0.267
Affy_10342657,0.23600094,0.65
Affy_10342658,0.83509018,-0.072
Affy_10342659,0.10623787,0.807
Affy_10342660,0.81660011,0.063
Affy_10342661,0.18443387,-0.517
Affy_10342662,0.50710463,0.376
Affy_10342663,0.55895517,0.622
Affy_10342664,0.20549217,-0.483
Affy_10342665,0.9250637,0.047
Affy_10342666,0.24213983,0.528
Affy_10342667,0.83994354,0.113
Affy_10342668,0.51651382,-0.327
Affy_10342669,0.26706844,0.486
Affy_10342670,0.69781717,-0.182
Affy_10342671,0.42833575,-0.316
Affy_10342672,0.73255078,-0.164
Copa,0.31610432,0.393
Affy_10342674,0.56970348,0.361
Hb1bp3,0.64263489,0.083
Affy_10342676,0.84900029,-0.109
Hdac5,0.49783704,-0.209
Affy_10342678,0.050593615,-0.848
Affy_10342679,0.81802557,-0.124
Affy_10342680,0.75007667,0.135
Copa,0.44311072,0.379
Affy_10342682,0.49644532,0.474
Affy_10342683,0.51994123,0.394
Affy_10342684,0.22779973,-0.218
Affy_10342685,0.5096707,-0.317
Affy_10342686,0.91402571,0.041
Affy_10342687,0.90340598,0.067
Affy_10342688,0.38168422,0.602
Affy_10342689,0.6890249,-0.114
Affy_10342690,0.51335795,-0.366
Affy_10342691,0.66902087,-0.186
Affy_10342692,0.8681992,0.07
Affy_10342693,1,0
Affy_10342694,0.68610057,0.226
Affy_10342695,0.67677536,-0.108
Affy_10342696,0.96376301,-0.01
Affy_10342697,0.94844199,0.012
Affy_10342698,0.16870654,0.298
Copa,0.74638973,0.191
Affy_10342700,0.97235802,-0.018
Affy_10342701,0.48743472,0.323
Affy_10342702,0.51779065,-0.251
Affy_10342703,0.57652831,-0.338
Affy_10342704,0.16319296,-0.554
Affy_10342705,0.54954252,-0.211
Affy_10342706,0.47116718,0.427
Affy_10342707,0.44801404,0.536
Affy_10342708,0.91902729,0.042
Affy_10342709,0.081961709,-0.468
Affy_10342710,0.56890214,0.304
Affy_10342711,0.88800927,0.058
Affy_10342712,0.23534057,0.568
Affy_10342713,0.12123591,1.006
Affy_10342714,0.47456593,0.423
Affy_10342715,0.60982565,-0.122
Affy_10342716,0.047102424,-1.178
Affy_10342717,0.96817431,-0.01
Affy_10342718,0.70940104,-0.157
Affy_10342719,0.19587196,-0.583
Affy_10342720,0.90705291,0.061
Affy_10342721,0.51240916,0.195
Affy_10342722,0.86374838,0.053
Affy_10342723,0.56684323,0.138
Affy_10342724,0.74627992,0.165
Itch,0.92454431,-0.022
Affy_10342726,0.42634954,0.367
Affy_10342727,0.81392676,0.159
Affy_10342728,0.16334978,0.524
Affy_10342729,0.16425864,-0.563
Affy_10342730,0.38130507,0.455
Affy_10342731,0.14576227,0.894
Affy_10342732,0.13046091,0.404
Affy_10342733,0.19868084,0.816
Affy_10342734,0.72211783,-0.177
Affy_10342735,0.62161313,0.275
Affy_10342736,0.90710867,-0.024
Affy_10342737,0.87705203,0.069
Affy_10342738,0.07404952,-0.486
Affy_10342739,0.80947998,-0.082
Affy_10342740,0.16682701,-0.457
Affy_10342741,0.94541855,-0.022
Affy_10342742,0.32010938,0.855
Affy_10342743,0.70588434,-0.209
Affy_10342744,0.43425923,0.198
Affy_10342745,0.47950869,-0.435
Affy_10342746,0.97471508,-0.007
Affy_10342747,0.53315701,0.247
Affy_10342748,0.54497074,0.413
Affy_10342749,0.1461608,1.627
Affy_10342750,0.41040031,-0.242
Affy_10342751,0.76331503,0.155
Affy_10342752,0.16836155,0.825
Affy_10342753,0.60225234,-0.226
Affy_10342754,0.34937168,0.393
Affy_10342755,0.10255569,-0.655
Affy_10342756,0.80739883,-0.101
Affy_10342757,0.29557877,0.406
Affy_10342758,0.12208322,0.952
Affy_10342759,0.77876968,-0.102
Affy_10342760,0.33286209,0.435
Affy_10342761,0.45788529,0.307
Affy_10342762,0.69798199,0.113
Affy_10342763,0.15049569,-0.376
Affy_10342764,0.22775396,0.898
Affy_10342765,0.73845942,0.135
Affy_10342766,0.99613899,-0.002
Affy_10342767,0.56657674,0.194
Ube2g1,0.035018836,1.788
Affy_10342769,0.56125657,0.325
Affy_10342770,0.86449161,0.083
Affy_10342771,0.090179907,0.768
Affy_10342772,0.90921397,-0.052
Affy_10342773,0.24104518,-0.463
Affy_10342774,0.3023098,-0.799
Affy_10342775,0.6111799,0.161
Affy_10342776,0.40143591,-0.361
Affy_10342777,0.59716351,0.167
Affy_10342778,0.87296368,0.075
Affy_10342779,0.53864554,0.132
Affy_10342780,0.56424314,0.274
Affy_10342781,0.89129854,0.073
Affy_10342782,0.65271568,-0.106
Affy_10342783,0.36565095,-0.241
Affy_10342784,0.044985388,0.906
Affy_10342785,0.071359569,-1.203
Affy_10342786,0.97483938,0.019
Affy_10342787,0.75901995,-0.114
Affy_10342788,0.2424709,0.345
Affy_10342789,0.58777485,0.199
Affy_10342790,0.96717799,-0.023
Affy_10342791,0.38045102,0.511
Affy_10342792,0.28652734,0.626
Affy_10342793,0.53940825,0.255
Affy_10342794,0.25050418,-0.379
Affy_10342795,0.27716767,0.838
Affy_10342796,0.6199386,-0.273
Affy_10342797,0.25723468,0.477
Affy_10342798,0.36637674,0.625
Affy_10342799,0.94492111,0.026
Affy_10342800,0.74896438,-0.097
Affy_10342801,0.99136698,0.005
Affy_10342802,0.25550736,0.622
Affy_10342803,0.71095725,0.141
Affy_10342804,0.21466078,-0.299
Affy_10342805,0.94462699,-0.027
Affy_10342806,0.70473258,-0.143
Affy_10342807,0.30869174,0.481
Affy_10342808,0.91091451,0.055
Tmem234,0.067931893,-0.596
Zkscan3,0.42622613,1.007
Affy_10342811,0.16427846,0.684
Affy_10342812,0.33519879,0.418
Anapc1,0.84840753,-0.052
Affy_10342814,0.97751821,0.013
Affy_10342815,0.32005849,0.632
Affy_10342816,0.62490045,0.274
Affy_10342817,0.44522402,0.248
Affy_10342818,0.52851542,0.319
Affy_10342819,0.80143091,0.094
Affy_10342820,0.62332026,-0.25
Affy_10342821,0.67994729,-0.22
Affy_10342822,0.012710467,-1.159
Affy_10342823,0.87207756,0.054
Affy_10342824,0.30319195,0.766
Affy_10342825,0.027263213,1.063
Affy_10342826,0.82634971,0.142
Affy_10342827,0.99531537,0.003
Affy_10342828,0.16850106,-0.498
Affy_10342829,0.90202795,0.051
Affy_10342830,0.52025983,-0.209
Affy_10342831,0.42195389,-0.362
Affy_10342832,0.77763215,0.082
Affy_10342833,0.26033352,0.639
Affy_10342834,0.33972443,0.476
Affy_10342835,0.71403097,-0.364
Affy_10342836,0.20074638,-0.799
Affy_10342837,0.15455178,-0.254
Affy_10342838,0.69223746,-0.162
Affy_10342839,0.5286593,-0.153
Affy_10342840,0.045186149,1.067
Affy_10342841,0.67427653,0.202
Affy_10342842,0.8506337,0.084
Affy_10342843,0.69880562,0.208
Affy_10342844,0.96874631,0.022
Affy_10342845,0.15212105,-0.87
Affy_10342846,0.99418495,0.004
Affy_10342847,0.82316588,-0.104
Affy_10342848,0.63893084,-0.249
Affy_10342849,0.46489783,-0.492
Affy_10342850,0.50987902,-0.178
Affy_10342851,0.96425866,-0.021
Affy_10342852,0.39170675,0.211
Affy_10342853,0.21114746,0.926
Affy_10342854,0.069522918,0.87
Affy_10342855,0.64241301,-0.176
Affy_10342856,0.073593483,-1.01
Affy_10342857,0.44893202,-0.171
Affy_10342858,0.78340801,0.084
Affy_10342859,0.1818404,-0.626
Affy_10342860,0.37081884,-0.154
Anapc1,0.77898511,0.108
Affy_10342862,0.58617475,-0.252
Affy_10342863,0.8149415,0.074
Affy_10342864,0.38848057,-0.349
Affy_10342865,0.73065153,-0.215
Affy_10342866,0.42813379,-0.327
Affy_10342867,0.85220548,-0.104
Affy_10342868,0.95027813,0.048
Affy_10342869,0.67808906,0.191
Affy_10342870,0.56549218,-0.214
Affy_10342871,0.78659842,0.091
Affy_10342872,0.51736691,0.491
Hb1bp3,0.92524861,0.075
Affy_10342874,0.32253358,0.504
Affy_10342875,0.23820366,0.893
Affy_10342876,0.39941213,-0.316
Affy_10342877,0.46145149,0.441
Affy_10342878,0.47259026,0.366
Affy_10342879,0.52810862,0.252
Affy_10342880,0.77909183,0.077
Affy_10342881,0.41524299,-0.448
Affy_10342882,0.13213222,-0.827
Affy_10342883,0.094662775,-0.334
Affy_10342884,0.42509241,-0.27
Affy_10342885,0.58035254,0.279
Affy_10342886,0.9974398,-0.001
Affy_10342887,0.89710769,-0.056
Affy_10342888,0.31681743,0.33
Affy_10342889,0.10213977,-1.185
Affy_10342890,0.80262222,-0.089
Affy_10342891,0.83962667,0.146
Affy_10342892,0.9038259,-0.042
Affy_10342893,0.85864846,0.05
Affy_10342894,0.4846684,0.246
Affy_10342895,0.99615767,0.003
Psenen,0.43856631,0.269
Affy_10342897,0.50219048,0.289
Affy_10342898,0.037893635,-0.793
Affy_10342899,0.77070125,0.142
Affy_10342900,0.95986268,-0.024
Affy_10342901,0.82517443,-0.102
Affy_10342902,0.66231924,0.395
Affy_10342903,0.88729524,0.05
Affy_10342904,0.98504913,-0.007
Affy_10342905,0.3995296,0.62
Affy_10342906,0.93730735,0.04
Copa,0.82650488,0.124
Affy_10342908,0.75885806,0.14
Affy_10342909,0.20140251,0.853
Affy_10342910,0.65023718,-0.215
Affy_10342911,0.56618318,-0.117
Nmt1,0.52398007,-0.16
Affy_10342913,0.27610447,0.4
Affy_10342914,0.59272029,-0.203
Affy_10342915,0.45600912,-0.432
Affy_10342916,0.71215647,0.169
Affy_10342917,0.4086904,0.464
Affy_10342918,0.081734574,0.542
Affy_10342919,0.48061043,0.37
Affy_10342920,0.98530266,-0.006
Affy_10342921,0.79762058,-0.245
Affy_10342922,0.84680296,0.112
Affy_10342923,0.9916997,-0.006
Affy_10342924,0.57469737,-0.308
Affy_10342925,0.01102574,1.356
Affy_10342926,0.36956621,-0.375
Affy_10342927,0.16882148,0.835
Affy_10342928,0.67574559,-0.223
Affy_10342929,0.95087621,0.023
Affy_10342930,0.6060234,0.148
Affy_10342931,0.61283941,0.312
Affy_10342932,0.68624241,0.21
Affy_10342933,0.62905993,0.21
Affy_10342934,0.6348006,0.226
Affy_10342935,0.80847268,-0.119
Affy_10342936,0.66870899,0.21
Affy_10342937,0.855001,-0.098
Affy_10342938,0.93464263,0.028
Affy_10342939,0.57375244,0.2
Affy_10342940,0.56855334,-0.166
Affy_10342941,0.8588987,-0.094
Affy_10342942,0.53973657,-0.307
Affy_10342943,0.89387869,0.057
Affy_10342944,0.71808859,-0.224
Affy_10342945,0.80136802,0.069
Affy_10342946,0.91670446,0.028
Affy_10342947,0.87475966,0.052
Affy_10342948,0.93767632,-0.045
Affy_10342949,0.83841961,0.05
Affy_10342950,0.55980346,-0.227
Affy_10342951,0.3329555,-0.412
Affy_10342952,0.18687296,-0.338
Affy_10342953,0.52431559,0.378
Affy_10342954,0.18278484,0.712
Affy_10342955,0.094225084,0.858
Affy_10342956,0.82044063,-0.134
Affy_10342957,0.96026246,-0.028
Affy_10342958,0.88429933,-0.1
Affy_10342959,0.51069147,0.189
Affy_10342960,0.4424378,0.367
Ube2g1,0.32873074,1.05
Affy_10342962,0.86254148,-0.098
Affy_10342963,0.99309265,0.004
Affy_10342964,0.33569752,0.444
Affy_10342965,0.43506934,-0.418
Affy_10342966,0.94107747,-0.041
Affy_10342967,0.27437724,-0.219
Affy_10342968,0.35012585,-0.379
Affy_10342969,0.165584,0.35
Affy_10342970,0.77580588,-0.128
Affy_10342971,0.44617363,0.355
Affy_10342972,0.66884816,0.414
Affy_10342973,0.59656593,0.195
Affy_10342974,0.76707835,0.143
Affy_10342975,0.46311597,0.251
Affy_10342976,0.69425503,-0.244
Affy_10342977,0.52545581,0.36
Affy_10342978,0.90866113,0.038
Affy_10342979,0.71194338,0.155
Affy_10342980,0.25231471,-0.486
Affy_10342981,0.93659715,-0.051
Affy_10342982,0.24019945,0.582
Affy_10342983,0.5600969,-0.151
Affy_10342984,0.22508398,0.454
Affy_10342985,0.81316634,-0.06
Dhrs1,0.92668125,0.021
Affy_10342987,0.037312875,0.676
Affy_10342988,0.24622666,0.586
Affy_10342989,0.38461538,0.292
Affy_10342990,0.98307268,0.015
Affy_10342991,0.94403037,0.024
Affy_10342992,0.45007226,-0.194
Affy_10342993,0.020610577,-0.318
Affy_10342994,0.66093737,-0.189
Affy_10342995,0.3116179,-0.646
Affy_10342996,0.77001536,0.154
Affy_10342997,0.13411895,0.464
Affy_10342998,0.8486967,0.082
Affy_10342999,0.2927253,0.755
Affy_10343000,0.036039263,0.814
Affy_10343001,0.75966597,-0.138
Affy_10343002,0.49341744,0.283
Affy_10343003,0.97739017,-0.015
Affy_10343004,0.74590152,0.124
Affy_10343005,0.21612691,0.933
Affy_10343006,0.84142044,-0.098
Affy_10343007,0.30605084,0.454
Affy_10343008,0.7148647,0.184
Affy_10343009,0.85963647,0.136
Affy_10343010,0.77932093,-0.127
Affy_10343011,0.33771914,0.558
Affy_10343012,0.62902641,0.283
Affy_10343013,0.10445528,0.897
Affy_10343014,0.61172698,-0.211
Affy_10343015,0.64402514,-0.214
Affy_10343016,0.70823363,0.104
Affy_10343017,0.97490417,0.02
Affy_10343018,0.88171363,0.09
Affy_10343019,0.46172669,0.27
Affy_10343020,0.86915435,-0.094
Affy_10343021,0.79032211,0.116
Affy_10343022,0.79704607,0.15
Affy_10343023,0.27125442,-0.477
Affy_10343024,0.24113217,0.382
Affy_10343025,0.78129537,-0.082
Affy_10343026,0.51046762,-0.28
Affy_10343027,0.9055502,0.029
Affy_10343028,0.97615367,0.008
Affy_10343029,0.60571623,-0.222
Affy_10343030,0.25251264,0.618
Affy_10343031,0.83628368,-0.1
Affy_10343032,0.89362969,0.053
Affy_10343033,0.28652974,-0.544
Affy_10343034,0.20138745,-0.394
Cic,0.79697445,0.201
Affy_10343036,0.37172662,0.282
Affy_10343037,0.81092925,-0.102
Affy_10343038,0.56165102,0.293
Affy_10343039,0.77321146,-0.051
Affy_10343040,0.73323268,0.095
Affy_10343041,0.86540528,0.061
Affy_10343042,0.83882025,-0.078
Affy_10343043,0.33901004,0.596
Affy_10343044,0.86756387,-0.079
Affy_10343045,0.11245493,-0.679
Affy_10343046,0.48657239,0.155
Affy_10343047,0.73380401,0.109
Affy_10343048,0.39465168,0.327
Affy_10343049,0.61398251,0.201
Affy_10343050,0.40901367,-0.291
Affy_10343051,0.59650866,0.24
Affy_10343052,0.74363764,-0.18
Affy_10343053,0.27917833,0.361
Affy_10343054,0.97501837,0.008
Pabpn1,0.52029453,-0.284
Affy_10343056,0.89649395,0.039
Affy_10343057,0.50452425,-0.303
Affy_10343058,0.15935973,0.526
Affy_10343059,0.70736565,0.158
Affy_10343060,0.15811405,1.037
Affy_10343061,0.34284177,-0.531
Affy_10343062,0.74034472,0.128
Affy_10343063,0.82438662,-0.061
Affy_10343064,0.50784635,0.238
Hnrpul2,0.42613415,0.452
Affy_10343066,0.16445661,0.718
Affy_10343067,0.21008585,0.38
Affy_10343068,0.71993167,0.191
Affy_10343069,0.56561441,-0.237
Affy_10343070,0.76666556,-0.072
Affy_10343071,0.55022371,0.246
Affy_10343072,0.48343524,0.385
Affy_10343073,0.44278664,0.543
Affy_10343074,0.34635987,0.415
Affy_10343075,0.027755847,0.819
Affy_10343076,0.33871153,-0.45
Affy_10343077,0.61081036,0.306
Affy_10343078,0.52106183,-0.278
Affy_10343079,0.32974979,0.454
Affy_10343080,0.20054453,0.449
Affy_10343081,0.68120344,0.084
Affy_10343082,0.76316166,0.127
Affy_10343083,0.71901598,0.13
Affy_10343084,0.64015871,0.158
Affy_10343085,0.99790501,0.001
Affy_10343086,0.19226112,-0.138
Affy_10343087,0.60576096,-0.366
Affy_10343088,0.59544758,0.225
Affy_10343089,0.80672843,-0.123
Affy_10343090,0.28088638,0.539
Affy_10343091,0.75146485,0.134
Affy_10343092,0.75092141,0.188
Affy_10343093,0.59645902,-0.288
Affy_10343094,0.58731615,0.144
Affy_10343095,0.58551953,-0.303
Affy_10343096,0.81258903,-0.164
Affy_10343097,0.90282108,-0.037
Affy_10343098,0.22010476,-0.43
Affy_10343099,0.46187539,-0.188
Affy_10343100,0.79360572,0.134
Affy_10343101,0.88362595,0.06
Affy_10343102,0.29245754,-0.564
Affy_10343103,0.32308708,-0.354
Affy_10343104,0.40237093,-0.36
Affy_10343105,0.8651927,-0.066
Affy_10343106,0.82953578,0.109
Affy_10343107,0.16458582,-0.516
Affy_10343108,0.36729113,0.46
Affy_10343109,0.66986878,-0.193
Affy_10343110,0.41801167,0.4
Affy_10343111,0.33916247,0.433
Affy_10343112,0.050133298,1.089
Affy_10343113,0.88735538,-0.082
Affy_10343114,0.25346116,-0.533
Affy_10343115,0.94239281,-0.032
Affy_10343116,0.95747175,-0.024
Affy_10343117,0.44184711,-0.435
Affy_10343118,0.76414874,0.154
Ube2g1,0.051374953,1.183
Affy_10343120,0.36031605,0.457
Affy_10343121,0.32310142,-0.361
Affy_10343122,0.27230499,-0.454
Affy_10343123,0.093484567,0.62
Affy_10343124,0.41027897,0.226
Affy_10343125,0.58515262,-0.362
Affy_10343126,0.32808821,-0.61
Affy_10343127,0.18418799,0.747
Affy_10343128,0.50607634,0.339
Affy_10343129,0.35340329,-0.42
Affy_10343130,0.17840044,0.638
Affy_10343131,0.91791524,-0.055
Affy_10343132,0.75800418,-0.062
Affy_10343133,0.83698356,-0.155
Affy_10343134,0.92320621,-0.045
Pabpn1,0.49634155,-0.171
Affy_10343136,0.51354911,-0.33
Affy_10343137,0.435137,0.427
Affy_10343138,0.37497421,-0.398
Affy_10343139,0.77520124,0.166
Affy_10343140,0.8643345,0.099
Affy_10343141,0.20159924,-0.671
Affy_10343142,0.19855356,0.598
Affy_10343143,0.56352713,-0.192
Copa,0.97255485,0.03
Affy_10343145,0.20534316,-0.64
Affy_10343146,0.91468124,0.027
Affy_10343147,0.76966841,0.158
Affy_10343148,0.81815622,0.181
Affy_10343149,0.82777711,-0.058
Affy_10343150,0.22830046,-0.533
Affy_10343151,0.64149459,0.178
Affy_10343152,0.17048725,1.057
Affy_10343153,0.53584873,-0.328
Affy_10343154,0.46078837,-0.579
Affy_10343155,0.8886102,0.06
Affy_10343156,0.64075417,-0.119
Affy_10343157,0.42801237,-0.263
Affy_10343158,0.29776246,0.449
Affy_10343159,0.39913569,0.557
Affy_10343160,0.7373544,0.111
Affy_10343161,0.28645403,-0.736
Affy_10343162,0.7830619,0.142
Affy_10343163,0.95718428,0.019
Affy_10343164,0.5654704,-0.244
Affy_10343165,0.59630768,-0.18
Affy_10343166,0.55628745,-0.208
Affy_10343167,0.98715143,0.011
Affy_10343168,0.44999092,-0.405
Affy_10343169,0.65758347,-0.109
Affy_10343170,0.35281955,0.257
Affy_10343171,0.9024469,0.058
Affy_10343172,0.702429,-0.109
Affy_10343173,0.88306298,0.068
Affy_10343174,0.093255402,0.988
Affy_10343175,0.47048724,-0.396
Affy_10343176,0.11426622,-0.279
Affy_10343177,0.37123402,-0.49
Affy_10343178,0.016619414,-0.767
Affy_10343179,0.029664717,-1.07
Affy_10343180,0.1948166,0.659
Affy_10343181,0.93583222,-0.056
Affy_10343182,0.41778459,-0.128
Affy_10343183,0.78466297,0.109
Affy_10343184,0.043420832,1.395
Affy_10343185,0.99434148,0.004
Affy_10343186,0.62272997,0.174
Affy_10343187,0.65384696,0.274
Affy_10343188,0.35953784,0.571
Affy_10343189,0.77849829,0.402
Affy_10343190,0.44097274,0.38
Affy_10343191,0.31892753,-0.429
Affy_10343192,0.57997893,0.246
Affy_10343193,0.98407907,0.013
Affy_10343194,0.44195233,0.342
Affy_10343195,0.86105535,0.064
Affy_10343196,0.52081269,-0.22
Affy_10343197,0.74046628,-0.155
Affy_10343198,0.8324413,0.115
Affy_10343199,0.76247127,0.166
Affy_10343200,0.71992703,0.183
Affy_10343201,0.65298445,0.112
Affy_10343202,0.86424765,0.085
Affy_10343203,0.88224517,-0.075
Affy_10343204,0.20974996,0.587
Affy_10343205,0.72491845,-0.093
Affy_10343206,0.14381724,0.722
Affy_10343207,0.99334072,-0.002
Affy_10343208,0.24371127,-0.623
Affy_10343209,0.55663849,-0.343
Affy_10343210,0.31176911,0.589
Affy_10343211,0.22332564,0.461
Affy_10343212,0.19561191,0.311
Affy_10343213,0.20888154,0.363
Affy_10343214,0.66704069,0.216
Affy_10343215,0.031537076,1.185
Affy_10343216,0.76465992,0.14
Affy_10343217,0.84966426,-0.074
Affy_10343218,0.42747704,-0.42
Affy_10343219,0.79345481,-0.122
Affy_10343220,0.78642967,-0.13
Affy_10343221,0.58396202,0.205
Affy_10343222,0.80691951,-0.064
Affy_10343223,0.60142372,-0.245
Affy_10343224,0.8870172,-0.1
Affy_10343225,0.57012104,0.134
Affy_10343226,0.72214484,-0.135
Affy_10343227,0.33956017,-0.166
Affy_10343228,0.1156232,0.829
Affy_10343229,0.15579656,1.063
Affy_10343230,0.93577999,0.042
Affy_10343231,0.43815424,0.501
Affy_10343232,0.33565487,-0.354
Affy_10343233,0.79579136,-0.054
Affy_10343234,0.83327447,0.092
Affy_10343235,0.30146719,-0.388
Affy_10343236,0.79779453,-0.079
Affy_10343237,0.68986927,-0.223
Affy_10343238,0.90750299,0.051
Affy_10343239,0.98187298,-0.01
Affy_10343240,0.11697888,0.825
Affy_10343241,0.39628431,-0.291
Affy_10343242,0.42796084,0.302
Affy_10343243,0.73883406,0.171
Affy_10343244,0.92460883,-0.04
Affy_10343245,0.7815706,-0.072
Affy_10343246,0.92993211,0.046
Affy_10343247,0.33866702,0.438
Affy_10343248,0.22473215,0.23
Affy_10343249,0.24950425,-0.411
Affy_10343250,0.51520676,0.362
Hdac5,0.54072388,0.159
Affy_10343252,0.8996115,0.026
Affy_10343253,0.86158811,-0.06
Affy_10343254,0.74100042,0.192
Affy_10343255,0.92516726,0.024
Affy_10343256,0.30298401,0.31
Affy_10343257,0.16149027,0.696
Affy_10343258,0.26354364,-0.208
Affy_10343259,0.31094919,0.335
Affy_10343260,0.87789219,0.064
Affy_10343261,0.42892033,-0.433
Affy_10343262,0.5266988,-0.218
Affy_10343263,0.31526444,0.453
Affy_10343264,0.53647572,-0.24
Affy_10343265,0.53683001,0.33
Affy_10343266,0.83811298,-0.126
Affy_10343267,0.21587402,-0.475
Affy_10343268,0.20500258,-0.324
Affy_10343269,0.98096554,-0.012
Affy_10343270,0.45603238,1.299
Affy_10343271,0.92423611,0.02
Affy_10343272,0.52063124,0.32
Affy_10343273,0.60138353,0.302
Affy_10343274,0.93184875,-0.036
Affy_10343275,0.66339839,0.184
Affy_10343276,0.14755424,0.831
Affy_10343277,0.89976325,0.076
Affy_10343278,0.08784336,1.074
Affy_10343279,0.84549318,0.137
Affy_10343280,0.84348986,0.061
Affy_10343281,0.62376035,0.243
Affy_10343282,0.27657769,-0.315
Affy_10343283,0.61432143,-0.31
Affy_10343284,0.67537343,-0.211
Affy_10343285,0.9571713,-0.02
Affy_10343286,0.66988289,0.205
Affy_10343287,0.15380247,0.756
Affy_10343288,0.86032411,0.075
Affy_10343289,0.19142567,-0.294
Affy_10343290,0.95263107,-0.034
Affy_10343291,0.88310853,0.038
Affy_10343292,0.80837963,0.122
Affy_10343293,0.052711757,-0.406
Affy_10343294,0.23011894,-0.317
Affy_10343295,0.72170821,0.189
Affy_10343296,0.49774813,0.415
Affy_10343297,0.18238713,0.665
Affy_10343298,0.71197164,-0.209
Affy_10343299,0.83025352,0.069
Affy_10343300,0.54023887,0.293
Affy_10343301,0.7484785,0.199
Affy_10343302,0.17626819,0.46
Affy_10343303,0.59331363,0.28
Affy_10343304,0.69839267,-0.149
Affy_10343305,0.5381456,0.486
Affy_10343306,0.81014095,-0.131
Eif5,0.21630354,1.391
Affy_10343308,0.49107565,0.387
Affy_10343309,0.96724582,0.017
Affy_10343310,0.87184144,0.049
Affy_10343311,0.93270133,0.051
Affy_10343312,0.90136615,0.072
Affy_10343313,0.31785726,-0.432
Affy_10343314,1,0
Affy_10343315,0.90471492,-0.066
Affy_10343316,0.22061793,-0.568
Affy_10343317,0.30455547,0.494
Affy_10343318,0.41082015,-0.379
Affy_10343319,0.20031851,-0.571
Affy_10343320,0.84247887,-0.092
Affy_10343321,0.84862157,-0.086
Affy_10343322,0.92829989,0.049
Affy_10343323,0.3249354,0.542
Affy_10343324,0.34248789,-0.599
Affy_10343325,0.22792103,0.582
Affy_10343326,0.6911141,-0.172
Affy_10343327,0.72145634,-0.198
Affy_10343328,0.25246274,-0.536
Affy_10343329,0.86684842,-0.07
Affy_10343330,0.35892804,0.449
Affy_10343331,0.5907329,-0.192
Affy_10343332,0.35625949,0.426
Affy_10343333,0.88459866,-0.059
Affy_10343334,0.31343319,-0.506
Affy_10343335,0.46214418,0.462
Affy_10343336,0.47561919,0.271
Affy_10343337,0.86213926,0.083
Affy_10343338,0.70863868,-0.245
Affy_10343339,0.69719835,0.096
Affy_10343340,0.62832347,-0.271
Affy_10343341,0.90882028,-0.081
Affy_10343342,0.072228049,0.763
Affy_10343343,0.26049272,0.469
Affy_10343344,0.84015299,-0.111
Affy_10343345,0.59050452,0.189
Affy_10343346,0.82295051,-0.094
Affy_10343347,0.54023281,-0.25
Golm1,0.32720813,-0.379
Affy_10343349,0.34994675,0.517
Affy_10343350,0.45200866,-0.182
Affy_10343351,0.98048016,0.011
Affy_10343352,0.80858936,0.162
Affy_10343353,0.41832873,-0.17
Affy_10343354,0.89830691,0.06
Affy_10343355,0.58538824,-0.182
Affy_10343356,0.56822307,-0.249
Affy_10343357,0.91796107,-0.044
Affy_10343358,0.42187816,0.258
Affy_10343359,0.43991872,-0.453
Affy_10343360,0.80941311,0.113
Affy_10343361,0.80277044,0.121
Affy_10343362,0.96797095,-0.034
Affy_10343363,0.94562992,0.026
Affy_10343364,0.63208594,-0.154
Affy_10343365,0.29125702,-0.336
Affy_10343366,0.69026385,-0.354
Affy_10343367,0.62950157,0.291
Affy_10343368,0.37470405,0.512
Affy_10343369,0.7896782,0.132
Affy_10343370,0.71695349,-0.16
Affy_10343371,0.83265313,0.116
Affy_10343372,0.2170982,-0.62
Affy_10343373,0.2945995,-0.686
Affy_10343374,0.93937265,-0.038
Affy_10343375,0.44340895,-0.383
Affy_10343376,0.48595545,0.376
Affy_10343377,0.36135811,-0.508
Affy_10343378,0.21527071,0.682
Affy_10343379,0.029360365,0.516
Affy_10343380,0.091081833,-0.716
Affy_10343381,0.90762377,0.051
Affy_10343382,0.75554413,0.256
Affy_10343383,0.97217781,0.008
Affy_10343384,0.1354761,0.514
Affy_10343385,0.58752974,-0.319
Affy_10343386,0.58473822,0.321
Affy_10343387,0.87433068,-0.066
Eif5,0.34427965,-0.487
Affy_10343389,0.37285163,-0.257
Affy_10343390,0.62194888,0.204
Affy_10343391,0.39360585,-0.415
Affy_10343392,0.5936361,0.259
Affy_10343393,0.61548207,-0.373
Affy_10343394,0.51538997,0.404
Affy_10343395,0.3268274,-0.505
Affy_10343396,0.59041509,-0.139
Affy_10343397,0.42184153,-0.391
Affy_10343398,0.54580064,0.452
Cox18,0.19332657,-0.664
Affy_10343400,0.82803926,-0.12
Affy_10343401,0.058516649,-0.826
Affy_10343402,0.7133231,0.077
Affy_10343403,0.55213776,0.299
Affy_10343404,0.58860416,0.155
Affy_10343405,0.68714017,-0.104
Affy_10343406,0.45200882,0.454
Affy_10343407,0.88626159,-0.027
Affy_10343408,0.53318089,-0.29
Affy_10343409,0.68336278,0.289
Rfk,0.55281524,-0.776
Affy_10343411,0.6897647,0.218
Affy_10343412,0.3569577,-0.324
Affy_10343413,0.27834394,-0.216
Affy_10343414,0.79567066,0.115
Affy_10343415,0.74082014,0.158
Affy_10343416,0.49924977,-0.376
Affy_10343417,0.70953929,-0.142
Affy_10343418,0.36893852,0.32
Affy_10343419,0.21823634,0.572
Affy_10343420,0.15834099,0.616
Affy_10343421,0.66622452,-0.182
Affy_10343422,0.61183713,0.285
Affy_10343423,0.37554231,0.284
Affy_10343424,0.89462032,0.049
Affy_10343425,0.33030154,-0.438
Affy_10343426,0.65454117,-0.204
Affy_10343427,0.96359014,0.019
Affy_10343428,0.11854989,-0.487
Affy_10343429,0.63093403,-0.128
Affy_10343430,0.059624684,0.727
Affy_10343431,0.88693427,0.067
Affy_10343432,0.68249179,-0.174
Affy_10343433,0.59323719,-0.284
Affy_10343434,0.99055969,0.006
Affy_10343435,0.82687615,0.134
Affy_10343436,0.65238914,-0.178
Affy_10343437,0.86752302,-0.05
Affy_10343438,0.84311949,-0.088
Affy_10343439,0.9516881,0.02
Rmer20b,0.098913666,-0.659
Affy_10343441,0.98815535,0.004
Affy_10343442,0.78028401,0.163
Affy_10343443,0.52703837,0.266
Affy_10343444,0.074421208,1.211
Affy_10343445,0.85136544,0.095
Affy_10343446,0.68184951,-0.312
Affy_10343447,0.97013062,-0.01
Affy_10343448,0.64545695,-0.161
Affy_10343449,0.39153506,-0.276
Affy_10343450,0.27852986,0.723
Affy_10343451,0.47359539,-0.426
Affy_10343452,0.26839346,0.98
Affy_10343453,0.52893718,0.338
Affy_10343454,0.85249589,-0.101
Affy_10343455,0.94891321,0.069
Affy_10343456,0.22242208,-0.481
Affy_10343457,0.84923701,0.116
Affy_10343458,0.18381876,0.397
Affy_10343459,0.75385322,-0.132
Affy_10343460,0.43173565,-0.372
Affy_10343461,0.99370322,0.003
Affy_10343462,0.6671696,0.236
Affy_10343463,0.13205775,-0.727
Affy_10343464,0.60524349,-0.189
Affy_10343465,0.054602795,-0.97
Affy_10343466,0.86670996,-0.075
Affy_10343467,0.05333329,0.893
Affy_10343468,0.29991566,0.315
Affy_10343469,0.87824809,-0.042
Affy_10343470,0.58415655,0.205
Affy_10343471,0.55638053,-0.185
Affy_10343472,0.2931497,-0.488
Affy_10343473,0.63654556,-0.189
Affy_10343474,0.38177183,0.374
Affy_10343475,0.82853865,-0.091
Affy_10343476,0.16454889,-0.439
Affy_10343477,0.3149805,-0.333
Anapc1,0.028856272,1.516
Affy_10343479,0.91789109,-0.046
Affy_10343480,0.11408816,0.943
Affy_10343481,0.20523054,1.005
Affy_10343482,0.80469451,-0.083
Affy_10343483,0.11730893,0.635
Affy_10343484,0.14865573,0.733
Affy_10343485,0.55721715,-0.211
Affy_10343486,0.30322747,0.264
Affy_10343487,0.63386919,-0.144
Affy_10343488,0.45952748,-0.293
Copa,0.78580764,-0.144
Affy_10343490,0.61823033,0.274
Affy_10343491,0.82553695,-0.144
Affy_10343492,0.40730348,-0.333
Affy_10343493,0.41638123,-0.525
Affy_10343494,0.074791636,0.685
Affy_10343495,0.85481609,0.065
Affy_10343496,0.17814919,-1.088
Affy_10343497,0.36194854,0.582
Affy_10343498,0.097656352,1.071
Affy_10343499,0.71027181,-0.15
Affy_10343500,0.10850338,1.196
Affy_10343501,0.50685949,0.389
Affy_10343502,0.40943115,-0.288
Affy_10343503,0.49813871,-0.238
Affy_10343504,0.85072842,0.044
Affy_10343505,0.1176338,-1.185
Affy_10343506,0.78999577,0.141
Affy_10343507,0.83892417,0.146
Affy_10343508,0.49315711,0.584
Affy_10343509,0.30574921,0.536
Affy_10343510,0.51618336,0.281
Affy_10343511,0.25784749,-0.405
Affy_10343512,0.94114748,0.037
Affy_10343513,0.30357464,0.662
Affy_10343514,0.068502627,1.77
Affy_10343515,0.44149492,-0.34
Affy_10343516,0.86754304,-0.09
Affy_10343517,0.63854827,-0.174
Affy_10343518,0.35837081,0.445
Affy_10343519,0.25204418,0.348
Affy_10343520,0.16385821,-0.685
Tmem165,0.66537186,0.143
Affy_10343522,0.52903665,-0.179
Affy_10343523,0.2813707,0.625
Affy_10343524,0.79068085,-0.054
Affy_10343525,0.38703314,0.632
Affy_10343526,0.67647884,-0.215
Affy_10343527,0.57786886,-0.261
Affy_10343528,0.77298361,-0.087
Affy_10343529,0.60212714,0.241
Affy_10343530,0.44820616,-0.261
Affy_10343531,0.42476612,-0.269
Affy_10343532,0.98503577,-0.008
Affy_10343533,0.1814699,0.867
Affy_10343534,0.58767223,-0.363
Affy_10343535,0.16327757,-0.172
Affy_10343536,0.69363592,0.271
Affy_10343537,0.93925915,0.038
Affy_10343538,0.76856073,0.19
Affy_10343539,0.56382741,0.244
Affy_10343540,0.20633843,-0.751
Affy_10343541,0.49171386,-0.505
Affy_10343542,0.034285797,-0.606
Affy_10343543,0.3124257,0.42
Affy_10343544,0.52825206,0.313
Affy_10343545,0.80759365,0.086
Affy_10343546,0.091260371,-0.57
Affy_10343547,0.51026957,-0.201
Affy_10343548,0.72017724,-0.104
Affy_10343549,0.4206161,0.397
Affy_10343550,0.028897305,-0.572
Affy_10343551,0.76948842,-0.392
Affy_10343552,0.35234304,-0.273
Affy_10343553,0.21099169,0.737
Affy_10343554,0.48228417,0.228
Affy_10343555,0.53330761,-0.214
Affy_10343556,0.37280088,-0.447
Affy_10343557,0.18505222,-0.494
Affy_10343558,0.97507648,0.014
Affy_10343559,0.28237214,0.324
Affy_10343560,0.2201321,0.234
Affy_10343561,0.6679108,0.153
Affy_10343562,0.28306671,0.546
Affy_10343563,0.72381345,-0.09
Affy_10343564,0.68846744,-0.221
Affy_10343565,0.97209232,-0.021
Affy_10343566,0.1326338,-0.875
Affy_10343567,0.47713302,-0.275
Affy_10343568,0.98872804,0.008
Affy_10343569,0.24949132,0.444
Affy_10343570,0.92779086,-0.024
Affy_10343571,0.47616144,0.267
Affy_10343572,0.16326448,-0.308
Affy_10343573,0.45597268,-0.302
Affy_10343574,0.92409661,-0.058
Affy_10343575,0.43983479,-0.309
Affy_10343576,0.72168894,0.24
Affy_10343577,0.89429765,-0.046
Affy_10343578,0.48537524,-0.234
Affy_10343579,0.93545255,-0.046
Affy_10343580,0.34178181,0.307
Affy_10343581,0.29337646,-0.298
Affy_10343582,0.90770243,-0.06
Affy_10343583,0.1687811,0.66
Affy_10343584,0.97198739,0.012
Affy_10343585,0.24767285,0.638
Affy_10343586,0.77082156,0.206
Affy_10343587,0.51972861,-0.113
Affy_10343588,0.43480184,-0.36
Affy_10343589,0.72140575,0.107
Anapc2,0.71566472,0.182
Affy_10343591,0.59664061,-0.119
Affy_10343592,0.15728594,0.468
Affy_10343593,0.43560589,0.322
Affy_10343594,0.25267614,0.603
Affy_10343595,0.45003309,0.41
Affy_10343596,0.68021969,0.227
Affy_10343597,0.18826191,-0.527
Affy_10343598,0.78572473,0.168
Affy_10343599,0.73982303,-0.121
Affy_10343600,0.63559656,0.183
Affy_10343601,0.1227489,0.611
Affy_10343602,0.096131027,0.514
Affy_10343603,0.69433587,-0.15
Affy_10343604,0.63351859,0.225
Affy_10343605,0.80042014,-0.11
Affy_10343606,0.77772498,0.148
Affy_10343607,0.34758847,0.515
Affy_10343608,0.10452972,0.919
Affy_10343609,0.39823965,0.862
Affy_10343610,0.39353695,-0.275
Affy_10343611,0.22748352,0.479
Affy_10343612,0.097997979,-0.326
Affy_10343613,0.85052244,-0.053
Affy_10343614,0.23209511,-0.564
Affy_10343615,0.65284253,0.169
Affy_10343616,0.70519966,0.197
Affy_10343617,0.97062808,-0.021
Affy_10343618,0.8982426,-0.057
Affy_10343619,0.4566579,-0.272
Affy_10343620,0.79152045,-0.115
Affy_10343621,0.12494191,0.504
Affy_10343622,0.42268999,-0.297
Affy_10343623,0.140134,0.4
Anapc1,0.64650338,-0.218
Affy_10343625,0.34140442,0.503
Affy_10343626,0.4184791,-0.273
Affy_10343627,0.88781303,0.061
Affy_10343628,0.4487247,0.476
Affy_10343629,0.51173545,0.309
Affy_10343630,0.79270376,-0.108
Affy_10343631,0.836313,-0.094
Affy_10343632,0.48312132,-0.226
Affy_10343633,0.82076263,0.073
Affy_10343634,0.41437239,-0.387
Affy_10343635,0.61417416,0.162
Affy_10343636,0.44810515,-0.3
Affy_10343637,0.65456582,-0.125
Affy_10343638,0.38220358,-0.229
Affy_10343639,0.053486695,-0.706
Affy_10343640,0.85775622,0.074
Affy_10343641,0.80667922,0.146
Affy_10343642,0.76528744,0.109
Affy_10343643,0.73950596,-0.15
Affy_10343644,0.74978272,0.11
Affy_10343645,0.051051424,1.197
Affy_10343646,0.64376883,0.146
Affy_10343647,0.68937217,0.168
Affy_10343648,0.47078777,-0.36
Affy_10343649,0.078091577,-0.777
Affy_10343650,0.9708475,0.024
Affy_10343651,0.90151782,0.073
Affy_10343652,0.94377251,0.062
Affy_10343653,0.61994364,-0.209
Affy_10343654,0.21584631,-0.574
Affy_10343655,0.68346322,-0.216
Affy_10343656,0.11601594,-0.552
Affy_10343657,0.86924334,0.112
Affy_10343658,0.4063082,0.394
Affy_10343659,0.86159817,0.082
Affy_10343660,0.35692691,0.425
Affy_10343661,0.051315072,-1.169
Affy_10343662,0.14836986,0.533
Affy_10343663,0.91199716,-0.069
Affy_10343664,0.97540751,0.018
Affy_10343665,0.45948863,0.4
Affy_10343666,0.88879698,0.079
Affy_10343667,0.231112,-0.653
Affy_10343668,0.71776378,0.207
Affy_10343669,0.54655616,0.294
Abhd16a,0.37433356,0.24
Affy_10343671,0.29651087,0.44
Psmb5,0.73823856,0.098
Affy_10343673,0.75673136,0.22
Affy_10343674,0.23769366,0.558
Affy_10343675,0.4137793,-0.468
Affy_10343676,0.14997399,-0.406
Affy_10343677,0.36845886,-0.263
Affy_10343678,0.74245069,-0.112
Affy_10343679,0.9309434,-0.034
Affy_10343680,0.20195856,0.708
Affy_10343681,0.51593975,-0.271
Affy_10343682,0.81126839,0.126
Affy_10343683,0.073226725,-1.215
Affy_10343684,0.24743695,0.563
Affy_10343685,0.79541009,-0.174
Affy_10343686,0.93160938,-0.017
Affy_10343687,0.53949159,0.747
Affy_10343688,0.82589524,0.115
Affy_10343689,0.75027634,-0.152
Affy_10343690,0.56276024,-0.169
Affy_10343691,0.49463086,0.326
Affy_10343692,0.99640358,-0.002
Affy_10343693,0.16942473,-0.722
Affy_10343694,0.38477527,0.386
Affy_10343695,0.72208874,-0.209
Affy_10343696,0.15736548,0.874
Affy_10343697,0.35239878,0.362
Affy_10343698,0.25824785,-0.385
Affy_10343699,0.36632445,0.525
Affy_10343700,0.47918439,0.424
Affy_10343701,0.98344728,0.004
Affy_10343702,0.42870332,-0.433
Affy_10343703,0.13946167,0.898
Affy_10343704,0.55904832,0.196
Affy_10343705,0.18818186,-0.818
Affy_10343706,0.63904405,0.224
Affy_10343707,0.89717646,0.068
Affy_10343708,0.88154332,0.077
Affy_10343709,0.87631655,-0.077
Affy_10343710,0.040745778,-0.695
Affy_10343711,0.61178188,-0.24
Affy_10343712,0.009555684,-0.783
Affy_10343713,0.60692136,0.296
Naa60,0.20242298,-0.272
Affy_10343715,0.54521048,0.38
Affy_10343716,0.49271815,0.314
Affy_10343717,0.61996118,0.269
Affy_10343718,0.75574647,-0.11
Affy_10343719,0.99293136,-0.004
Affy_10343720,0.54632085,-0.145
Affy_10343721,0.10231532,0.726
Affy_10343722,0.8340377,0.099
Ube2g1,0.20104325,1.048
Affy_10343724,0.35594874,-0.442
Affy_10343725,0.28780651,0.363
Psap,0.56281679,-0.308
Affy_10343727,0.95057905,-0.016
Affy_10343728,0.75381411,0.133
Affy_10343729,0.84844219,-0.088
Affy_10343730,0.29454075,0.591
Affy_10343731,0.68314203,0.185
Affy_10343732,0.20776729,0.819
Affy_10343733,0.64448413,0.202
Affy_10343734,0.87438454,0.066
Affy_10343735,0.22251738,0.722
Affy_10343736,0.41295964,0.365
Affy_10343737,0.35422227,-0.162
Affy_10343738,0.43482448,-0.255
Affy_10343739,0.66278854,-0.117
Affy_10343740,0.61570109,0.304
Affy_10343741,0.99333997,0.002
Affy_10343742,0.22825785,-0.807
Affy_10343743,0.87876524,0.061
Affy_10343744,0.92455987,0.02
Affy_10343745,0.43533105,-0.288
Affy_10343746,0.37246051,0.286
Affy_10343747,0.16712211,-0.735
Affy_10343748,0.50355938,0.3
Affy_10343749,0.37875756,0.453
Affy_10343750,0.50949628,0.207
Affy_10343751,0.33264534,-0.603
Affy_10343752,0.64308759,-0.224
Affy_10343753,0.80953496,-0.086
Affy_10343754,0.57123592,-0.285
Hb1bp3,0.38922281,1.185
Affy_10343756,0.93621848,-0.031
Affy_10343757,0.75679986,0.21
Affy_10343758,0.54445624,0.272
Affy_10343759,0.91018984,0.032
Affy_10343760,0.2369926,0.442
Affy_10343761,0.79039292,0.142
Affy_10343762,0.58172874,0.308
Affy_10343763,0.46700881,0.335
Affy_10343764,0.96665083,-0.043
Affy_10343765,0.28870647,0.325
Affy_10343766,0.20664363,0.824
Affy_10343767,0.52243724,-0.297
Affy_10343768,0.99381354,-0.005
Affy_10343769,0.15068269,0.566
Affy_10343770,0.27996483,-0.286
Affy_10343771,0.68258578,0.25
Affy_10343772,0.080577866,0.969
Affy_10343773,0.31118277,0.453
Affy_10343774,0.96631773,-0.019
Affy_10343775,0.31552377,0.378
Affy_10343776,0.75498442,0.145
Affy_10343777,0.62842374,-0.231
Affy_10343778,0.55258097,-0.148
Affy_10343779,0.057065842,-0.487
Affy_10343780,0.32318691,0.4
Affy_10343781,0.14590033,1.056
Affy_10343782,0.71958998,-0.192
Affy_10343783,0.66990556,-0.204
Copa,0.29667359,0.971
Ube2g1,0.33187205,1.537
Affy_10343786,0.85151354,-0.091
Affy_10343787,0.61987984,-0.101
Affy_10343788,0.87128568,-0.097
Affy_10343789,0.35840577,-0.52
Affy_10343790,0.07232482,1.552
Affy_10343791,0.84341845,-0.123
Affy_10343792,0.19393836,0.768
Affy_10343793,0.50988475,0.255
Affy_10343794,0.6229897,-0.311
Affy_10343795,0.49676825,0.217
Affy_10343796,0.37325757,-0.436
Affy_10343797,0.91630742,-0.035
Affy_10343798,0.72722995,-0.158
Affy_10343799,0.94906187,0.026
Affy_10343800,0.23631968,-0.66
Affy_10343801,0.93372795,0.024
Affy_10343802,0.47727169,0.213
Affy_10343803,0.37902866,0.177
Affy_10343804,0.64766877,0.215
Affy_10343805,0.76196374,0.124
Affy_10343806,0.85064595,-0.062
Affy_10343807,0.70977925,0.171
Affy_10343808,0.59616477,0.173
Affy_10343809,0.36775639,0.388
Affy_10343810,0.29810913,-0.408
Affy_10343811,0.13623647,0.827
Affy_10343812,0.52430838,0.169
Affy_10343813,0.33841456,0.302
Affy_10343814,0.89826522,0.111
Affy_10343815,0.7184352,0.145
Affy_10343816,0.70904315,-0.087
Affy_10343817,0.81661494,0.114
Affy_10343818,0.18553006,0.397
Affy_10343819,0.53991521,0.292
Affy_10343820,0.1146171,-1.053
Affy_10343821,0.81969391,0.094
Affy_10343822,0.91711526,-0.076
Affy_10343823,0.17841974,-0.412
Affy_10343824,0.81043787,-0.118
Affy_10343825,0.15760189,0.546
Affy_10343826,0.58361964,-0.264
Affy_10343827,0.39999441,-0.344
Affy_10343828,0.10320744,0.581
Affy_10343829,0.99557373,0.002
Affy_10343830,0.5513735,0.392
Affy_10343831,0.7350704,0.108
Affy_10343832,0.67894183,0.313
Affy_10343833,0.59290848,-0.177
Affy_10343834,0.90394107,0.066
Affy_10343835,0.22667256,0.931
Txndc12,0.4182343,-0.416
Affy_10343837,0.37444178,0.477
Affy_10343838,0.67350084,0.196
Affy_10343839,0.56796686,0.352
Affy_10343840,0.46481522,0.326
Tbl3,0.051627092,0.834
Affy_10343842,0.46679461,0.266
Affy_10343843,0.65651788,-0.277
Affy_10343844,0.83286353,0.072
Affy_10343845,0.72674552,0.193
Affy_10343846,0.25282845,0.84
Affy_10343847,0.53391693,0.357
Affy_10343848,0.16460714,-0.609
Affy_10343849,0.87013053,-0.06
Affy_10343850,0.75201495,-0.186
Affy_10343851,0.13948004,-0.718
Affy_10343852,0.54468305,0.285
Affy_10343853,0.014749188,-1.18
Affy_10343854,0.27297429,-0.288
Affy_10343855,0.21425199,0.59
Affy_10343856,0.28530194,0.301
Smim7,0.5781402,-0.137
Affy_10343858,0.43806131,-0.367
Affy_10343859,0.79612711,0.146
Affy_10343860,0.079105063,0.639
Affy_10343861,0.36840343,-0.384
Affy_10343862,0.058790754,-0.589
Affy_10343863,0.53299829,-0.412
Affy_10343864,0.19167824,-0.561
Affy_10343865,0.53325777,0.39
Psap,0.14773892,0.626
Affy_10343867,0.6935267,0.181
Affy_10343868,0.19733669,0.86
Affy_10343869,0.19043869,0.913
Affy_10343870,0.52738298,0.302
Affy_10343871,0.84062493,-0.12
Affy_10343872,0.48694073,0.333
Affy_10343873,0.96121803,0.02
Affy_10343874,0.86196367,-0.12
Affy_10343875,0.75049023,-0.173
Affy_10343876,0.70389125,0.127
Affy_10343877,0.57706893,-0.28
Affy_10343878,0.68896587,-0.161
Affy_10343879,0.46163218,-0.405
Affy_10343880,0.81140097,0.132
Affy_10343881,0.55315664,-0.187
Affy_10343882,0.76829639,0.09
Affy_10343883,0.49458192,-0.201
Vta1,0.091570163,0.734
Affy_10343885,0.71814327,-0.114
Affy_10343886,0.53970636,-0.229
Affy_10343887,0.96330093,-0.016
Affy_10343888,0.24400248,0.535
Affy_10343889,0.42719784,-0.462
Affy_10343890,0.5641294,0.288
Affy_10343891,0.39691251,-0.282
Affy_10343892,0.84411878,0.099
Affy_10343893,0.15603383,-0.624
Affy_10343894,0.6356942,0.216
Affy_10343895,0.67629623,0.251
Affy_10343896,0.8674964,-0.072
Affy_10343897,0.71064785,0.109
Affy_10343898,0.90660692,-0.049
Affy_10343899,0.92466013,0.06
Affy_10343900,0.58703921,0.276
Affy_10343901,0.98350313,0.012
Affy_10343902,0.65194045,-0.187
Affy_10343903,0.59075452,-0.144
Affy_10343904,0.57615371,-0.188
Affy_10343905,0.15728713,-0.68
Affy_10343906,0.10241276,0.573
Affy_10343907,0.90240641,0.064
Affy_10343908,0.074844303,0.83
AK141160,0.10208858,0.455
Affy_10343910,0.96505405,0.022
Affy_10343911,0.70527406,0.151
Affy_10343912,0.69501346,0.159
Affy_10343913,0.35725204,-0.256
Affy_10343914,0.56196922,0.46
Affy_10343915,0.62337419,-0.21
Affy_10343916,0.94328378,-0.045
Affy_10343917,0.78139387,-0.129
Affy_10343918,0.7601733,-0.116
Affy_10343919,0.6200644,-0.196
Affy_10343920,0.14766358,-0.648
Tmem234,0.13583008,1.564
Affy_10343922,0.49082667,-0.339
Affy_10343923,0.75542159,0.132
Affy_10343924,0.51406065,0.214
Affy_10343925,0.30590608,0.419
Affy_10343926,0.8268056,0.096
Affy_10343927,0.79828132,0.084
Affy_10343928,0.75268445,-0.07
Affy_10343929,0.44897347,-0.324
Affy_10343930,0.49554521,-0.432
Affy_10343931,0.29560249,-0.563
Affy_10343932,0.62606671,-0.334
Anapc1,0.58601815,-0.333
Affy_10343934,0.76394907,0.108
Affy_10343935,0.11565171,-0.753
Affy_10343936,0.063379362,1.26
Affy_10343937,0.48983926,0.392
Affy_10343938,0.90559394,-0.044
Affy_10343939,0.7062308,0.263
Affy_10343940,0.55861717,0.158
Affy_10343941,0.2129147,0.564
Affy_10343942,0.96225229,-0.01
Affy_10343943,0.8213502,0.072
Affy_10343944,0.8772514,0.075
Affy_10343945,0.19034484,0.464
Affy_10343946,0.22421103,0.616
Affy_10343947,0.51064995,0.336
Affy_10343948,0.60302695,-0.161
Affy_10343949,0.66633043,-0.287
Affy_10343950,0.83563025,-0.127
Affy_10343951,0.18394029,-0.538
Affy_10343952,0.41118882,0.622
Affy_10343953,0.58801587,-0.165
Affy_10343954,0.28234483,0.716
Affy_10343955,0.18295919,-0.39
Affy_10343956,0.59610167,0.254
Affy_10343957,0.11392608,0.557
Affy_10343958,0.99657359,0.002
Affy_10343959,0.14732646,0.893
Affy_10343960,0.97458245,-0.021
Affy_10343961,0.069554943,0.951
Affy_10343962,0.041292187,-0.581
Affy_10343963,0.19740064,1.154
Affy_10343964,0.53878516,-0.26
Affy_10343965,0.7215494,0.146
Affy_10343966,0.64921512,0.191
Affy_10343967,0.82516837,0.108
Psma1,0.91584245,-0.025
Affy_10343969,0.69590901,-0.164
Affy_10343970,0.32496354,-0.335
Affy_10343971,0.75083173,-0.166
Affy_10343972,0.000686784,1.316
Copa,0.74566433,-0.077
Affy_10343974,0.66634476,0.158
Affy_10343975,0.31710597,0.259
Affy_10343976,0.49413698,-0.352
Affy_10343977,0.75575587,0.218
Affy_10343978,0.39969743,0.434
Affy_10343979,0.46550673,-0.344
Affy_10343980,0.21007241,-0.6
Affy_10343981,0.47077346,0.473
Affy_10343982,0.85407612,0.087
Affy_10343983,0.78392838,-0.14
Affy_10343984,0.53503117,-0.291
Affy_10343985,0.72002721,0.132
Affy_10343986,0.39625237,0.389
Affy_10343987,0.58311989,0.365
Affy_10343988,0.81282339,-0.173
Affy_10343989,0.30073471,-0.488
Affy_10343990,0.34030514,0.61
Affy_10343991,0.45957609,-0.275
Affy_10343992,0.76985737,-0.12
Affy_10343993,0.59846507,0.276
Affy_10343994,0.18289982,-0.625
Affy_10343995,0.85080392,-0.09
Affy_10343996,0.80046244,0.086
Affy_10343997,0.3890699,0.616
Affy_10343998,0.5841944,0.192
Affy_10343999,0.84533838,0.099
Affy_10344000,0.63953987,0.321
Affy_10344001,0.1154262,0.465
Affy_10344002,0.65668671,-0.188
Affy_10344003,0.86151963,-0.06
Affy_10344004,0.28032334,0.606
Affy_10344005,0.82071087,0.142
Affy_10344006,0.86795319,0.119
Affy_10344007,0.84490332,0.085
Affy_10344008,0.54223805,0.602
Affy_10344009,0.15144523,0.824
Affy_10344010,0.10179933,-0.328
Affy_10344011,0.60581236,0.157
Affy_10344012,0.40585916,-0.208
Affy_10344013,0.79481038,0.112
Affy_10344014,0.5789272,-0.319
Affy_10344015,0.97054193,-0.028
Affy_10344016,0.82253619,-0.104
Affy_10344017,0.50084446,0.211
Affy_10344018,0.60272347,0.237
Affy_10344019,0.89418099,-0.093
Dlg1,0.081034616,1.385
Affy_10344021,0.74611938,0.205
Affy_10344022,0.7340424,-0.124
Ppm1a,0.83330409,-0.052
Affy_10344024,0.17294295,0.706
Affy_10344025,0.77230164,0.084
Affy_10344026,0.15698877,0.737
Affy_10344027,0.55343404,-0.109
Affy_10344028,0.54241785,-0.2
Affy_10344029,0.58467785,0.255
Affy_10344030,0.19086491,-0.651
Affy_10344031,0.29287537,-0.573
Affy_10344032,0.36438295,-0.405
Affy_10344033,0.3146015,0.61
Affy_10344034,1,0
Affy_10344035,0.70621603,-0.131
Affy_10344036,0.38430491,0.372
Affy_10344037,0.22136234,-0.562
Affy_10344038,0.54322004,0.367
Affy_10344039,0.099996425,-0.719
Affy_10344040,0.71807358,-0.107
Affy_10344041,0.47564223,-0.41
Affy_10344042,0.50327137,0.293
Affy_10344043,0.90710029,-0.061
Affy_10344044,0.098373311,-0.738
Affy_10344045,0.067126982,-0.767
Affy_10344046,0.34581302,-0.286
Affy_10344047,0.043695934,0.898
Affy_10344048,0.88634374,-0.052
Affy_10344049,0.79879485,0.141
Affy_10344050,0.079063575,-0.439
Affy_10344051,0.20770116,-0.315
Affy_10344052,0.047212998,0.636
Rbm42,0.363963,0.191
Affy_10344054,0.3606599,0.258
Affy_10344055,0.81650953,0.053
Affy_10344056,0.63100812,0.24
Affy_10344057,0.43129172,0.283
Affy_10344058,0.9475246,0.026
Affy_10344059,0.2739262,0.446
Affy_10344060,0.92502201,0.052
Affy_10344061,0.63653795,0.145
Affy_10344062,0.55629855,0.144
Affy_10344063,0.060540501,0.757
Affy_10344064,0.67772946,-0.313
Affy_10344065,0.041046116,-0.859
Affy_10344066,0.61787875,-0.269
Affy_10344067,0.37275375,-0.417
Affy_10344068,0.20142973,0.901
Affy_10344069,0.37823514,-0.135
Affy_10344070,0.43529083,-0.309
Affy_10344071,0.49361582,-0.122
Affy_10344072,0.33157549,-0.207
Affy_10344073,0.030595678,-0.916
Affy_10344074,0.38446457,0.246
Affy_10344075,0.72064017,0.227
Affy_10344076,0.93109888,-0.037
Affy_10344077,0.76212336,0.15
Affy_10344078,0.78782123,-0.082
Affy_10344079,0.89449647,0.058
Affy_10344080,0.99303662,-0.006
Affy_10344081,0.94320555,0.036
Affy_10344082,0.46961283,0.24
Rfk,0.13200207,-1.396
Affy_10344084,0.035163753,1.052
Affy_10344085,0.68917646,-0.162
Affy_10344086,0.046031205,-0.685
Affy_10344087,0.31407203,0.3
Affy_10344088,0.41299844,0.256
Affy_10344089,0.85521247,-0.045
Affy_10344090,0.68721127,0.182
Affy_10344091,0.1196452,0.806
Affy_10344092,0.89628504,-0.038
Affy_10344093,0.92979363,-0.023
Affy_10344094,0.34937626,0.613
Affy_10344095,0.67039306,-0.184
Affy_10344096,0.39466736,0.69
Affy_10344097,0.65496644,-0.162
Affy_10344098,0.59903762,-0.277
Affy_10344099,0.64022794,-0.278
Affy_10344100,0.18567222,0.522
Affy_10344101,0.21682797,-1.108
Affy_10344102,0.5288517,-0.453
Affy_10344103,0.61162032,-0.191
Affy_10344104,0.47395807,-0.34
Affy_10344105,0.63203739,0.115
Affy_10344106,0.65985351,-0.133
Affy_10344107,0.51834634,0.37
Affy_10344108,0.90199454,0.074
Affy_10344109,0.53147618,-0.262
Affy_10344110,0.75699983,0.202
Affy_10344111,0.47584534,0.243
Affy_10344112,0.72859907,0.209
Affy_10344113,0.30928654,0.67
Affy_10344114,0.664392,0.217
Affy_10344115,0.18437279,-0.47
Affy_10344116,0.30569676,-0.382
Affy_10344117,0.42833779,0.28
Affy_10344118,0.9250468,-0.04
Affy_10344119,0.29174183,0.417
Affy_10344120,0.65778237,-0.18
Affy_10344121,0.37741016,0.535
Affy_10344122,0.48710461,0.544
Affy_10344123,0.089632871,1.159
Affy_10344124,0.34137084,-0.329
Affy_10344125,0.38064099,0.207
Anapc1,0.99102115,-0.003
Affy_10344127,0.83554627,-0.05
Affy_10344128,0.71053601,-0.188
Affy_10344129,0.11441727,0.655
Affy_10344130,0.89295613,0.03
Affy_10344131,0.64449385,0.204
Affy_10344132,0.75749965,-0.174
Affy_10344133,0.60407738,0.243
Affy_10344134,0.76901271,-0.068
Affy_10344135,0.52868645,-0.406
Affy_10344136,0.33875168,0.748
Affy_10344137,0.53442031,-0.122
Affy_10344138,0.37219134,-0.556
Affy_10344139,0.70055186,0.202
Affy_10344140,0.88439648,0.05
Psap,0.51547366,0.176
Affy_10344142,0.75548663,0.157
Affy_10344143,0.83581945,0.115
Affy_10344144,0.66297697,0.229
Affy_10344145,0.78425987,0.141
Affy_10344146,0.17604047,0.321
Affy_10344147,0.25432294,-0.399
Affy_10344148,0.68645515,-0.156
Affy_10344149,0.038491662,-0.91
Affy_10344150,0.56350975,-0.302
Affy_10344151,0.91804339,0.052
Affy_10344152,0.10856923,1.222
Affy_10344153,0.045681117,1.462
Affy_10344154,0.43286827,0.476
Affy_10344155,0.96764765,0.022
Affy_10344156,0.94700127,-0.052
Affy_10344157,0.68546465,0.279
Affy_10344158,0.52109203,0.405
Affy_10344159,0.32318848,0.454
Cox18,0.12871727,-0.723
Affy_10344161,0.91812297,-0.034
Affy_10344162,0.20819706,-0.492
Affy_10344163,0.47108061,0.488
Affy_10344164,0.94780304,-0.039
Affy_10344165,0.86584893,-0.092
Affy_10344166,0.50927654,0.233
Affy_10344167,0.9905784,0.007
Affy_10344168,0.79078641,0.145
Affy_10344169,0.79326186,0.062
Affy_10344170,0.98283827,0.009
Affy_10344171,0.67964782,-0.252
Affy_10344172,0.33807868,-0.428
Affy_10344173,0.18286847,0.627
Affy_10344174,0.20939057,0.506
Affy_10344175,0.57599202,-0.217
Affy_10344176,0.82516929,-0.069
Affy_10344177,0.25132982,-0.764
Affy_10344178,0.89683575,-0.08
Affy_10344179,0.69960347,0.17
Affy_10344180,0.29950551,0.271
Affy_10344181,0.28603178,-0.424
Affy_10344182,0.99826142,0.001
Affy_10344183,0.150705,-0.617
Affy_10344184,0.48350234,-0.299
Affy_10344185,0.29067975,0.396
Affy_10344186,0.89604285,0.058
Affy_10344187,0.92866798,0.048
Affy_10344188,0.22156321,-0.78
Affy_10344189,0.56443396,-0.15
Affy_10344190,0.85265067,0.091
Affy_10344191,0.38881015,0.524
Affy_10344192,0.61862236,0.17
Affy_10344193,0.26082196,0.582
Affy_10344194,0.93572253,-0.02
Affy_10344195,0.61802928,0.173
Affy_10344196,0.99055663,-0.004
Affy_10344197,0.56861655,-0.71
Affy_10344198,0.70475622,0.179
Affy_10344199,0.68144835,0.277
Affy_10344200,0.20945677,-0.581
LINE_Affy_10344201,0.90544482,0.039
Affy_10344202,0.86944361,-0.079
Affy_10344203,0.84513671,0.1
Affy_10344204,0.51129961,0.416
Affy_10344205,0.49775555,-0.249
Affy_10344206,0.92073951,0.049
Affy_10344207,0.069977758,0.715
Affy_10344208,0.25635542,0.618
Affy_10344209,0.56563283,0.2
Affy_10344210,0.35989574,0.333
Affy_10344211,0.62009983,0.173
Affy_10344212,0.85724389,0.08
Affy_10344213,0.97733782,0.015
Affy_10344214,0.3836451,-0.324
Affy_10344215,0.78865251,0.098
Rfk,0.095969648,-1.124
Affy_10344217,0.17917955,0.504
Affy_10344218,0.82035534,0.09
Affy_10344219,0.10680078,1.347
Affy_10344220,0.34899108,0.436
Affy_10344221,0.73031182,0.301
Affy_10344222,0.43900114,-0.386
Affy_10344223,0.61197881,0.202
Affy_10344224,0.68641551,-0.167
Affy_10344225,0.65453837,-0.252
Affy_10344226,0.80833505,0.135
Affy_10344227,0.96000476,0.024
Affy_10344228,0.85999626,0.083
Affy_10344229,0.54873994,-0.351
Affy_10344230,0.997523,-0.001
Affy_10344231,0.8013446,0.099
Affy_10344232,0.35724604,-0.407
Affy_10344233,0.2032096,0.645
Affy_10344234,0.16384734,-0.28
Affy_10344235,0.8380541,-0.067
Affy_10344236,0.94632045,-0.043
Affy_10344237,0.52121418,0.277
Affy_10344238,0.54527279,0.324
Affy_10344239,0.65714524,-0.166
Affy_10344240,0.62862825,-0.161
Affy_10344241,0.78038422,-0.091
Affy_10344242,0.93232535,0.062
Affy_10344243,0.51975378,0.434
Affy_10344244,0.65968581,0.12
Affy_10344245,0.20491757,0.576
Affy_10344246,0.75897521,-0.171
Affy_10344247,0.62136387,0.196
Affy_10344248,0.38882469,-0.34
Affy_10344249,0.92375985,0.041
Affy_10344250,0.16566162,0.761
Affy_10344251,0.40107188,-0.196
Affy_10344252,0.38721953,0.302
Affy_10344253,0.34345248,0.504
Affy_10344254,0.97493462,-0.015
Affy_10344255,0.52237535,0.372
Affy_10344256,0.3824984,-0.559
Affy_10344257,0.55901864,-0.253
Affy_10344258,0.20210204,-0.527
Affy_10344259,0.6848799,0.158
Affy_10344260,0.59531831,0.311
Affy_10344261,0.41813877,0.29
Affy_10344262,0.92616794,0.049
Affy_10344263,0.85784173,0.112
Affy_10344264,0.49659729,0.366
Affy_10344265,0.024029255,1.028
Affy_10344266,0.38444969,-0.293
Affy_10344267,0.67654547,0.23
Affy_10344268,0.9099138,0.093
Affy_10344269,0.54805251,-0.384
Affy_10344270,0.71589213,0.1
Affy_10344271,0.80488405,-0.07
Affy_10344272,0.17557488,-0.702
Affy_10344273,0.88784733,0.077
Affy_10344274,0.95940529,-0.035
Affy_10344275,0.69172667,0.201
Affy_10344276,0.97077898,-0.014
Affy_10344277,0.84372726,-0.078
Affy_10344278,0.49852305,0.184
Affy_10344279,0.96893282,0.012
Affy_10344280,0.95299557,0.028
Affy_10344281,0.94673365,-0.021
Affy_10344282,0.41047045,-0.323
Affy_10344283,0.90470987,0.074
Affy_10344284,0.85120142,0.096
Affy_10344285,0.95693935,-0.022
Affy_10344286,0.72607183,-0.234
Affy_10344287,0.9278993,0.022
Affy_10344288,0.76088967,-0.204
Affy_10344289,0.17020053,0.441
Affy_10344290,0.61967756,0.232
Affy_10344291,0.14112338,-0.481
Affy_10344292,0.41296084,0.422
Affy_10344293,0.48553063,-0.177
Affy_10344294,0.52237776,-0.215
Affy_10344295,0.19151998,0.548
Affy_10344296,0.49001049,0.467
Affy_10344297,0.19014542,0.762
Affy_10344298,0.25107507,-0.534
Affy_10344299,0.76026583,-0.186
Affy_10344300,0.91496829,0.056
Affy_10344301,0.2453449,0.871
Affy_10344302,0.45197202,0.205
Affy_10344303,0.27822661,-0.752
Affy_10344304,0.25929872,0.65
Affy_10344305,0.4291124,0.355
Affy_10344306,0.21926871,-0.464
Affy_10344307,0.091864298,0.714
Affy_10344308,0.67445102,-0.114
Copg,0.83505985,0.057
Affy_10344310,0.8489752,0.075
Affy_10344311,0.88414697,-0.078
Affy_10344312,0.93936358,0.03
Affy_10344313,0.12250775,0.516
Affy_10344314,0.99085123,0.006
Affy_10344315,0.32170161,0.38
Affy_10344316,0.40695879,0.533
Affy_10344317,0.34727835,-0.292
Affy_10344318,0.32033698,0.528
Affy_10344319,0.066869434,1.258
Affy_10344320,0.43762148,0.559
Affy_10344321,0.56265526,0.29
Affy_10344322,0.18083371,-0.486
Affy_10344323,0.88038913,-0.033
Affy_10344324,0.12761667,0.395
Affy_10344325,0.83738005,0.06
Affy_10344326,0.60432676,0.559
Affy_10344327,0.10321649,-0.573
Affy_10344328,0.96745084,-0.018
SINE_Affy_10344329,0.57997458,-0.278
Affy_10344330,0.95958425,0.014
Affy_10344331,0.59630567,0.27
Affy_10344332,0.89336943,-0.041
Affy_10344333,0.62149634,-0.101
Affy_10344334,0.025468333,-0.887
Affy_10344335,0.70963877,-0.2
Affy_10344336,0.42236055,-0.276
Affy_10344337,0.19859287,-0.474
Affy_10344338,0.69360309,0.209
Affy_10344339,0.84124254,0.056
Affy_10344340,0.61080288,-0.284
Affy_10344341,0.22978788,-0.452
Affy_10344342,0.68099381,-0.219
Affy_10344343,0.568422,-0.273
Affy_10344344,0.20514516,0.657
Affy_10344345,0.65178554,-0.27
Affy_10344346,0.43785334,-0.365
Affy_10344347,0.22963467,1.111
Affy_10344348,0.64761624,0.184
Affy_10344349,0.29758205,0.797
Affy_10344350,0.32311479,-0.436
Affy_10344351,0.38303041,0.53
Affy_10344352,0.64397213,0.105
Affy_10344353,0.7259615,0.128
Affy_10344354,0.22463425,0.633
Affy_10344355,0.73459383,0.132
SINE_Affy_10344356,0.74072263,0.112
Affy_10344357,0.12884023,-0.526
Affy_10344358,0.96175564,-0.028
Affy_10344359,0.73355487,-0.155
Affy_10344360,0.9028206,-0.06
Affy_10344361,0.84466492,0.05
Affy_10344362,0.7065632,-0.068
Affy_10344363,0.27115603,0.926
Affy_10344364,0.11712027,-0.551
Affy_10344365,0.17641024,0.692
Affy_10344366,0.98450356,0.01
Affy_10344367,0.9268697,-0.033
Affy_10344368,0.28903402,-0.558
Affy_10344369,0.34065047,-0.595
Affy_10344370,0.24937102,-0.548
Affy_10344371,0.79302356,-0.138
Affy_10344372,0.37593033,-0.73
Affy_10344373,0.93213038,0.017
Affy_10344374,0.64390191,-0.266
Affy_10344375,0.29030064,-0.431
Dlg1,0.18247065,1.366
Affy_10344377,0.78015712,-0.161
Affy_10344378,0.77361793,0.105
Affy_10344379,0.65477278,-0.134
Affy_10344380,0.95065774,-0.011
Affy_10344381,0.55953572,0.416
Affy_10344382,0.14439225,-0.639
Affy_10344383,0.6227881,-0.193
Affy_10344384,0.76529344,0.116
Affy_10344385,0.75783691,0.118
Affy_10344386,0.62736086,0.415
Affy_10344387,0.18877707,-0.463
Affy_10344388,0.31439254,-0.46
Affy_10344389,0.3742432,0.221
Affy_10344390,0.19449116,0.545
Affy_10344391,1,0
Affy_10344392,0.042177654,-0.476
Affy_10344393,0.83532907,-0.102
Affy_10344394,0.5736051,0.266
Affy_10344395,0.7374392,0.145
Affy_10344396,0.82647722,-0.13
Affy_10344397,0.90922781,0.063
Affy_10344398,0.90187584,0.054
Affy_10344399,0.94252198,0.019
Affy_10344400,0.67278616,-0.138
Affy_10344401,0.91058698,0.043
Affy_10344402,0.60238415,-0.144
Affy_10344403,0.85194082,-0.07
Affy_10344404,0.51078557,0.284
Affy_10344405,0.9422131,-0.05
Affy_10344406,0.65288728,-0.203
Affy_10344407,0.4940699,-0.287
Affy_10344408,0.69845252,-0.265
Affy_10344409,0.97895294,-0.014
Affy_10344410,0.22100321,-0.257
Affy_10344411,0.48623045,-0.428
Affy_10344412,0.37017208,0.404
Affy_10344413,0.56816043,-0.299
Affy_10344414,0.85417159,-0.044
Affy_10344415,0.75028696,-0.137
Affy_10344416,0.41906416,0.297
Affy_10344417,0.90399776,-0.075
Affy_10344418,0.62773704,-0.27
Affy_10344419,0.68502918,0.168
Affy_10344420,0.69433753,0.234
Affy_10344421,0.77613642,0.118
Affy_10344422,0.62061158,0.118
Affy_10344423,0.72106706,-0.178
Affy_10344424,0.51073562,0.323
Affy_10344425,0.72903507,-0.076
Affy_10344426,0.66442427,-0.16
Affy_10344427,0.3834997,0.409
Anapc1,0.36680344,0.506
Affy_10344429,0.80013982,-0.13
Affy_10344430,0.91840782,-0.029
Affy_10344431,0.63388626,0.199
Affy_10344432,0.80825952,-0.212
Affy_10344433,0.13820057,-0.37
Affy_10344434,0.90706535,-0.05
Affy_10344435,0.80212102,0.13
Affy_10344436,0.76458747,-0.167
Affy_10344437,0.35145984,0.4
Affy_10344438,0.041772419,0.758
Affy_10344439,0.91821316,-0.056
Affy_10344440,0.11816829,0.613
Affy_10344441,0.32943243,0.504
Affy_10344442,0.80744838,-0.102
Affy_10344443,0.8976689,0.094
Affy_10344444,0.42564917,-0.347
Affy_10344445,0.95982076,-0.024
Affy_10344446,0.95617839,0.027
Hb1bp3,0.97264937,-0.008
Affy_10344448,0.61021561,0.171
Affy_10344449,0.3898076,-0.269
Affy_10344450,0.88993531,-0.056
Affy_10344451,0.8816136,0.083
Affy_10344452,0.99770768,-0.001
Affy_10344453,0.37802468,-0.584
Affy_10344454,0.96660463,-0.02
Affy_10344455,0.74591959,0.263
Affy_10344456,0.052816106,1.241
Affy_10344457,0.51885156,-0.29
Affy_10344458,0.63373493,-0.153
Affy_10344459,0.10379337,0.966
Affy_10344460,0.68364686,0.225
Affy_10344461,0.81628909,0.101
Affy_10344462,0.70589468,-0.097
Affy_10344463,0.44156508,0.445
Affy_10344464,0.32636046,0.529
Affy_10344465,0.39895461,0.736
Affy_10344466,0.77220922,0.162
Affy_10344467,0.57419341,0.318
Affy_10344468,0.19917927,0.324
Affy_10344469,0.32744952,-0.441
Affy_10344470,0.93356064,0.043
Affy_10344471,0.57502906,0.292
Affy_10344472,0.1767245,0.464
Affy_10344473,0.42545908,-0.417
Affy_10344474,0.81478687,0.066
Affy_10344475,0.47331552,0.627
Canx,0.28506757,-0.202
Affy_10344477,0.53233884,-0.303
Affy_10344478,0.12650709,0.86
Affy_10344479,0.8285278,0.084
Affy_10344480,0.48394629,0.325
Xpo7,0.98224862,-0.022
Affy_10344482,0.99564308,0.002
Affy_10344483,0.2860534,0.391
Affy_10344484,0.97257993,0.018
Affy_10344485,0.75429069,0.164
Affy_10344486,0.83730947,-0.093
Affy_10344487,0.56022545,0.445
Affy_10344488,0.97637614,0.015
Affy_10344489,0.90058885,0.098
Dhrs1,0.23288401,0.34
Affy_10344491,0.62195059,-0.306
Affy_10344492,0.55884132,0.217
Affy_10344493,0.63689129,-0.156
Affy_10344494,0.73067124,-0.161
Affy_10344495,0.56868735,-0.123
Affy_10344496,0.89077098,-0.067
Affy_10344497,0.46144667,-0.162
Affy_10344498,0.62893928,-0.216
Affy_10344499,0.56507857,-0.232
Affy_10344500,0.28791067,0.249
Affy_10344501,0.59394076,-0.68
Affy_10344502,0.5721026,-0.275
Affy_10344503,0.84005078,0.11
Affy_10344504,0.89842784,0.048
Affy_10344505,0.42238263,0.24
Affy_10344506,0.69720811,0.178
Affy_10344507,0.55930933,0.39
Affy_10344508,0.81705924,0.088
Affy_10344509,0.83608003,0.092
Affy_10344510,0.81391305,0.167
Affy_10344511,0.21133055,0.977
Affy_10344512,0.67516257,0.163
Affy_10344513,0.9011685,-0.077
Affy_10344514,0.3747452,0.42
Affy_10344515,0.34946465,0.534
Affy_10344516,0.73421004,0.165
Affy_10344517,0.33050566,0.371
Affy_10344518,0.71620117,0.171
Affy_10344519,0.14509282,-0.46
Affy_10344520,0.83595751,0.086
Affy_10344521,0.88978681,-0.054
Affy_10344522,0.23192475,-0.963
Affy_10344523,0.57171778,0.515
Affy_10344524,0.003185525,1.17
Affy_10344525,0.66783056,0.24
Affy_10344526,0.92378327,-0.025
Affy_10344527,0.87417605,0.064
Affy_10344528,0.74717934,0.112
Affy_10344529,0.41087207,-0.291
Affy_10344530,0.058878021,-0.804
Affy_10344531,0.43841084,0.352
Affy_10344532,0.99701664,0.002
Affy_10344533,0.48105691,0.352
Affy_10344534,0.790049,-0.1
Affy_10344535,0.10467124,0.66
Affy_10344536,0.84427736,0.073
Affy_10344537,0.37288856,0.381
Affy_10344538,0.78800521,0.098
Affy_10344539,0.83980355,-0.058
Affy_10344540,0.8711304,0.104
Affy_10344541,0.4599162,0.363
Affy_10344542,0.50647776,0.285
Affy_10344543,0.41190587,0.372
Affy_10344544,0.8096758,-0.106
Affy_10344545,0.96556832,0.017
Affy_10344546,0.89247561,-0.066
Affy_10344547,0.86901886,0.084
Affy_10344548,0.68514009,0.161
Affy_10344549,0.75672568,-0.084
Affy_10344550,0.28266814,-0.529
Affy_10344551,0.15671226,-0.429
Affy_10344552,0.33916224,-0.408
Affy_10344553,0.089076659,1.17
Affy_10344554,0.38911687,-0.18
Affy_10344555,0.76575403,0.139
Affy_10344556,0.65425922,0.142
Affy_10344557,0.26206003,0.595
Affy_10344558,0.16367481,0.704
Affy_10344559,0.97897412,-0.014
Affy_10344560,0.96507448,-0.025
Affy_10344561,0.13530898,-0.3
Affy_10344562,0.28327006,0.553
Affy_10344563,0.43172608,-0.385
Affy_10344564,0.85608723,-0.083
Affy_10344565,0.9892684,0.007
Affy_10344566,0.28154637,1.618
Affy_10344567,0.29567099,-0.681
Affy_10344568,0.61863491,0.218
Affy_10344569,0.34959451,0.39
Affy_10344570,0.68986815,-0.201
Affy_10344571,0.26357367,0.641
Affy_10344572,0.5121647,-0.274
Affy_10344573,0.30471107,0.672
Affy_10344574,0.27212103,0.673
Affy_10344575,0.10685789,1.052
Affy_10344576,0.73133006,0.241
Affy_10344577,0.1794636,0.852
Affy_10344578,0.8344057,-0.119
Affy_10344579,1,0
Affy_10344580,0.41583493,0.289
Affy_10344581,0.88500157,0.1
Affy_10344582,0.98118328,-0.012
Affy_10344583,0.20233969,0.523
Affy_10344584,0.50075076,0.254
Affy_10344585,0.59578286,-0.129
Affy_10344586,0.61407671,-0.254
Affy_10344587,0.92251161,0.024
Affy_10344588,0.18263696,-0.696
Affy_10344589,0.97167804,0.016
Affy_10344590,0.78474266,0.142
Affy_10344591,0.80365034,0.177
Affy_10344592,0.56596524,-0.308
Affy_10344593,0.94672859,-0.019
Affy_10344594,0.92915109,0.039
Affy_10344595,0.95605651,0.032
Affy_10344596,0.6448008,-0.129
Affy_10344597,0.55501187,0.166
Affy_10344598,0.88074505,0.091
Affy_10344599,0.88516142,-0.035
Affy_10344600,0.55697195,0.3
Affy_10344601,0.19090866,0.543
Affy_10344602,0.72574158,0.111
Affy_10344603,0.65443348,0.212
Affy_10344604,0.16493498,0.259
Affy_10344605,0.70087209,0.152
Affy_10344606,0.63135166,0.273
Affy_10344607,0.15757581,0.364
Affy_10344608,0.86754208,0.128
Affy_10344609,0.75640351,0.113
Affy_10344610,0.33927581,0.312
Affy_10344611,0.26766185,-0.432
Affy_10344612,0.660721,-0.271
Dlg1,0.65126682,0.271
Affy_10344614,0.025242318,-0.438
Affy_10344616,0.92928469,0.014
Affy_10344618,0.77711414,-0.05
Gm10568,0.76410523,0.056
Gm10568,0.55267282,0.137
Lypla1,0.27933218,-0.155
Tcea1,0.34052039,0.479
Atp6v1h,0.096751757,0.26
Oprk1,0.72668181,-0.057
Rb1cc1,0.3905618,0.141
Fam150a,0.8335173,-0.04
St18,0.93509245,0.012
Affy_10344705,0.47476995,-0.212
Pcmtd1,0.5269599,-0.119
Ahcy,0.53631161,-0.145
Affy_10344715,0.49120029,-0.156
Affy_10344717,0.7487401,0.069
Gm7075,0.20475966,-0.179
Affy_10344721,0.88847477,0.022
Rrs1,0.55792764,0.176
Adhfe1,0.10603592,0.264
Hnrnpa3,0.79655084,0.077
C8orf46,0.2351005,-0.308
Sgk3,0.48124667,0.177
Mcmdc2,0.98799005,-0.002
Cspp1,0.81595929,0.047
Cspp1,0.25034355,-0.264
Cspp1,0.066128179,-0.347
Cspp1,0.58409496,-0.152
Cspp1,0.91468521,0.045
Cspp1,0.98403602,0.007
Cspp1,0.54539109,-0.136
Cspp1,0.99628754,0.001
Cspp1,0.37620816,-0.16
Cspp1,0.52724684,0.191
Cspp1,0.97801679,-0.006
Cspp1,0.59270925,-0.168
Cspp1,0.8439011,0.046
Cspp1,0.93676396,0.016
Affy_10344835,0.36268835,0.266
Prex2,0.77084847,0.088
A830018L16Rik,0.65502919,-0.099
Gm7560,0.68662611,0.101
Sulf1,0.87810211,0.026
Gm5250,0.3679861,-0.216
Xkr9,0.8959383,0.039
Msc,0.14636944,-0.337
Rpl5,0.6489819,-0.077
Affy_10344933,0.54010322,-0.218
Kcnb2,0.79163186,0.065
Terf1,0.91421098,-0.027
LOC675046,0.93751327,0.02
Rdh10,0.32413248,0.197
Tmem70,0.7864215,0.048
Ly96,0.67339106,0.223
Gdap1,0.11253933,-0.314
Pi15,0.43584849,-0.131
Crispld1,0.35864111,-0.176
Tcfap2d,0.7495311,-0.061
Tcfap2b,0.11982165,-0.341
Iars,0.61269951,-0.092
Mir206,0.061616075,-0.214
Mir133b,0.33143568,-0.237
Il17a,0.22212587,-0.22
Paqr8,0.94983175,0.011
Efhc1,0.01602763,-0.474
Tmem14a,0.8288464,0.055
Gsta3,0.22835682,0.354
Cetn4,0.85551542,0.038
Khdc1a,0.72517036,-0.12
Khdc1a,0.1721933,-0.248
Khdc1b,0.27727068,-0.236
Mir30a,0.46919872,0.226
Mir30c-2,0.78966757,-0.07
B3gat2,0.12705177,-0.378
C6orf57,0.36005545,-0.243
Col9a1,0.30192249,-0.192
Lmbrd1,0.90893876,0.016
Gm9443,0.50970851,0.163
Gm9884,0.87276999,0.038
Gm9884,0.62544015,-0.108
Gm6462,0.29530324,0.263
Cdk10,0.89895354,-0.017
Lgsn,0.52061777,-0.177
4930521A18Rik,0.6282029,-0.093
Affy_10345200,0.88241542,-0.038
Paox,0.48260673,0.246
Affy_10345206,0.70461423,0.067
Khdrbs2,0.65656515,-0.076
Affy_10345224,0.42093501,-0.29
Affy_10345226,0.63736414,0.077
1700001G17Rik,0.34886872,-0.188
Rab23,0.59932356,0.136
Dst,0.34535394,-0.352
Affy_10345350,0.24514185,-0.171
Affy_10345352,0.55324449,0.102
Imp4,0.97513746,-0.005
D1Ertd448e,0.27935109,-0.236
Ptpn18,0.45480077,-0.154
Prss39,0.099509899,-0.329
Cfc1,0.16857661,-0.368
Fam123c,0.62397806,0.121
C230030N03Rik,0.96305576,-0.011
Affy_10345406,0.26903635,-0.282
Affy_10345409,0.48155265,-0.167
Arhgef4,0.71983878,-0.087
Plekhb2,0.370896,-0.197
Hmgcs2,0.17746195,2.12
Affy_10345438,0.47727191,-0.178
Affy_10345440,1,0
Hs6st1,0.33704961,-0.152
Arid5a,0.22378394,-0.274
Affy_10345457,0.14248545,-0.304
Cnnm4,0.97606446,0.006
Cnnm3,0.35521802,0.161
Cox5b,0.14972831,-0.292
Zap70,0.50560019,-0.129
Affy_10345527,0.93200845,0.049
Vwa3b,0.79785763,-0.059
LOC100046859,0.7951443,-0.092
LOC100046859,0.24624942,-0.299
LOC100046859,0.035137304,-0.441
LOC100046859,0.20826582,-0.296
LOC100046859,0.36771919,-0.193
LOC100046859,0.76295581,0.071
Vwa3b,0.70398256,-0.077
Cnga3,0.48786374,-0.142
Inpp4a,0.40705478,-0.166
Unc50,0.40857784,-0.16
Lipt1,0.83686118,0.047
Mrpl30,0.85019783,-0.043
Eif5b,0.22280878,0.212
Nms,0.70350425,-0.092
Pdcl3,0.064461314,0.369
Npas2,0.1155822,1.198
Rpl31,0.61888977,0.064
Affy_10345704,0.19027685,-0.428
C2orf29,0.37595003,0.176
Map4k4,0.15346155,0.467
Il1r2,0.17441058,0.305
Il1r1,0.21008542,-0.676
Il1rl2,0.91842434,-0.024
Il1rl1,0.16037057,0.195
Il18r1,0.86145636,-0.034
Il18rap,0.69962169,0.081
Slc9a4,0.27580136,-0.159
Slc9a2,0.28479333,-0.236
Tmem182,0.36369831,-0.245
Affy_10345875,0.60472731,-0.172
Gm9915,0.26257889,-0.276
Pou3f3,0.15321687,-0.431
Mrps9,0.23484397,0.176
Gpr45,0.52147536,-0.113
8430432A02Rik,0.68433362,-0.086
C2orf49,0.71088979,0.054
Rpl29,0.36983937,-0.203
Gm8211,0.29205574,0.268
Nck2,0.99683389,-0.001
1500015O10Rik,0.98720061,0.003
1500015O10Rik,0.10573225,-0.247
Affy_10345928,0.96065868,0.012
Tpp2,0.51012079,-0.117
Bivm,0.71515519,0.07
Ercc5,0.29399639,0.196
Gulp1,0.036381246,0.315
Col3a1,0.54747118,0.14
Affy_10346067,0.315861,0.318
Gm8304,0.71949281,-0.108
Affy_10346072,0.72176517,-0.093
Wdr75,0.81358419,0.036
Affy_10346098,0.60292357,-0.098
Rpl23a,0.42207665,0.09
Dnahc7b,0.087008612,-0.318
Dnahc7b,0.4015808,-0.327
rRNA,0.88978586,-0.048
Affy_10346116,0.10467635,-0.33
Gm8357,0.26189189,-0.405
Affy_10346139,0.81948045,-0.056
C230029F24Rik,0.91068656,0.017
Gm8384,0.60224783,-0.122
Tmeff2,0.21486241,0.275
Sdpr,0.32130371,0.3
Stat4,0.39596846,0.204
Stat1,0.76194714,0.193
Hmgcs2,0.17746195,2.12
Tmem194b,0.49551795,0.11
Hibch,0.79068487,-0.057
Mstn,0.8205172,-0.036
Ormdl1,0.69502256,0.117
Osgepl1,0.99654607,0.001
Ccdc150,0.38254947,0.13
Coq10b,0.35055019,-0.248
Hspe1,0.79785015,-0.048
Mobkl3,0.63741143,0.062
Gm10561,0.76330095,-0.053
Mars2,0.68875291,0.078
Mars2,0.073837159,0.468
Plcl1,0.62243737,-0.081
1700066M21Rik,0.029574674,-0.434
9430016H08Rik,0.3104355,0.277
Spats2l,0.81787126,-0.041
Sgol2,0.9508212,-0.015
Aox1,0.39518836,0.363
Aox3,0.43921799,0.889
Aox4,0.35118392,-0.17
Aox3l1,0.75588203,0.058
Bzw1,0.20868468,-0.17
Nif3l1,0.71288739,-0.098
Ndufb3,0.093978792,0.394
Cbx3,0.97856555,0.006
Cflar,0.31745494,0.203
Cflar,0.32179861,0.231
Casp8,0.56871022,-0.118
Stradb,0.62694558,-0.092
Als2cr4,0.031452391,-0.465
Cdk15,0.41890849,-0.17
Fzd7,0.97315971,-0.01
Gm973,0.48790392,0.115
Nop58,0.99730689,0.001
Bmpr2,0.50836552,-0.1
Fam117b,0.93646359,0.011
Carf,0.21145794,0.214
Nbeal1,0.65948756,0.088
Nbeal1,0.81106203,0.05
Cyp20a1,0.87310841,0.034
Affy_10346762,0.30443233,-0.298
Abi2,0.70213267,0.073
Eif4a1,0.64548865,-0.058
Cd28,0.79828455,0.046
Ctla4,0.78346089,0.056
Icos,0.23032825,0.303
Rpl17,0.65347702,-0.05
Pard3b,0.50253532,-0.132
Pard3b,0.27790582,-0.207
Gm11599,0.092146575,0.507
Nrp2,0.38584415,0.339
Eef1b2,0.8221382,0.03
Affy_10346874,0.66582531,0.117
Snora41,0.68083155,-0.142
Zdbf2,0.98503366,-0.004
Adam23,0.36511761,0.268
Fastkd2,0.15022042,0.314
Affy_10346928,0.30370213,-0.186
Gm13749,0.29881308,-0.172
Affy_10346941,0.30035208,0.134
Creb1,0.56314698,0.078
Ccnyl1,0.22597186,0.45
Pikfyve,0.23381798,0.232
Pth2r,0.88999895,0.033
Crygf,0.70969046,0.068
Mtap2,0.37358988,-0.208
Affy_10347058,0.73027671,-0.058
Unc80,0.40861684,-0.143
Unc80,0.19476481,-0.226
Rpe,0.43681059,0.143
Affy_10347115,0.94050206,-0.01
Cps1,0.83162148,-0.046
Affy_10347158,0.2768505,-0.268
Spag16,0.35414215,-0.122
Affy_10347186,0.66899598,0.122
Vwc2l,0.35055655,-0.25
Atic,0.79679291,-0.041
Gm15456,0.37037257,0.18
Affy_10347214,0.17933478,-0.427
Rpl21,0.85862806,-0.024
Affy_10347218,0.39013875,0.538
Affy_10347220,0.6170362,0.265
Affy_10347222,0.64866115,0.242
Affy_10347224,0.6170362,0.265
Tmem169,0.36503516,-0.19
Xrcc5,0.4463733,0.166
Smarcal1,0.98807245,0.004
Rpl37a,0.83060205,0.032
Igfbp2,0.76918893,-0.23
Rufy4,0.086262313,-0.639
Cxcr2,0.17506955,0.354
Affy_10347295,0.64022943,0.067
Arpc2,0.42009529,-0.101
Gpbar1,0.12653595,-0.399
Pnkd,0.21325414,0.236
Gm216,0.9553304,-0.009
Slc11a1,0.6472516,0.221
Ctdsp1,0.65727587,-0.093
Mir26b,0.99532412,-0.001
Vil1,0.48569709,-0.125
Rqcd1,0.39003994,0.124
Plcd4,0.52242268,0.079
Bcs1l,0.82770655,-0.038
Stk36,0.92451948,-0.018
Ttll4,0.5755009,-0.073
Cyp27a1,0.8090844,-0.057
Wnt6,0.58764858,-0.161
Wnt10a,0.2688637,-0.381
Cdk5r2,0.57945893,-0.136
Fam134a,0.819098,-0.036
Zfand2b,0.62926738,-0.077
Ankzf1,0.34085208,0.147
Stk16,0.7285367,-0.05
Dnajb2,0.69308656,0.065
Des,0.34517322,0.17
Speg,0.40890056,-0.167
Gmppa,0.19607361,0.268
Accn4,0.15048062,-0.259
Tmem198,0.24122495,-0.287
Inha,0.21453379,-0.199
Stk11ip,0.76285613,0.065
Slc4a3,0.16542676,-0.252
Slc4a3,0.025300554,-0.664
Gm5257,0.13487444,-0.376
Gm2060,0.84607311,0.061
Affy_10347730,0.36239982,0.2
Affy_10347732,0.85086192,-0.038
Sgpp2,0.69112074,0.098
Mogat1,0.34679276,0.808
Acsl3,0.2213691,0.574
Kcne4,0.032721416,0.404
Gm10555,0.30315352,0.184
Mrpl44,0.43768572,0.146
9830004L10Rik,0.92952001,0.022
9430031J16Rik,0.33603324,-0.166
Affy_10347790,0.87102248,-0.032
Affy_10347792,0.62948637,-0.114
Rhbdd1,1,0
Col4a3,0.10057779,-0.382
n-R5s213,0.65684966,-0.118
Mff,0.77843012,0.038
Agfg1,0.7077813,-0.063
Ccl20,0.8716041,0.111
Wdr69,0.40710005,0.108
Fbxo36,0.76167369,0.112
Gm7609,0.9934895,-0.005
Rpl19,0.87594951,-0.019
A530040E14Rik,0.81751549,-0.058
A530040E14Rik,0.63750989,0.154
Gm7609,0.96128639,-0.029
Sp110,0.9178125,0.045
G530012D18Rik,0.06675835,-0.35
Sp140,0.033459696,0.725
Sp100,0.26733947,0.443
Affy_10347968,0.97476859,-0.007
Cab39,0.98058088,-0.003
Itm2c,0.7952129,0.067
4933407L21Rik,0.57462998,-0.12
Spata3,0.86267815,0.034
2810459M11Rik,0.50369667,-0.161
Psmd1,0.7119016,-0.047
Affy_10348030,0.001590212,-0.964
Armc9,0.95514375,-0.011
B3gnt7,0.24338549,-0.25
Ncl,0.98807984,-0.003
C130036L24Rik,0.44215587,-0.149
1700019O17Rik,0.078022579,-0.324
Rpl30-ps6,0.89868775,-0.024
Ptma,0.74414141,0.046
Cops7b,0.86999554,0.026
Dis3l2,0.60658494,0.084
Affy_10348119,0.34198819,-0.161
Akp3,0.4163455,-0.176
Prss56,0.32813762,-0.199
Chrnd,0.5240386,-0.144
Chrng,0.034509888,-0.414
Eif4e2,0.17550245,-0.149
Efhd1,0.78964141,0.062
Gigyf2,0.34716518,-0.123
Neu2,0.7330723,0.084
3110079O15Rik,0.15868335,-0.302
Inpp5d,0.20328742,0.519
Atg16l1,0.69879184,-0.069
5830472F04Rik,0.30260938,0.334
Sag,0.55577843,-0.103
Dgkd,0.07604406,0.293
Ugt1a9,0.57112802,-0.152
Heatr7b1,0.066415311,0.441
Trpm8,0.64980995,-0.094
Spp2,0.33585197,-0.265
Affy_10348420,0.10162144,-0.393
Sh3bp4,0.20148928,-0.237
Agap1,0.35233079,0.128
Cxcr7,0.59706513,-0.089
Cops8,0.81466272,0.033
Gm9991,0.8195636,-0.04
Mlph,0.78824207,0.046
Prlh,0.68417926,-0.104
Lrrfip1,0.3680964,0.15
Rbm44,0.48517124,-0.152
Ramp1,0.19281998,-0.203
Ube2f,0.95146206,-0.01
Ube2f,0.91891328,0.04
Scly,0.46204365,0.138
Espnl,0.26478596,-0.233
Klhl30,0.040557673,-0.428
Fam132b,0.051910611,-0.369
Traf3ip1,0.015516119,-0.393
Asb1,0.076583213,-0.223
Twist2,0.90613795,0.027
Olfr1413,0.099141069,-0.286
Olfr1412,0.67441462,-0.114
Olfr1411,0.30147483,0.198
Olfr1410,0.30454969,-0.254
Olfr12,0.43673934,-0.158
Gpr35,0.75147598,0.054
Gpc1,0.70071018,-0.178
Mir149,0.23281382,-0.367
Dusp28,0.62782417,0.107
Rnpepl1,0.77840249,0.048
Capn10,0.63237353,-0.105
Aqp12,0.14112102,-0.378
Agxt,0.79523781,0.085
E030010N08Rik,0.94902297,-0.022
Sned1,0.60048227,-0.106
Ppp1r7,0.62174996,0.076
Affy_10348789,0.3450181,0.234
Ano7,0.59761928,-0.128
02-Sep,0.52140514,-0.108
Farp2,0.95473804,0.01
Bok,0.49721944,-0.131
Thap4,0.75287851,0.072
Atg4b,0.85297878,-0.042
Ing5,0.81989062,0.038
D2hgdh,0.6182274,-0.133
Gal3st2,0.23098961,0.352
Gal3st2,0.83025239,0.062
Gm6086,0.21463755,-0.321
Neu4,0.097123325,-0.317
Fam174a,0.89401196,-0.028
Gm15427,0.24186534,-0.155
Affy_10348927,0.86472791,0.035
Hnrnpf,0.56063694,-0.06
Gin1,0.96066882,0.011
Affy_10348943,0.28780326,0.164
Affy_10348945,0.50513708,-0.162
Slco6d1,0.6443946,-0.084
Cntnap5b,0.034893711,-0.348
Affy_10348983,0.35193754,-0.132
Affy_10348992,0.43612487,-0.123
Affy_10348994,0.39201491,-0.154
Affy_10348996,0.80919862,0.05
Cdh20,0.072772517,-0.344
Capza1,0.60120544,0.106
2310035C23Rik,0.65800664,0.098
Zfp706,0.88188996,-0.036
Tnfrsf11a,0.95560191,0.012
Zcchc2,0.55215597,-0.112
Phlpp1,0.7312329,0.079
Gm6651,0.3584702,-0.335
Bcl2,0.28373174,-0.226
Serpinb5,0.62137265,-0.088
Serpinb12,0.41034903,0.179
Serpinb13,0.89128517,0.022
Serpinb11,0.49825247,0.111
Serpinb7,0.78764725,-0.053
Serpinb2,0.53080226,-0.119
Serpinb10-ps,0.91070967,-0.023
Serpinb8,0.55642442,-0.411
Cdh7,0.24985497,-0.162
Affy_10349206,0.57389714,-0.116
Cntnap5a,0.727896,-0.048
Affy_10349233,0.77450389,-0.041
Affy_10349237,0.32939876,0.165
Mki67ip,0.79219029,-0.049
Clasp1,0.36940478,0.132
Tcfcp2l1,0.6475847,0.144
Affy_10349314,0.21944079,-0.264
Tmem185b,0.41552838,-0.111
Sctr,0.12362963,-0.361
3110009E18Rik,0.067898142,-0.369
C1ql2,0.56576746,-0.149
En1,0.55845649,-0.143
Ccdc93,0.74770214,0.04
Affy_10349376,0.52245095,-0.115
Dpp10,0.90873904,-0.027
Slc35f5,0.23086497,-0.226
Gpr39,0.69069346,0.119
Mgat5,0.90412382,0.039
Affy_10349427,0.72614719,0.092
Affy_10349429,0.16018619,-0.218
Acmsd,0.32337861,0.604
Ccnt2,0.52088766,0.11
Rab3gap1,0.29425441,0.153
Rpl28,0.55075934,-0.134
R3hdm1,0.4350277,-0.104
Mir128-1,0.77863888,-0.059
Ubxn4,0.092182132,0.289
Affy_10349527,0.79590796,-0.037
Thsd7b,0.56356109,-0.139
Yod1,0.93108626,-0.017
AA986860,0.39428651,-0.163
LINE_Affy_10349569,0.070498697,-0.658
Fcamr,0.56741881,-0.129
Pigr,0.50609417,-0.173
Faim3,0.47187542,-0.16
Il10,0.4400823,0.16
Lgtn,0.95439291,0.01
Affy_10349634,0.68809868,-0.162
Fam72a,0.67570869,0.1
Avpr1b,0.72630729,0.089
Ctse,0.29036606,-3.913
5430435G22Rik,0.75751523,-0.086
Slc26a9,0.27328106,0.166
Pm20d1,0.31435055,-0.566
Slc41a1,0.36114003,-0.199
Rab7l1,0.38243855,0.135
Nucks1,0.85700077,-0.033
Slc45a3,0.24528497,0.293
Elk4,0.77833229,0.036
Lemd1,0.13909574,-0.229
mir-135b,0.36423328,-0.204
Gm7241,0.10056833,-0.316
Klhdc8a,0.86580303,0.044
Nuak2,0.4436315,-0.198
Affy_10349791,0.95542783,0.008
Dstyk,0.19290182,0.196
Rbbp5,0.48990157,-0.086
Tmem81,0.15417478,-0.285
Gm10538,0.91146767,0.023
Lrrn2,0.25397823,-0.314
Gm7246,0.141415,0.49
Pik3c2b,0.78585523,-0.048
Ppp1r15b,0.44094488,0.124
Affy_10349872,0.25538382,-0.251
Plekha6,0.80462856,0.034
Golt1a,0.34296451,0.311
Kiss1,0.97600253,-0.007
Ren1,0.63290152,-0.114
Etnk2,0.14375644,0.667
Affy_10349943,0.27895253,0.149
Gm10537,0.055258196,-0.407
Fmod,0.29204276,0.304
Gm8618,0.78564819,-0.069
Chit1,0.88175641,0.025
Chi3l1,0.63841141,0.25
Mybph,0.24554318,-0.253
Myog,0.050553304,-0.495
4933406M09Rik,0.14481512,-0.303
Cyb5r1,0.80842977,0.044
Adipor1,0.2953258,-0.102
Klhl12,0.065877478,0.458
Rabif,0.41416806,0.146
Rpl29,0.40678488,-0.174
Kdm5b,0.45514525,-0.223
Syt2,0.69190804,0.071
Ube2t,0.94993232,-0.009
Ptprv,0.56272638,-0.133
Ptpn7,0.87408598,-0.03
Arl8a,0.75677512,-0.096
Lmod1,0.5207233,-0.189
Nav1,0.12382068,-0.328
Csrp1,0.58534552,-0.177
Phlda3,0.73439962,-0.126
Tnni1,0.23001528,-0.25
Lad1,0.40679192,0.295
Tnnt2,0.92772732,-0.021
Tmem9,0.80331551,0.053
Affy_10350197,0.64513279,-0.136
Cacna1s,0.86441432,-0.027
Kif21b,0.47827351,0.146
Ddx59,0.034995743,-0.432
Kif14,0.73805286,-0.062
Kif14,0.58013624,-0.094
Zfp281,0.83414608,-0.04
Hmbs,0.81540083,0.046
A130050O07Rik,0.74370427,0.07
mir-181a-1,0.25175377,-0.216
mir-181b-1,0.90793705,0.029
Atp6v1g3,0.13115132,-0.388
Dennd1b,0.4836361,0.113
Zbtb41,0.8978237,0.029
Aspm,0.51964155,0.116
F13b,0.81573917,0.042
Kcnt2,0.55840179,0.223
Affy_10350471,0.93696148,0.03
B3galt2,0.27123298,-0.219
Glrx2,0.72547945,-0.046
Uchl5,0.53109927,0.114
Affy_10350502,0.35739632,-0.196
Gm5263,0.97686644,0.007
Brinp3,0.95920661,-0.008
Ptgs2,0.47483382,-0.156
Pdc,0.79928095,-0.057
Tpr,0.63966828,0.085
Tpr,0.50978626,0.172
3110040M04Rik,0.22080236,-0.237
Ivns1abp,0.65431089,0.132
Trmt1l,0.83753908,0.036
Fam129a,0.16894306,0.37
Edem3,0.49514326,-0.117
Colgaltg2,0.039372794,-0.388
Apobec4,0.75504762,-0.063
Arpc5,0.52029677,0.202
Ncf2,0.94058499,0.021
Nmnat2,0.68981226,-0.082
1700012A16Rik,0.17210632,-0.204
Affy_10350723,0.67548027,-0.072
Rgs8,0.074313718,-0.439
Rgs16,0.32881428,-0.931
Rnasel,0.47937618,-0.198
Gm5531,0.089809944,-0.512
Teddm1,0.71938239,-0.058
Glul,0.41406982,0.267
A930039A15Rik,0.91500448,0.035
Affy_10350760,0.33217712,-0.211
Stx6,0.21966444,0.281
Acbd6,0.89127586,0.029
Ifrg15,0.43766371,0.163
Ifrg15,0.3039211,0.32
Tor1aip2,0.46741246,0.138
Nphs2,0.071687666,-0.38
Rpl35,0.59496908,0.055
Csnk2a1,0.69409661,-0.034
Abl2,0.79246116,-0.046
2810417H13Rik,0.18559618,0.206
Angptl1,0.54823033,-0.111
Gm10531,0.31544042,-0.18
2810025M15Rik,0.44630549,0.178
BC026585,0.18037321,1.541
Sec16b,0.2981544,0.225
Affy_10350894,0.39751057,0.222
Astn1,0.8351616,0.044
Mir488,0.16925875,0.241
Rfwd2,0.75573132,-0.054
Affy_10350948,0.90397096,-0.033
Tnr,0.13795364,-0.279
Gm10530,0.65647636,0.114
Kiaa0040,0.093985182,1.17
Mrps14,0.58912884,0.09
Rpl23a,0.5765398,-0.072
Rc3h1,0.76960352,0.04
Rc3h1,0.43510121,0.142
Serpinc1,0.62203089,0.091
Gas5,0.28979001,0.461
Gas5,0.59589187,0.216
Gas5,0.67196164,-0.152
Gas5,0.12579367,0.599
Affy_10351041,0.87538841,0.083
Affy_10351043,0.45645799,0.403
Affy_10351045,0.16473511,0.484
Cenpl,0.14920194,0.96
Ankrd45,0.75783037,-0.09
Affy_10351063,0.80133447,-0.065
Affy_10351065,0.97868369,-0.004
Tnfsf4,0.58513664,-0.124
Tnfsf18,0.72828528,-0.07
Pigc,0.39024686,0.167
Dnm3os,0.65167572,-0.091
Dnm3,0.40114957,-0.157
Vamp4,0.5519961,0.09
Myoc,0.56642816,-0.107
Affy_10351136,0.14082206,-0.284
Rpsa-ps1,0.44208568,-0.172
Kifap3,0.15408514,0.319
Scyl3,0.45288183,-0.122
Mettl18,0.76059051,0.106
Sele,0.43484389,-0.13
Sell,0.044765634,0.529
Selp,0.78005625,0.102
F5,0.54809616,-0.101
Slc19a2,0.7030915,0.096
4930455F23Rik,0.90257385,-0.028
Nme7,0.57278589,-0.151
Dpt,0.48681339,0.408
Gpr161,0.85159656,0.036
Brp44,0.50990513,0.188
Adcy10,0.3497901,-0.353
Affy_10351345,0.88998051,-0.027
Creg1,0.19563143,0.514
Cd247,0.38222251,-0.132
Gpa33,0.10036722,-0.344
Ildr2,0.19519517,1.427
Tada1,0.24681227,0.456
Fam78b,0.35004909,-0.263
Tmco1,0.177218,-0.328
Aldh9a1,0.64202803,0.097
Rxrg,0.89906566,-0.034
Lmx1a,0.42780681,-0.169
Rgs5,0.31285632,-0.372
Rgs5,0.38019175,-0.31
C1orf110,0.42086296,-0.143
Uhmk1,0.40387523,-0.225
Sh2d1b2,0.62130031,0.122
Sh2d1b1,0.61283162,0.186
1700015E13Rik,0.16192266,-0.234
Nos1ap,0.97034436,0.009
Gm7299,0.89247408,0.041
Olfml2b,0.53287857,-0.13
Affy_10351500,0.47206205,-0.143
Dusp12,0.96507201,0.01
EG665955,0.11255175,-3.619
Gm10522,0.35959977,-0.272
Fcgr4,0.53808318,0.469
Rnu1b1,0.88571915,-0.042
C1orf192,0.47956473,0.378
Mpz,0.1743656,-0.344
Nr1i3,0.98966251,-0.008
Apoa2,0.88476226,-0.02
Adamts4,0.85483644,-0.042
B4galt3,0.28990707,0.276
Dedd,0.6950242,-0.048
Pfdn2,0.83988285,-0.055
Pvrl4,0.28840727,-0.238
Arhgap30,0.73225878,0.095
Usf1,0.98000093,-0.008
F11r,0.37186116,-0.363
Refbp2,0.0410994,0.732
Refbp2,0.24898239,-0.363
Cd244,0.33509189,0.315
Cd48,0.7600659,0.152
Ccdc72,0.3604178,-0.152
Slamf1,0.4767216,-0.138
Cd84,0.063141593,0.695
Gm10521,0.66136283,-0.099
Slamf6,0.32723129,0.279
Copa,0.88601239,0.03
Pex19,0.21971894,0.291
Dcaf8,0.4312014,0.2
Igsf8,0.5109791,-0.125
Kcnj10,0.4590886,0.246
Pigm,0.39033025,0.229
Slamf9,0.84394249,-0.072
Igsf9,0.71787859,0.064
Tagln2,0.08835115,0.74
Ccdc19,0.27727972,-0.19
Vsig8,0.75334914,-0.053
Crp,0.45574197,0.19
Olfr16,0.83197767,-0.09
Affy_10351859,0.71570083,0.067
Olfr218,0.038586227,-0.341
Olfr1404,0.50861323,0.144
Olfr418-ps1,0.13577147,-0.3
Aim2,0.54249771,0.2
Pyhin1,0.16580064,0.859
E430029J22Rik,0.75158955,0.128
Olfr433,0.94155842,-0.016
Olfr432,0.9243904,0.017
Olfr430,0.64416599,-0.077
Olfr429,0.47910442,-0.142
Olfr427,0.18806151,0.243
Olfr424,0.79008367,0.057
Affy_10351897,0.79765314,-0.048
Olfr421,0.68141819,0.08
Olfr420,0.6946662,-0.095
Spna1,0.56465893,-0.079
1810030J14Rik,0.19679155,-0.286
Olfr417,0.68610493,-0.104
Olfr248,0.87869108,-0.038
Olfr414,0.76404154,0.079
Olfr220,0.36577568,-0.178
Fmn2,0.52043935,-0.14
Gm10520,0.62389405,-0.085
Kmo,0.50900674,-0.129
Wdr64,0.9374831,0.013
Exo1,0.92752144,0.021
Affy_10352064,0.31964275,-0.316
Sdccag8,0.52700397,0.108
Zfp238,0.66288347,-0.108
1700016C15Rik,0.093409177,-0.265
Gm16432,0.19253666,-0.321
Gm16432,0.1655556,0.331
Pppde1,0.62612859,0.17
Gm9982,0.89037116,0.037
Fam36a,0.81660711,0.052
Affy_10352131,0.92888399,-0.014
Efcab2,0.13197717,0.392
Kif26b,0.23265827,-0.324
Affy_10352150,0.085806944,-0.453
Kif26b,0.24015712,-0.302
Cnst,0.89508881,0.022
Sccpdh,0.98638549,-0.005
Ahctf1,0.34029302,-0.185
Cdc42bpa,0.097622591,0.652
Itpkb,0.25694525,0.224
Parp1,0.34876813,0.1
Lin9,0.57652694,-0.129
Acbd3,0.15751208,-0.226
G370120E05Rik,0.67649948,-0.102
BC031781,0.95688281,0.01
Lefty2,0.36125866,-0.202
Pycr2,0.37337421,-0.155
Lefty1,0.75217133,0.072
Tmem63a,0.65429549,-0.151
9130409I23Rik,0.40631424,1.044
Cnih4,0.371926,0.25
A430110L20Rik,0.79606052,-0.051
Haus5,0.93411499,0.019
Cnih3,0.23696184,-0.31
Affy_10352369,0.90337466,-0.02
Dnahc14,0.69522682,0.058
Srp9,0.21789455,-0.242
Trp53bp2,0.1214421,0.188
Capn8,0.089574904,-1.048
Susd4,0.64303636,-0.52
Dusp10,0.11817788,0.372
Affy_10352454,0.89247619,0.024
Rpl21,0.82600524,-0.025
Rab3gap2,0.6760368,0.08
Snora36b,0.92271497,0.016
mir-194-1,0.68758064,-0.081
mir-215,0.76350537,0.074
Bpnt1,0.42240421,-0.129
Eprs,0.46690522,-0.113
Slc30a10,0.69701553,-0.115
Tgfb2,0.52273858,-0.187
Gm3809,0.45932525,0.187
D1Pas1,0.66937835,0.076
Gpatch2,0.88963554,0.021
Esrrg,0.71676827,-0.136
Ush2a,0.55939314,-0.076
Ptpn14,0.69065085,-0.092
Angel2,0.80310581,-0.039
Mfsd7b,0.66047534,-0.101
1700022P22Rik,0.24333181,-0.292
Nsl1,0.9247144,-0.021
Batf3,0.75073011,-0.066
D730003I15Rik,0.45427055,0.153
Tmem206,0.14987969,0.323
Ints7,0.96438506,-0.014
Lpgat1,0.89460673,-0.035
Nek2,0.21641655,-0.404
Slc30a1,0.24227723,-0.264
Rd3,0.8092476,0.049
Gm10124,0.96701691,-0.013
Gm10516,0.83089036,0.04
Kcnh1,0.22710104,-0.252
Affy_10352813,0.54302271,0.315
Irf6,0.52493757,-0.229
A130010J15Rik,0.96569063,0.01
A130010J15Rik,0.75639546,0.07
Lamb3,0.57414821,0.257
Affy_10352864,0.41191207,0.168
Plxna2,0.38975656,0.734
Cd34,0.73997523,0.12
Cd34,0.66747527,0.103
Mir29b-2,0.44605749,0.196
mir-29c,0.37361707,0.249
Xkr4,0.37987032,-0.19
Affy_10352926,0.69005881,0.101
Rp1,0.96399136,0.01
Sox17,0.65914932,0.084
Affy_10352945,0.57148575,0.132
Mrpl15,0.63796838,-0.122
Hmgb3,0.56278796,0.149
Rgs20,0.13484187,-0.273
Npbwr1,0.80460261,-0.048
Rb1cc1,0.20498209,-0.315
Affy_10352973,0.65910851,-0.089
Sntg1,0.4222948,0.379
Affy_10353002,0.29770717,-0.232
Cks2,0.39977936,0.171
Gm7075,0.17175264,-0.188
Mybl1,0.50124459,0.419
Vcpip1,0.58640651,0.09
Rpa3,0.296695,-0.388
Snord87,0.70320264,-0.14
Gm10567,0.37748978,-0.275
Lrrc67,0.34620115,-0.144
Affy_10353048,0.52896463,-0.12
Cops5,0.22096256,0.258
Affy_10353061,0.31399761,-0.296
Arfgef1,0.64166599,-0.065
Cpa6,0.57717795,0.079
Affy_10353115,0.54603316,0.114
Slco5a1,0.15090488,-0.254
Prdm14,0.14305377,-0.29
Ncoa2,0.067000428,-0.31
Affy_10353165,0.004421826,-1.1
Tram1,0.57969394,-0.146
Lactb2,0.90638256,0.031
Gm5523,0.71798141,-0.054
Eya1,0.94552301,0.01
Msc,0.27736883,-0.235
Sumo2,0.84792942,0.03
Trpa1,0.72225239,-0.064
Gapdh,0.65673301,-0.062
Gm106,0.25400472,-0.254
4930444P10Rik,0.72011127,-0.075
Rpl7,0.74751077,0.049
Stau2,0.12836775,-0.413
Ube2w,0.84532873,-0.042
Tceb1,0.11327789,0.402
Affy_10353303,0.9388111,0.023
Gm5828,0.7627668,-0.076
LOC100047557,0.010333861,-0.552
Jph1,0.23149872,0.268
Jph1,0.71837346,-0.074
Affy_10353317,0.85037557,0.043
Crisp4,0.84924724,-0.027
Defb44-ps,0.91154428,0.019
Defb18,0.22594374,-0.188
Defb41,0.86902711,0.02
Hmgb1,0.67536094,0.066
LOC100046479,0.63238719,0.1
Pkhd1,0.07125488,0.796
Affy_10353413,0.31176382,0.236
Il17f,0.25347869,-0.249
Mcm3,0.49208846,0.126
Tram2,0.11819093,-0.459
Gm4956,0.23097077,1.191
Kcnq5,0.1782519,-0.333
Eif3m,0.82877364,0.043
Affy_10353477,0.45133261,0.172
Rims1,0.049867258,-0.321
4933415F23Rik,0.17295073,-0.248
Gm6420,0.44819187,-0.264
Ogfrl1,0.33376068,0.252
Smap1,0.27617519,0.141
C6orf57,0.13762806,0.495
Fam135a,0.58029189,0.192
Col19a1,0.5477703,-0.127
ND4L-ps,0.76400115,-0.044
MT-ATP6,0.64303755,-0.077
mt-Co2,0.64262177,-0.065
Bai3,0.50128366,0.148
Affy_10353667,0.002448841,0.907
4931408C20Rik,0.61918868,-0.074
Affy_10353672,0.76611123,-0.094
Lsm5,0.72538527,0.129
Gm597,0.62168259,0.086
Gm5697,0.75574169,-0.071
Affy_10353684,0.41701898,0.18
Gm9898,0.41925272,-0.195
Phf3,0.31195388,-0.165
Ptp4a1,0.9381859,0.022
Gm5698,0.28247183,-0.122
Lgsn,0.57689491,-0.093
Affy_10353727,0.6330696,-0.08
4930444G20Rik,0.78980408,-0.037
4930444G20Rik,0.76833625,-0.037
Prim2,0.20492253,0.32
Bag2,0.78257067,0.055
Zfp451,0.73413928,0.052
Gm15455,0.94411868,-0.02
Bend6,0.8277948,0.044
Ccdc115,0.9238119,0.021
Prss40,0.046761419,-0.432
1700101I19Rik,0.38919835,-0.186
Fam168b,0.62243533,0.075
Uggt1,0.98705601,0.004
Neurl3,0.8317442,0.134
Kiaa1310,0.43008359,0.222
Lman2l,0.83487134,-0.045
Ankrd23,0.85879977,0.039
Ankrd39,0.2481012,-0.235
Sema4c,0.71404669,0.083
Fam178b,0.82742224,0.052
Fam178b,0.55090479,-0.12
Actr1b,0.69169257,0.052
Tmem131,0.55358252,0.091
Affy_10353989,0.91429299,-0.024
Rpl12,0.53062555,-0.106
Coa5,0.53547004,0.192
Mgat4a,0.23497111,0.409
Kiaa1211l,0.34808344,-0.22
Tsga10,0.88366989,0.027
Mitd1,0.55755517,-0.117
Lyg2,0.7039323,-0.108
Lyg1,0.3264077,-0.203
Txndc9,0.93046923,0.02
Rev1,0.73153315,-0.064
Aff3,0.60536774,-0.079
Lonrf2,0.93590261,-0.013
Chst10,0.12698199,-0.264
Tbc1d8,0.15668645,0.404
Rnf149,0.093543573,-0.283
Affy_10354203,0.19166768,0.362
Gm5100,0.070828193,-0.716
Creg2,0.16685146,-0.279
Rfx8,0.69007418,0.08
Mfsd9,0.17467389,0.234
Affy_10354227,0.32743616,-0.216
2610017I09Rik,0.61704986,-0.088
Tgfbrap1,0.51288195,0.097
Fhl2,0.70916167,0.086
Uxs1,0.62425415,-0.084
Mettl21c,0.11734362,-0.199
Affy_10354273,0.4464486,-0.142
1700029F09Rik,0.95223989,0.014
Kdelc1,0.49461096,0.11
4832428D23Rik,0.73557062,-0.072
Txn1,0.48820807,-0.148
Col5a2,0.36203208,-0.151
Col5a2,0.62901038,-0.116
Affy_10354370,0.84545913,-0.038
Myl6,0.7815894,0.05
Slc40a1,0.33034504,-0.423
Gm4776,0.31395018,-0.192
Slc39a10,0.15116887,0.524
Affy_10354400,0.1055177,-0.401
Dnajb6,0.31993159,-0.142
Affy_10354406,0.9419628,0.012
Affy_10354408,0.53126482,-0.094
Affy_10354411,0.72225764,0.077
Affy_10354414,0.63091059,-0.09
Affy_10354416,0.20128066,-0.444
Obfc2a,0.62843392,-0.145
Myo1b,0.70021776,-0.074
Affy_10354468,0.13838893,-0.266
Rpl15,0.037179568,-0.428
Gls,0.12136739,0.507
Affy_10354492,0.20805909,0.204
Nab1,0.49269236,0.142
Gm5976,0.084768836,-0.506
Mfsd6,0.32234364,0.314
Inpp1,0.21324211,0.349
1700019D03Rik,0.34197969,0.226
1700019A02Rik,0.46960192,0.141
Pms1,0.80033736,0.053
Asnsd1,0.7011527,0.066
Dnahc7b,0.80874187,0.032
Dnahc7b,0.6723758,0.117
Affy_10354581,0.63175768,-0.163
Stk17b,0.27395029,0.426
Hecw2,0.58112194,-0.053
Gtf3c3,0.53505767,0.144
Gm6810,0.46671388,-0.172
Pgap1,0.97387297,-0.012
Pgap1,0.98187966,0.007
Ankrd44,0.51659029,0.154
Sf3b1,0.91258414,-0.012
Coq10b,0.43240758,-0.197
Hspd1,0.84129435,0.05
Gm5147,0.82730476,0.061
Atp5l,0.23430637,0.287
Rftn2,0.14242794,0.192
Boll,0.91482429,0.016
Gm7098,0.44442457,0.145
Akr1b3,0.92777558,-0.034
Hsfy2,0.87406508,-0.03
Satb2,0.34590581,0.173
Affy_10354788,0.27110728,-0.222
1110034B05Rik,0.76512763,0.074
Affy_10354803,0.79114653,-0.054
Kctd18,0.86428828,0.029
Clk1,0.78170433,-0.052
Ppil3,0.074631129,0.372
Orc2l,0.98311287,0.005
Fam126b,0.75528957,-0.09
Affy_10354881,0.48822369,0.147
Als2cr12,0.89185101,0.028
Trak2,0.48490169,-0.112
4930408G06Rik,0.969327,-0.006
4930408G06Rik,0.90448633,0.038
Als2cr11,0.65553831,-0.062
Als2cr4,0.16159087,0.26
Mpp4,0.6270479,-0.113
Als2,0.35647625,-0.166
Sumo1,0.28540329,0.314
Ica1l,0.1627149,-0.283
Wdr12,0.98030271,-0.007
Raph1,0.95507409,0.011
Ino80d,0.64289057,-0.058
Ndufs1,0.84271125,0.032
AF362573,0.2164377,0.418
Gpr1,0.75903994,0.066
Affy_10355113,0.39541357,-0.146
Prelid1,0.68661183,-0.067
Dytn,0.63250656,0.097
Mdh1b,0.33628627,0.15
4933402D24Rik,0.30349561,-0.2
Affy_10355138,0.61734373,-0.076
Klf7,0.89289552,0.034
Mettl21a,0.98926585,0.003
Fzd5,0.61779859,-0.098
Plekhm3,0.52808127,0.14
Rpl10a,0.11420141,-0.222
4921521F21Rik,0.28230281,0.152
Cryge,0.99589935,0.001
Crygd,0.23755346,-0.259
Crygc,0.65425973,-0.097
Crygc,0.56213295,0.089
Crygb,0.46718529,-0.186
Cryga,0.24432281,-0.32
D630023F18Rik,0.64420385,-0.113
Idh1,0.72049396,-0.072
Gm10558,0.23058388,0.186
Kansl1l,0.31607984,0.241
Acadl,0.71706186,0.098
Myl1,0.89161155,-0.035
Gm10072,0.87550698,-0.057
Lancl1,0.67815022,-0.098
Erbb4,0.16468268,1.656
Gm8840,0.42929562,-0.699
Ikzf2,0.39112507,0.172
Bard1,0.27850482,-0.182
Bard1,0.48792448,-0.122
Bard1,0.86480144,0.03
Affy_10355341,0.37265356,-0.258
Abca12,0.48209011,-0.121
Acp1,0.29682415,-0.189
Fn1,0.0351654,-0.208
Affy_10355452,0.64781428,0.137
Gm5256,0.74668747,-0.088
Mreg,0.3961223,-0.2
Pecr,0.87291366,-0.037
04-Mar,0.055230024,-0.412
Ankar,0.93970146,0.014
Igfbp5,0.082002919,0.528
Tnp1,0.017131786,-0.488
Tns1,0.79807226,0.041
Tns1,0.34197593,-0.377
Tns1,0.70948119,-0.088
Tns1,0.50015679,-0.139
Tns1,0.55770177,0.106
Tns1,0.90498756,0.02
Cxcr1,0.27389067,-0.24
Aamp,0.51778231,-0.107
Tmbim1,0.94735508,0.012
Usp37,0.92813737,0.026
Zfp142,0.8554984,0.031
Rnf25,0.90852319,0.024
Prkag3,0.11956024,-0.364
Fev,0.044790367,-0.412
Cryba2,0.14592168,-0.358
Mir375,0.46479902,-0.218
Ccdc108,0.20929395,-0.242
Ihh,0.009035332,-0.514
Nhej1,0.12597728,0.28
Slc23a3,0.92452843,0.019
Cnppd1,0.64865797,0.09
Abcb6,0.75661801,-0.06
Atg9a,0.46017609,-0.104
Glb1l,0.99175636,0.002
Tuba4a,0.59445827,0.205
Ptprn,0.68756391,-0.086
Resp18,0.36243702,-0.121
Dnpep,0.1375414,0.228
Chpf,0.28198064,-0.17
Obsl1,0.35161008,-0.186
Epha4,0.58708942,-0.092
Affy_10355914,0.34947998,0.17
Pax3,0.9520612,-0.011
Farsb,0.27515168,0.164
BC035947,0.8878718,-0.026
Ube2v1,0.81465282,0.037
Scg2,0.43242714,-0.142
Ap1s3,0.83744649,-0.047
Wdfy1,0.53211424,-0.17
Serpine2,0.66114562,0.409
Slc25a5,0.64706256,-0.065
Fam124b,0.89997033,-0.025
Cul3,0.24984135,0.162
Gm6189,0.91104008,-0.029
Dock10,0.27089036,0.612
Plscr1,0.4491892,0.379
Irs1,0.4485534,0.221
Col4a4,0.10146071,-0.23
Tm4sf20,0.000671765,-0.822
LOC100044526,0.79937247,-0.067
Slc19a3,0.37032577,-0.4
Sphkap,0.89184256,0.026
Affy_10356170,0.62566725,-0.143
Pid1,0.74862473,-0.058
Dner,0.15387018,-0.316
Trip12,0.10625942,-0.174
Slc16a14,0.11810496,-0.392
C130026I21Rik,0.82175734,0.056
Gm7609,0.60496462,0.25
A530032D15Rik,0.007079466,0.803
Sp140,0.057804509,0.697
A530032D15Rik,0.5607058,-0.174
Csprs,0.91252382,-0.06
Sp110,0.69505697,0.088
A530040E14Rik,0.81751549,-0.058
A630001G21Rik,0.62000628,0.171
Gpr55,0.093971988,-0.446
Htr2b,0.13504544,0.232
Ncl,0.48739487,0.137
Ncl,0.44030511,0.19
Affy_10356331,0.27406791,0.267
Snord82,0.68248457,-0.179
Nmur1,0.065015576,-0.406
Pde6d,0.51782508,0.133
Nppc,0.43736409,-0.174
Rpl6,0.42224559,-0.104
Alppl2,0.24163433,-0.21
Alpi,0.23201612,-0.303
Ecel1,0.15854726,-0.274
Affy_10356401,0.056102094,0.39
Kcnj13,0.93361132,-0.02
Ngef,0.11828818,-0.568
Usp40,0.27793498,0.281
Dnajb3,0.73445215,-0.062
Hjurp,0.20426283,1.355
Glrp1,0.62973249,0.083
Arl4c,0.81407516,-0.042
Gm5259,0.31644944,-0.158
Gbx2,0.59022019,-0.116
Asb18,0.31890109,-0.182
Iqca,0.73006826,0.069
Iqca,0.59520662,0.551
Iqca,0.37863763,-0.366
Iqca,0.82545163,-0.048
Iqca,0.75273312,0.055
Col6a3,0.39745267,0.262
Rab17,0.24307751,0.208
Ilkap,0.10408811,-0.236
Hes6,0.78141057,-0.112
Per2,0.1887956,-0.464
Affy_10356626,0.28208026,0.247
Hdac4,0.86274191,-0.018
Ndufa10,0.74049485,-0.05
Olfr1416,0.62104713,0.163
Olfr1415,0.84930877,0.04
Olfr1414,0.22977962,-0.217
Myeov2,0.8662683,0.032
Otos,0.82161793,-0.053
Ankmy1,0.9659121,0.008
Capn10,0.27819887,-0.259
Kif1a,1,0
Hmgcs2,0.17746195,2.12
2310007B03Rik,0.45012501,-0.166
Mterfd2,0.45074862,0.132
Rpl17,0.20624686,-0.146
Pask,0.56059659,0.1
Hdlbp,0.18171337,-0.18
Stk25,0.9430481,-0.01
Thap4,0.58015822,0.111
Dtymk,0.71152635,0.092
Pdcd1,0.073095986,-0.439
Affy_10356873,0.3966401,-0.153
Affy_10356876,0.52440704,0.086
Affy_10356878,0.80675766,0.061
St8sia4,0.85913932,0.025
Slco4c1,0.6100204,-0.071
Slco6b1,0.16173651,0.262
Affy_10356916,0.51206691,-0.101
Slco6c1,0.54573411,-0.119
D1Ertd622e,0.83582773,0.053
Ppip5k2,0.29938809,-0.196
Pam,0.60306045,0.157
Affy_10356995,0.36348965,-0.15
Affy_10356997,0.56107846,0.126
Prdx2,0.464895,-0.191
Affy_10357001,0.40758748,0.271
Rnf152,0.12567742,0.433
Pign,0.20619892,0.239
Bcl2,0.8480155,-0.041
Kdsr,0.88055933,0.054
Vps4b,0.24006437,-0.128
Serpinb3a,0.24748812,0.272
Serpinb3d,0.14489353,-0.25
Serpinb3b,0.14252108,-0.259
Serpinb3c,0.58062971,-0.101
Gm5702,0.72559834,-0.077
Cdh19,0.76180635,0.057
Dsel,0.94764601,-0.01
Affy_10357120,0.000389098,-1.033
Affy_10357122,0.12950246,0.392
Tsn,0.12148082,0.326
Affy_10357133,0.021854362,0.582
2900060B14Rik,0.15943681,0.222
Gli2,0.50095198,-0.131
Inhbb,0.61654814,-0.129
Ralb,0.74863457,-0.062
Epb4.1l5,0.45980498,0.125
Ptpn4,0.26643434,0.336
Tmem177,0.055240654,0.463
Gm101,0.44902437,-0.146
Tmem37,0.46151979,-0.244
Dbi,0.041637678,0.508
Steap3,0.40208992,0.294
Marco,0.19361757,0.841
Insig2,0.9050568,0.057
Htr5b,0.67091399,-0.085
Ddx18,0.4613926,0.121
Hmgcs2,0.17746195,2.12
Dpp10,0.47147955,-0.113
Affy_10357328,0.38955478,-0.175
Actr3,0.12631127,0.362
Lypd1,0.74874095,-0.06
Nckap5,0.62873757,-0.094
Nckap5,0.41227737,0.145
Rpl27a,0.74299261,0.058
Tmem163,0.43279406,-0.15
Ysk4,0.50441906,0.116
Zranb3,0.37661849,0.163
Lct,1,0
Mcm6,0.026563437,0.892
Dars,0.12061156,0.519
Cxcr4,0.95606332,0.014
Affy_10357476,0.43793421,-0.128
Rpl31,0.36421188,0.117
Daf2,0.35592947,0.215
Cd55,0.25857819,0.452
Zp3r,0.054095502,-0.36
Affy_10357514,0.59348383,-0.098
C4bp,0.41384918,-0.136
Affy_10357529,0.20063635,-0.278
Pfkfb2,0.53726937,0.147
Il24,0.73197541,-0.068
Il20,0.62218874,0.098
Il19,0.93679096,0.01
Mapkapk2,0.26758933,0.224
Dyrk3,0.83841715,-0.034
Rassf5,0.93742935,-0.012
Ikbke,0.7232737,0.173
Srgap2,0.38981622,0.228
Affy_10357656,0.26715804,0.265
Affy_10357658,0.059540096,-0.6
Mfsd4,0.19889381,-0.262
Cdk18,0.72299888,-0.061
Gm10188,0.69851885,-0.086
Tmcc2,0.67155031,-0.091
Cntn2,0.20451037,-0.259
Nfasc,0.080405697,-0.308
Mdm4,0.87227081,0.031
Ppp1r15b,0.73264595,0.052
Sox13,0.43451682,-0.152
Snrpe,0.19706512,-0.561
Zc3h11a,0.96008428,0.01
Atp2b4,0.11387091,0.276
Affy_10357856,0.075200689,0.389
Optc,0.21227666,-0.244
Prelp,0.27284574,0.282
Btg2,0.16912106,0.836
Adora1,0.98602986,-0.006
Affy_10357886,0.95232266,-0.015
Ppfia4,0.78941093,0.058
Tmem183a,0.75130226,-0.041
4931440L10Rik,0.3080836,-0.187
Ppp1r12b,0.53374273,-0.145
Ppp1r12b,0.75195136,-0.057
Ppp1r12b,0.70592203,0.059
Ppp1r12b,0.92870015,-0.015
Ppp1r12b,0.21408187,0.265
Ppp1r12b,0.33545418,0.105
Ppp1r12b,0.20439257,0.222
Lgr6,0.46703497,-0.144
Ptprv,0.15630453,-0.305
Gpr37l1,0.4269237,-0.21
Elf3,0.45167291,-0.3
Rnpep,0.063490369,0.577
Timm17a,0.3797224,0.241
Shisa4,0.81980496,-0.055
Ipo9,0.53183493,0.077
Nav1,0.64211097,0.093
Pkp1,0.26787701,-0.21
Igfn1,0.41728041,-0.151
2310006M14Rik,0.73722679,-0.046
5730559C18Rik,0.91580765,-0.021
Gpr25,0.91322437,-0.023
Camsap1l1,0.040599312,-0.241
Nr5a2,0.1485131,0.218
Affy_10358222,0.4754974,0.174
Ptprc,0.38386297,0.552
Nek7,0.87750382,0.026
Lhx9,0.36853254,-0.188
Affy_10358281,0.7867167,-0.044
Crb1,0.045643681,-0.293
Cfhrc,0.72706614,0.083
Cfhr1,0.14353766,-0.356
Cfhr3,0.6418616,-0.149
BC026782,0.25118149,0.331
Cfh,0.85742217,0.036
Gm4845,0.75160747,0.114
Cdc73,0.86911501,-0.027
Trove2,0.23354321,0.315
Rgs2,0.2436187,0.649
Rgs13,0.93235759,-0.016
Rgs1,0.60182786,0.224
Rgs21,0.66280724,-0.08
Affy_10358419,0.85443961,-0.028
Rgs18,0.73641049,0.067
Affy_10358428,0.4977036,-0.096
Gm9931,0.72718685,0.062
Zfp825,0.63556314,-0.081
Pla2g4a,0.46194216,0.308
Rbm3,0.9126381,-0.042
Bex4,0.87217726,-0.03
BC003331,0.15690467,0.292
Prg4,0.12311171,0.719
Hmcn1,0.83676797,-0.042
Hmcn1,0.4774652,0.13
Hmcn1,0.82517583,-0.048
Hmcn1,0.33719753,0.246
Hmcn1,0.517218,-0.112
Hmcn1,0.49712601,0.167
Hmcn1,0.22335282,-0.212
Hmcn1,0.59361035,0.166
Hmcn1,0.36074041,0.215
Hmcn1,0.5644709,0.124
Hmcn1,0.19159469,-0.385
Hmcn1,0.68149536,-0.13
Hmcn1,0.77177662,0.092
Hmcn1,0.11271943,-0.273
Hmcn1,0.15292104,0.281
Hmcn1,0.60794585,-0.104
Hmcn1,0.20233946,0.28
Hmcn1,0.092621767,0.342
Hmcn1,0.10260369,0.385
Hmcn1,0.30460765,0.254
Hmcn1,0.73045533,-0.067
Hmcn1,0.5889638,0.135
Hmcn1,0.73486896,0.079
Hmcn1,0.13433349,0.318
Hmcn1,0.90051959,-0.024
Hmcn1,0.85164242,0.062
Hmcn1,0.71637563,-0.082
Hmcn1,0.48325151,0.198
Hmcn1,0.84701215,0.042
Hmcn1,0.85225512,0.036
Hmcn1,0.68932169,0.08
Hmcn1,0.87901625,-0.036
Hmcn1,0.46855712,0.144
Hmcn1,0.58198818,0.144
Hmcn1,0.25031236,0.144
Hmcn1,0.31477849,-0.283
Hmcn1,0.09693157,0.382
Hmcn1,0.33037275,-0.21
Hmcn1,0.57125447,0.15
Hmcn1,0.79503352,-0.038
Hmcn1,0.31589982,0.15
Hmcn1,0.25719268,0.298
Hmcn1,0.92141536,-0.022
Hmcn1,0.86291138,-0.035
Hmcn1,0.65798864,-0.077
Hmcn1,0.5806264,-0.129
Hmcn1,0.29746755,-0.271
Hmcn1,0.16970454,0.199
Hmcn1,0.10813384,0.298
Hmcn1,0.24516826,-0.281
Hmcn1,0.35845026,-0.182
Hmcn1,0.97858019,-0.008
Hmcn1,0.50514961,0.148
Hmcn1,0.27371283,0.256
Hmcn1,0.29518558,0.252
Hmcn1,0.12942154,0.345
Hmcn1,0.80901941,0.047
Hmcn1,0.9824244,0.004
Hmcn1,0.45666261,-0.126
Hmcn1,0.62268821,0.091
Hmcn1,0.76673465,0.091
Hmcn1,0.52452519,0.179
Hmcn1,0.028558679,-0.548
Hmcn1,0.9469039,-0.014
Hmcn1,0.96482942,-0.009
Hmcn1,0.22671119,0.303
Hmcn1,0.77369025,0.087
Hmcn1,0.56293338,0.126
Hmcn1,0.65508562,-0.078
Hmcn1,0.96578865,-0.012
Hmcn1,0.85165144,0.065
Hmcn1,0.084663519,0.452
Hmcn1,0.95551431,0.016
Hmcn1,0.53710205,0.135
Hmcn1,0.31652074,0.281
Hmcn1,0.28711121,0.264
Hmcn1,0.68706734,-0.071
Ivns1abp,0.49398472,0.118
1200016B10Rik,0.61473739,0.132
Rnf2,0.87933856,-0.038
Cox7b,0.53736944,-0.094
Affy_10358711,0.2796333,-0.266
1700025G04Rik,0.87712987,0.029
1700025G04Rik,0.047922916,-0.427
Tsen15,0.67570967,0.077
Rgl1,0.80489836,-0.052
Gm7278,0.5786758,0.097
Smg7,0.63682814,0.089
Affy_10358785,0.2880186,0.36
Lamc2,0.82394975,0.039
Lamc1,0.80999271,0.059
E330020D12Rik,0.40056289,-0.203
Dhx9,0.62928563,-0.093
Npl,0.27475438,-0.659
F630010C12Rik,0.53218516,-0.1
Sord,0.80542801,0.07
Rgsl1,0.86412533,-0.034
Affy_10358913,0.17156599,0.176
Teddm2,0.34974744,0.195
Affy_10358926,0.79462407,0.067
Cacna1e,0.78058442,-0.051
Ier5,0.58075447,0.144
Mr1,0.81741535,-0.104
BC034090,0.35886913,-0.214
Xpr1,0.79460401,0.035
Gm5532,0.26609665,-0.221
Lhx4,0.85780955,-0.035
Qsox1,0.54334441,0.242
Cep350,0.45109232,0.138
Affy_10359078,0.54225634,0.242
Affy_10359080,0.30872759,0.167
Affy_10359082,0.49147827,-0.091
Affy_10359084,0.48782165,0.142
Cep350,0.24255052,0.285
Tor1aip1,0.39045461,0.202
Fam163a,0.34688095,-0.197
Tdrd5,0.84058537,-0.035
9430070O13Rik,0.49557822,-0.074
Soat1,0.75086593,0.111
Tor3a,0.29483801,0.58
Fam20b,0.20907375,-0.685
Ralgps2,0.48663701,0.271
1700057K13Rik,0.47681249,-0.174
Rasal2,0.1816586,0.355
Fam5b,0.26614937,-0.187
Pappa2,0.64297166,0.117
Pappa2,0.12010121,-0.331
Pappa2,0.53298715,-0.141
1600012P17Rik,0.20343914,-0.249
Atp5h,0.36928923,0.221
Affy_10359299,0.27009287,-0.247
Kiaa0040,0.16249751,0.314
Tnn,0.42804617,-0.188
Cacybp,0.74169237,0.08
Rabgap1l,0.083726353,0.284
Gpr52,0.18375448,0.25
Zbtb37,0.23448394,0.257
Dars2,0.084317769,0.71
Klhl20,0.11858239,0.571
Affy_10359419,0.13087421,-0.305
Prdx6,0.93423435,-0.014
Aph1a,0.79407906,-0.052
Fasl,0.38595823,0.114
Suco,0.48788995,0.132
4930558K02Rik,0.28188622,0.181
Dnm3,0.12603465,0.368
Dnm3os,0.48007807,0.114
Mettl13,0.35439406,-0.14
Eif4e1b,0.33234696,-0.23
Affy_10359520,0.07140625,-0.478
Bat2l2,0.38496801,-0.119
Fmo4,0.79934727,-0.148
Fmo1,0.57891684,-0.263
Fmo2,0.68489883,-0.593
Fmo3,0.99246893,-0.018
4921528O07Rik,0.74334583,0.054
Prrx1,0.34889137,0.352
Gorab,0.68110811,0.082
LOC280487,0.17746195,2.12
Mettl11b,0.46438793,-0.122
Scyl3,0.44622804,-0.128
Blzf1,0.8926071,-0.029
Atp1b1,0.19430227,-0.391
Xcl1,0.60021885,0.094
Tbx19,0.2251346,-0.306
Sft2d2,0.78023372,0.053
Tiprl,0.010611114,0.453
Dcaf6,0.1473319,-0.496
Mpzl1,0.24763501,0.311
Rcsd1,0.6429559,0.094
Pou2f1,0.30164311,0.176
Dusp27,0.52526812,-0.152
Mael,0.51020853,-0.146
Ildr2,0.23359702,0.37
Pogk,0.33301361,0.186
Uqcr11,0.61928103,0.165
Gm4847,0.90907169,0.019
Fmo9,0.14213685,-0.216
Uck2,0.79654146,-0.07
Uck2,0.019321214,0.597
mir-689-1,0.20162424,-0.308
Mgst3,0.85063157,-0.151
Lrrc52,0.59244808,-0.11
Pbx1,0.20832926,0.302
LOC640480,0.22037268,0.415
Nuf2,0.17074412,0.198
Rgs4,0.007421444,-0.752
Hsd17b7,0.32650666,-0.468
Ddr2,0.043366909,0.446
Uap1,0.75558271,-0.061
Uhmk1,0.95699787,-0.007
Nos1ap,0.95597069,-0.009
Atf6,0.84179554,-0.029
Affy_10359999,0.78665008,-0.079
Affy_10360001,0.22992155,-0.302
Dusp12,0.79255925,0.06
Fcrlb,0.57165037,-0.128
Fcrla,0.65867455,-0.09
Uqcrb,0.87579061,0.028
Fcgr2b,0.68339645,0.142
Fcgr3,0.19902853,0.413
Sdhc,0.90021644,-0.023
Pcp4l1,0.89229897,0.086
Tomm40l,0.36571686,0.178
Fcer1g,0.59693027,0.402
Ndufs2,0.29768244,-0.158
Ppox,0.068048038,0.532
Usp21,0.16275391,0.257
Ufc1,0.84465688,-0.033
Rpl27,0.41062282,0.123
Nit1,0.18966916,0.303
Klhdc9,0.73023241,-0.072
B930036N10Rik,0.21063599,2.678
Refbp2,0.99393782,0.002
Itln1,0.2053768,-0.225
Ly9,0.16390199,0.531
Slamf7,0.39421567,0.274
Affy_10360185,0.17626643,-0.316
Vangl2,0.37809507,-0.173
Nhlh1,0.09112308,-0.344
Ncstn,0.38079569,0.259
Timm23,0.66274695,-0.06
Pea15a,0.14213133,0.526
Casq1,0.538397,-0.131
Atp1a4,0.66320577,-0.08
Atp1a2,0.45380322,0.136
Kcnj9,0.21801118,-0.233
Slamf8,0.38135879,0.209
Fcrl6,0.66068374,-0.075
Dusp23,0.1328024,0.484
LOC100045972,0.30216166,0.357
Affy_10360326,0.64231226,0.06
Apcs,0.4987063,-0.719
Affy_10360332,0.32812553,-0.148
Olfr1408,0.68259838,-0.093
Olfr1406,0.24158473,-0.211
Fcer1a,0.9108929,-0.025
Darc,0.18886552,-0.62
Cadm3,0.27312505,-0.244
Gm4955,0.10584102,0.646
Ifi16,0.5757806,-0.21
E030037K03Rik,0.10672536,1.168
AI607873,0.19201778,1.33
Ifi204,0.11016706,1.399
Ifi203,0.3993515,0.602
Ifi202b,0.36907487,-1.144
Ifi205,0.059977643,1.644
Olfr231,0.32729946,-0.255
Olfr419,0.44421953,-0.163
Grem2,0.10655473,-0.554
Rgs7,0.46208303,0.11
Fh1,0.4604466,0.191
Opn3,0.36800451,-0.182
Chml,0.49005785,0.142
Pld5,0.92712611,-0.014
B020018G12Rik,0.44116923,0.132
Cep170,0.51133435,0.152
mir-350,0.91534526,0.021
Akt3,0.44871335,0.221
Adss,0.54906935,0.104
Pppde1,0.90105419,-0.048
4930527J03Rik,0.060878455,-0.33
Fam36a,0.90612701,0.023
Hnrnpu,0.95356387,-0.008
Smyd3,0.97027129,0.008
Rpl29,0.3188667,-0.23
Tfb2m,0.91852926,0.02
Ahctf1,0.41355049,0.166
Rpl21,0.45788601,-0.092
Cabc1,0.5832324,0.123
Psen2,0.052682074,0.648
Gm5069,0.84195328,0.052
Gm10001,0.68892025,0.079
6330403A02Rik,0.62644717,-0.114
Mixl1,0.80985616,-0.056
H3f3a,0.79284467,-0.039
Ephx1,0.93262638,0.03
Nvl,0.53020138,0.109
Wdr26,0.84560444,-0.027
Rpl35a,0.69317824,0.075
Ccdc121,0.63775849,-0.13
Affy_10360743,0.90472505,0.033
Lbr,0.96477661,0.011
Gm5533,0.44254059,-0.193
Enah,0.13947422,-0.21
Vmn1r1,0.44193949,0.144
Degs1,0.54419842,0.087
Fbxo28,0.94441896,0.014
Affy_10360802,0.96698323,-0.012
Gm10517,0.3730542,-0.222
Capn2,0.092912509,0.442
4922505E12Rik,0.16923722,-0.364
1700056E22Rik,0.30476558,-0.251
Hlx,0.16063323,0.226
Mosc1,0.87127369,-0.02
Mosc2,0.55074248,0.11
C130074G19Rik,0.48570468,-0.161
Mark1,0.42255739,-0.133
Iars2,0.70427049,0.056
9630028B13Rik,0.075538053,-0.384
Gm9722,0.056622655,0.571
Lyplal1,0.13783153,-0.52
Tgfb2,0.59464877,-0.151
Rrp15,0.34930915,-0.166
Spata17,0.89600785,0.022
Kctd3,0.25161376,-0.187
Affy_10360970,0.43140686,-0.097
Kcnk2,0.16309958,-0.21
Pdcd5,0.60559091,-0.112
Cenpf,0.52128645,0.076
Smyd2,0.35783425,-0.208
Affy_10361021,0.15827704,-0.36
Prox1,0.090925687,-0.324
Rps6kc1,0.81009649,0.033
Vash2,0.43584423,-0.186
Affy_10361063,0.12798195,-0.364
Mfsd7b,0.99809858,0.001
Mfsd7b,0.58789474,-0.14
Tatdn3,0.41929251,0.189
Fam71a,0.05708903,-0.391
Atf3,0.63386372,0.247
Nenf,0.29197517,0.238
Ppp2r5a,0.89784108,-0.024
Dtl,0.20066834,-0.26
Affy_10361129,0.80052494,-0.072
Affy_10361131,0.77785559,0.058
Affy_10361133,0.92386864,0.027
Slc30a1,0.40698976,-0.21
Traf5,0.54246788,0.105
Gstp2,0.34963009,-0.558
Rcor3,0.44707218,0.156
Hhat,0.47840588,-0.098
A730013G03Rik,0.63311022,0.116
Sertad4,0.141769,-0.279
Syt14,0.31996472,-0.236
AA408296,0.067077525,-0.314
Traf3ip3,0.13767571,0.209
Hsd11b1,0.19452281,-0.541
G0s2,0.46357435,0.353
Camk1g,0.94432674,0.014
mir-205,0.87863391,-0.042
Affy_10361267,0.48050303,0.169
Cd46,0.4199728,0.216
Cr1l,0.23953889,0.278
Cr2,0.46480797,-0.104
Cnksr3,0.074651176,-0.314
Ipcef1,0.53877216,-0.115
LOC674717,0.619561,0.073
Affy_10361356,0.43348326,-0.337
Rgs17,0.074232072,-0.299
Mtrf1l,0.60692668,0.111
Fbxo5,0.98950583,-0.004
Syne1,0.21495132,0.248
Affy_10361507,0.47174946,-0.112
Syne1,0.26090812,0.213
Affy_10361616,0.94656524,0.013
Rmnd1,0.37609128,0.159
Zbtb2,0.99061759,-0.002
Affy_10361640,0.20894696,0.429
Lrp11,0.11375394,-0.326
Nup43,0.089922801,0.374
Lats1,0.89401829,-0.018
Katna1,0.25363351,0.162
BC013529,9.28948E-05,-2.007
Ppil4,0.15266706,-0.454
Zc3h12d,0.23067482,0.502
Sash1,0.97603185,-0.006
Affy_10361708,0.17101112,-0.277
Gm5177,0.57867447,0.092
Shprh,0.31387114,0.144
Fbxo30,0.57090379,-0.12
Epm2a,0.91467176,-0.017
Timm8a1,0.85076269,0.05
Affy_10361763,0.14625399,-0.176
Affy_10361765,0.80585752,-0.044
Sf3b5,0.18925716,-0.254
Plagl1,0.55640953,-0.141
Affy_10361787,0.78763343,0.05
Fuca2,0.416464,-0.431
Adat2,0.67605719,-0.081
Hivep2,0.10029457,0.519
Rpl23a,0.95609698,0.005
Nmbr,0.84691593,-0.038
Affy_10361824,0.41574769,0.193
Cited2,0.53194775,-0.209
Txlnb,0.90043278,-0.026
Reps1,0.35174395,0.208
Gm10827,0.84279736,0.032
Nhsl1,0.082508782,0.683
Nhsl1,0.17382082,0.535
Perp,0.9080993,-0.026
Affy_10361892,0.8681639,0.04
Olig3,0.55066323,-0.101
Ifngr1,0.2387537,0.404
Il22ra2,0.60381404,0.12
Affy_10361914,0.69580744,-0.088
Il20ra,0.36568409,-0.159
Map3k5,0.98674912,-0.003
Mtap7,0.19014583,0.186
Gm6251,0.25645099,-0.175
Bclaf1,0.35574524,-0.187
Fam54a,0.14311762,-0.221
F730021E23Rik,0.035860637,-0.321
Ahi1,0.37029789,0.158
Gm2467,0.28124902,0.21
Hbs1l,0.41009375,-0.171
Aldh8a1,0.83419384,-0.036
1700021A07Rik,0.36653593,-0.219
1700020N01Rik,0.34649452,-0.236
Gm5420,0.8282882,0.053
Sgk1,0.44788078,0.258
Raet1d,0.52440804,-0.546
Raet1b,0.70072731,0.074
Gm10825,0.48779391,-0.147
Slc2a12,0.89928738,-0.027
Affy_10362111,0.98921354,-0.015
Gm10824,0.9200473,-0.021
1110021L09Rik,0.11679822,0.273
Vnn3,0.17655107,0.492
Vnn1,0.79179746,0.201
Taar1,0.40389812,-0.148
Taar2,0.96721684,-0.005
Taar3,0.29176189,-0.212
Taar4,0.53175067,-0.122
Taar5,0.22630432,-0.254
Taar7b,0.88792702,-0.042
Affy_10362160,0.3984559,-0.241
Taar7d,0.28148814,-0.176
Taar7e,0.77311285,0.055
Taar7f,0.72473549,-0.062
Taar8a,0.96656496,-0.006
Stx7,0.38416594,0.225
Moxd1,0.1048959,-3.101
Ctgf,0.44363179,0.266
Affy_10362208,0.36104517,-0.401
Med23,0.36504972,0.164
Affy_10362243,0.3018478,0.287
Epb4.1l2,0.58750413,0.142
Affy_10362271,0.20981715,-0.271
Tmem200a,0.46191117,-0.158
Samd3,0.31429477,-0.185
Affy_10362289,0.80999601,0.043
Arhgap18,0.20060184,0.436
Ube2l3,0.53892945,0.077
Affy_10362312,0.9188253,0.021
Ptprk,0.85991125,0.032
Themis,0.23595704,0.843
Pebp1,0.23001248,-0.93
6330407J23Rik,0.6386619,0.089
9330159F19Rik,0.19743543,-0.218
Echdc1,0.097408992,0.577
Affy_10362387,0.34555644,0.323
Affy_10362389,0.4061249,-0.157
Psmd2,0.71346212,0.07
Hddc2,0.72075942,-0.077
Affy_10362402,0.12515963,-0.374
Trdn,0.54160258,0.106
Trdn,0.44854032,0.148
Trdn,0.77308297,0.109
Trdn,0.93488351,-0.025
Trdn,0.3247132,-0.54
Trdn,0.99021716,0.01
Trdn,0.52187132,0.611
Trdn,0.5186788,0.394
Trdn,0.11470804,-0.561
Trdn,0.41433969,-0.398
Trdn,0.82926839,0.049
Trdn,0.75417932,0.256
Trdn,0.70697388,-0.33
Trdn,0.034933045,-0.404
Affy_10362448,0.38610976,-0.182
Trdn,0.34841024,-0.292
Trdn,0.72090114,0.066
Trdn,0.97864804,-0.004
Trdn,0.74069111,0.066
Trdn,0.98052468,-0.01
Sult3a1,0.98779729,-0.01
Rsph4a,0.67902542,0.092
Bet3l,0.48256295,-0.146
Tspyl1,0.40690494,0.149
Tspyl4,0.72883199,-0.11
Col10a1,0.8753252,-0.037
Frk,0.073898671,0.396
Gstm3,0.88369901,0.092
Hs3st5,0.034023722,-0.482
Hdac2,0.72594384,0.07
5930403N24Rik,0.68063783,-0.117
Affy_10362536,0.16802146,-0.308
Lama4,0.040736446,0.369
Tube1,0.6611607,0.073
Npm1,0.933262,-0.02
Fyn,0.074709363,0.462
Traf3ip2,0.40366355,0.123
Gm8899,0.18017302,0.352
Affy_10362630,0.55882801,-0.102
Rev3l,0.69436994,-0.086
4930547M16Rik,0.46414668,-0.173
Gm8055,0.85596913,0.063
Rnu3a,0.092284556,1.164
Cdk19,0.43002944,0.19
Clc22a16,0.63570935,-0.104
Ddo,0.84374965,0.048
9030224M15Rik,0.43297155,-0.18
Wasf1,0.63351042,-0.072
Akd1,0.77086804,0.042
Akd1,0.19805943,-0.277
Akd1,0.28000744,-0.191
Zbtb24,0.41889894,0.141
Mical1,0.44195544,-0.123
Ppil6,0.74783726,0.117
Cd164,0.1665735,-0.183
Sesn1,0.38116383,0.22
Snx3,0.6416939,0.097
Ostm1,0.67697199,-0.07
Sec63,0.47483989,-0.102
Scml4,0.50171143,-0.165
9030612E09Rik,0.50451668,-0.166
Pdss2,0.44532047,0.16
Bend3,0.001825847,-0.451
Pam16,0.91475408,0.018
Cd24a,0.096084712,0.658
F830002L21Rik,0.73464451,-0.067
Gm9034,0.45452986,0.188
Rtn4ip1,0.83539772,-0.049
Aim1,0.57553868,-0.11
Affy_10362918,0.24589584,-0.299
Atg5,0.20905833,0.228
Affy_10362934,0.84605662,0.046
Gm6983,0.27456096,-0.304
Gm4795,0.61066923,-0.161
Prep,0.33324271,-0.17
Popdc3,0.30783404,-0.17
Bves,0.24649459,-0.169
Hace1,0.17515716,0.358
Gpx4,0.55652801,0.152
Affy_10363003,0.8854115,-0.02
Hmgcs2,0.17746195,2.12
Ascc3,0.63937696,0.08
Affy_10363054,0.35541137,0.171
Sim1,0.18607142,-0.272
Gp49a,0.21503903,0.714
Lilrb4,0.33332974,0.489
Rfx6,0.60219827,-0.092
Vgll2,0.12580026,-0.366
Dcbld1,0.22424289,0.309
Gopc,0.60869047,-0.121
Nepn,0.5070823,-0.142
Nus1,0.98206263,-0.003
Gm10674,0.26821193,-0.304
Slc35f1,0.98131136,0.007
Pln,0.80851777,0.048
Tmem229b,0.53499601,0.17
Asf1a,0.92700554,-0.019
Msl3l2,0.29703579,-0.208
Gja1,0.63241338,-0.137
Npm1,0.71317805,-0.075
Stard6,0.33354439,-0.134
Gm9956,0.71709121,-0.091
Affy_10363187,0.98339169,0.004
Affy_10363190,0.043920792,-0.37
Hsf2,0.85029202,0.05
Pkib,0.62704563,0.079
Fabp7,0.32454942,-0.602
Smpdl3a,0.31458638,0.249
Gcc2,0.29215204,0.221
Lims1,0.33090277,0.206
Ranbp2,0.70467038,-0.064
Ccdc138,0.72747925,0.069
Affy_10363331,0.92815824,0.025
Sh3rf3,0.46087568,-0.155
Ankrd57,0.78702435,0.048
P4ha1,0.39231188,-0.305
Timm23,0.85345974,-0.023
Pla2g12b,0.01197096,-0.417
Affy_10363377,0.20233672,-0.277
Micu1,0.60268827,0.102
Dnajb12,0.70762392,0.052
Ascc1,0.78810034,0.048
Spock2,0.93185974,-0.019
Psap,0.97259549,0.007
C10orf54,0.48369819,0.171
Pcbd1,0.55040893,-0.106
Tbata,0.71583968,0.05
Prf1,0.41980381,-0.146
Rpl27a,0.52147185,0.101
Nodal,0.43778744,-0.168
Lrrc20,0.68044541,0.08
Npffr1,0.48937337,-0.145
Ppa1,0.23398767,0.231
Sar1a,0.63715959,0.058
Tysnd1,0.75162736,0.058
Aifm2,0.3824548,0.214
Ass1,0.79865433,0.054
Neurog3,0.54390702,-0.127
Tacr2,0.19462129,-0.231
4930507D05Rik,0.74793234,-0.068
Kiaa1279,0.88685166,0.031
LOC280487,0.17746195,2.12
Slc25a16,0.34256034,-0.126
Dna2,0.28366753,-0.232
Rufy2,0.97410475,-0.006
3110049J23Rik,0.89978602,0.031
Pbld,0.64838104,0.088
Atoh7,0.1495464,-0.272
Herc4,0.39946975,-0.152
Gm10114,0.22676796,0.25
Dnajc12,0.84217285,0.06
Ctnna3,0.96709434,-0.008
D630028G08Rik,0.5593821,-0.117
Rps6,0.028364038,-0.209
Affy_10363701,0.38428077,-0.154
Jmjd1c,0.046226902,-0.308
Jmjd1c,0.50811784,0.106
Egr2,0.44109898,-0.187
Gm10797,0.94568723,0.013
Rtkn2,0.37798689,-0.118
Tmem26,0.72212987,-0.091
Rhobtb1,0.90679966,0.032
Ank3,0.68944875,-0.088
Ccdc6,0.30065248,-0.156
2310015B20Rik,0.18499797,-0.25
Slc16a9,0.58725058,0.116
Fam13c,0.5362398,-0.14
Bicc1,0.19679954,-0.262
Ipmk,0.85841662,0.029
Etv5,0.49603852,0.146
Hbs1l,0.21800005,-0.21
Zwint,0.45667838,0.193
Gm9815,0.43903588,-0.175
Gm5778,0.34529461,0.226
Pcdh15,0.36600062,-0.198
Gnaz,0.34353525,-0.188
Affy_10363967,0.38466879,-0.196
Rab36,0.3059756,0.171
Bcr,0.54181172,-0.072
Bcr,0.39001028,-0.172
Cytsa,0.70970381,0.065
Adora2a,0.66409767,0.079
Gm5779,0.16251889,0.4
Upb1,0.81164605,-0.049
Affy_10364049,0.41640382,0.262
Snrpd3,0.42435964,-0.134
Ggt1,0.50316725,-0.137
Ggt5,0.082821672,-0.299
Affy_10364091,0.39889322,0.374
Derl3,0.12253334,-0.916
Chchd10,0.90246121,-0.026
Vpreb3,0.60389152,-0.127
Gm5134,0.076387463,-0.291
Zfp280b,0.73837126,-0.079
Slc5a4a,0.90166423,0.026
S100b,0.45887553,-0.124
Gm9744,0.9962877,-0.001
C21orf58,0.295343,-0.284
Mcm3ap,0.8546291,0.03
Lss,0.94855406,-0.041
D21orf56,0.29217331,-0.232
Ftcd,0.23589242,-0.221
Gm10787,0.12997626,-0.383
Slc19a1,0.516433,-0.131
Affy_10364249,0.6189318,-0.137
Pofut2,0.24943157,-0.16
Itgb2,0.52237148,0.388
Pttg1ip,0.57410366,-0.101
Sumo3,0.21635832,0.264
Ube2g2,0.61386229,0.094
C330046G03Rik,0.12637371,-0.268
LOC16697,0.60202892,-0.144
Affy_10364317,0.21825776,-0.295
Affy_10364319,0.23133762,-0.285
Krtap12-1,0.94396379,-0.015
Affy_10364324,0.43093905,-0.268
Krtap10-10,0.092572919,-0.721
Gm10318,0.18469238,-0.305
1700009J07Rik,0.90239088,-0.02
1810043G02Rik,0.98983759,0.002
Dnmt3l,0.53725348,-0.173
Icosl,0.30231952,0.158
Affy_10364371,0.30476514,-0.364
Lsm7,0.75292021,0.046
Cstb,0.67217809,0.164
Affy_10364379,0.068150549,-0.47
Olfr1358,0.8774121,0.041
Gm5951,0.45400886,0.137
Ilvbl,0.98074394,-0.004
Slc1a6,0.94546551,-0.016
Olfr1355,0.58733547,0.124
Olfr8,0.87629278,-0.034
Olfr8,0.44893969,0.16
Olfr1353,0.22827842,-0.19
Olfr1352,0.94063994,-0.015
Olfr1351,0.57500615,-0.114
Olfr57,0.70730123,0.115
Vmn2r81,0.21407128,-0.219
Gm4314,0.55773232,-0.122
Vmn2r83,0.59265721,-0.14
Vmn2r83,0.33893655,0.176
Madcam1,0.5267123,-0.18
Gm16517,0.7610192,-0.068
Cdc34,0.95094121,0.011
Gzmm,0.46630023,0.135
Bsg,0.185844,-0.148
Hcn2,0.63334945,-0.094
Fgf22,0.17649986,-0.336
Fstl3,0.41719204,-0.213
Palm,0.24876118,-0.325
9130017N09Rik,0.6800457,-0.098
Ptbp1,0.21375007,-0.16
Prtn3,0.15692613,0.442
Elane,0.80347107,0.048
Cfd,0.009364191,1.137
Affy_10364548,0.94996351,0.013
Kiss1r,0.87654975,-0.029
Arid3a,0.50968534,-0.135
Wdr13,0.93289268,-0.014
Grin3b,0.38797939,-0.179
Cnn2,0.28223112,0.553
Abca7,0.75283024,0.048
Hmha1,0.32985372,0.229
Gpx4,0.4854417,0.166
Stk11,0.69063023,-0.07
Atp5d,0.48642239,-0.084
Midn,0.74913177,-0.067
Cirbp,0.86514825,0.046
1600002K03Rik,0.1598859,-0.308
Efna2,0.14445702,-0.351
Mum1,0.78819142,0.07
Ndufs7,0.28182468,-0.188
Dazap1,0.17950931,-0.148
Rps15,0.92670078,0.012
Apc2,0.50811826,-0.162
Reep6,0.56094231,-0.099
Plk5,0.42829287,-0.183
Onecut3,0.94173766,-0.018
Scamp4,0.28644383,-0.171
Csnk1g2,0.72105093,-0.04
Izumo4,0.43550252,0.182
Dot1l,0.97905426,-0.005
Dot1l,0.78414802,0.059
Sf3a2,0.18639027,0.174
Amh,0.098660413,-0.419
Oaz1,0.85511519,0.023
3110056O03Rik,0.64944563,0.089
Tmprss9,0.36629662,-0.235
Gadd45b,0.65291836,0.287
Thop1,0.46498477,-0.136
Map2k2,0.08140416,-0.264
Zbtb7a,0.69381655,0.08
Eef2,0.13063299,-0.212
Snord37,0.8177708,-0.101
Dapk3,0.64290221,0.08
Zfr2,0.051380293,-0.332
Matk,0.5402952,-0.12
Apba3,0.96871628,0.006
Pip5k1c,0.66518642,0.072
C19orf29,0.87348701,-0.029
Tbxa2r,0.75857303,0.071
F630110N24Rik,0.76445969,-0.04
Dohh,0.5225196,0.181
Affy_10365123,0.67976039,-0.097
Affy_10365125,0.23472332,-0.248
2210404O07Rik,0.68719076,0.074
Nfic,0.02961352,0.35
Affy_10365134,0.050230657,-0.375
Aes,0.80521161,-0.043
Tle2,0.28193713,-0.143
BC025920,0.88873525,0.03
Ankrd24,0.14450269,-0.259
Ankrd24,0.92532768,0.019
Gm10777,0.085925625,0.638
Gm8290,0.49173885,-0.22
Zfp873,0.76716028,-0.075
Gm10776,0.87950674,-0.029
Gm4924,0.88415409,0.041
Gm4924,0.18334302,0.348
Ap3m1,0.4154369,-0.189
Tdg,0.403188,-0.162
Hcfc2,0.95294197,0.01
Txnrd1,0.33320182,0.161
1700028I16Rik,0.28057058,-0.188
Eid3,0.35332732,-0.317
Taf10,0.67590488,-0.047
Chst11,0.43570669,0.173
Affy_10365295,0.93203906,-0.019
D10Wsu102e,0.77196595,0.065
Kiaa1033,0.54183848,-0.108
Affy_10365335,0.77079321,-0.071
Affy_10365337,0.64421544,0.094
4930463O16Rik,0.88800671,-0.032
Tcp11l2,0.69697901,-0.077
Polr3b,0.81017112,-0.049
Rfx4,0.34644434,0.3
Ric8b,0.31990411,0.17
AI597468,0.27695753,0.232
Psma5,0.12887866,0.253
Btbd11,0.52296059,0.158
Pwp1,0.20223406,0.24
Ascl4,0.82529908,-0.054
Fbxo7,0.74386079,0.04
Timp3,0.94737365,-0.018
Gm5174,0.53676755,-0.145
BC030307,0.6967151,-0.088
Nt5dc3,0.9365732,-0.019
Tex18,0.26579332,0.228
1700113H08Rik,0.38790431,-0.168
Gm10764,0.56996729,-0.086
Pah,0.17232357,-0.286
Igf1,0.093184852,-0.28
Tyms-ps,0.27689594,0.208
Pmch,0.49578437,0.135
Nup37,0.6708436,-0.072
Ccdc53,0.39925889,-0.126
Gnptab,0.05239192,0.817
Sycp3,0.14873237,0.36
Arl1,0.16052797,-0.207
Slc5a8,0.10295871,-0.272
Uhrf1bp1l,0.65552222,0.106
Anks1b,0.11405592,-0.289
Sec61g,0.70883773,0.091
Ikbip,0.66971638,0.075
Gm16484,0.48393773,-0.133
Affy_10365725,0.47942536,0.116
Affy_10365727,0.52424725,-0.142
Cdk17,0.75538684,0.042
Lta4h,0.045573328,0.59
Hal,0.6684138,0.135
Ccdc38,0.71996512,-0.067
4933408J17Rik,0.22332935,0.183
Ntn4,0.10170023,0.371
Affy_10365830,0.69524745,0.259
Usp44,0.82213594,-0.036
Fgd6,0.41284759,0.188
Nr2c1,0.70046875,0.086
Ndufa12,0.95138424,0.013
Tmcc3,0.24427277,0.212
Ccdc41,0.74407023,-0.066
Ube2n,0.042932264,0.503
4732465J04Rik,0.082854702,0.387
Eea1,0.49470975,-0.114
Gm5426,0.77682831,0.096
Affy_10365968,0.76407839,-0.062
Btg1,0.15422842,0.386
Dcn,0.48859052,-0.143
Lum,0.94490587,0.041
Kera,0.63008463,-0.093
Epyc,0.28559479,0.182
4921510H08Rik,0.85948395,-0.032
Atp2b1,0.53559409,-0.097
Poc1b,0.45506497,-0.213
Galnt4,0.46104101,-0.157
Dusp6,0.45879794,0.324
B530045E10Rik,0.61199402,-0.109
Kitl,0.24215078,-0.322
Kitl,0.30787346,-0.238
Cep290,0.51358845,0.126
1700017N19Rik,0.92003182,-0.015
Mgat4c,0.8795701,-0.021
Rassf9,0.43324293,0.138
Affy_10366158,0.93609328,-0.027
Gm5175,0.15201995,0.402
Slc6a15,0.37552992,-0.204
Affy_10366178,0.30783095,0.195
Gm4340,0.96852753,-0.008
Affy_10366184,0.99548263,0.001
Ccdc59,0.35600325,-0.162
Affy_10366192,0.15916004,-0.265
Ppfia2,0.47331192,-0.135
Lin7a,0.80753691,0.074
Ppp1r12a,0.88331428,0.02
Pawr,0.34527879,0.208
Affy_10366275,0.56865839,0.29
E2f7,0.19410481,-0.279
Csrp2,0.47483997,-0.167
Rpl6,0.51539703,-0.073
Affy_10366303,0.25633662,-0.27
Osbpl8,0.92958427,-0.021
Bbs10,0.14378999,-0.484
Nap1l1,0.67812383,0.107
Gm5176,0.92143104,0.029
Phlda1,0.66129668,-0.287
Krr1,0.97095868,-0.006
Glipr1l1,0.9044502,0.022
Glipr1l2,0.47072178,0.124
Caps2,0.4721818,0.144
Kcnc2,0.84246738,-0.05
Atxn7l3b,0.34637664,0.166
Affy_10366401,0.16630545,-0.278
Affy_10366403,0.16259661,-0.339
Affy_10366405,0.84285999,-0.037
Gm10752,0.7645567,0.065
Zfc3h1,0.70925877,-0.062
Tspan8,1,0
Ptprr,0.19062561,-0.212
Ptprb,0.10841301,0.278
Affy_10366512,0.15344067,0.311
Kcnmb4,0.059940399,-0.416
Kcnmb4,0.34723148,-0.239
5330438D12Rik,0.35705779,-0.157
Rpl29,0.37696711,-0.18
D630029K05Rik,0.39440849,0.124
Best3,0.57112418,-0.083
Gm10747,0.40617222,-0.139
Lrrc10,0.32629833,-0.214
Lrrc10,0.56611898,-0.152
Cpm,0.37689838,-0.269
Mdm1,0.65074469,-0.081
Il22,0.87047645,-0.028
Cdc5l,0.19503193,0.202
Cdc5l,0.19072958,0.197
Affy_10366583,0.42018326,-0.122
Ifng,0.36314313,-0.226
Affy_10366593,0.66686108,-0.156
4932442E05Rik,0.12879436,0.345
Grip1,0.25322148,-0.15
Tmbim4,0.56161179,-0.07
Llph,0.42190926,0.195
1700006J14Rik,0.7900424,-0.066
4921513I03Rik,0.81115523,-0.052
Wif1,0.16373515,-0.278
Rpl21,0.49551836,-0.078
Gns,0.15035523,-0.318
D930020B18Rik,0.31861533,-0.183
BC048403,0.34330827,0.18
Gm4801,0.26075798,-0.327
Gm9081,0.22776382,0.465
Avpr1a,0.63561645,-0.312
Ppm1h,0.61377402,0.099
Fam19a2,0.41300567,-0.202
4930503E24Rik,0.1739774,0.187
LOC674596,0.75153973,-0.107
Affy_10366739,0.58452181,-0.106
Lrig3,0.95947302,-0.009
Ctdsp2,0.093575681,0.331
Avil,0.37484724,-0.162
Mettl1,0.92140259,0.036
Cyp27b1,0.98136785,0.005
Cdk4,0.61488365,-0.06
Agap2,0.29302872,0.362
Os9,0.41419505,-0.186
B4galnt1,0.54009612,-0.131
F420014N23Rik,0.34737008,0.191
Dctn2,0.64897138,0.08
Ddit3,0.3698324,-0.292
Arhgap9,0.13655273,-0.287
R3hdm2,0.95253634,0.01
Stac3,0.2342114,-0.211
Ndufa4l2,0.49679175,-0.148
Stat6,0.90912174,-0.021
Tmem194,0.93104218,0.017
Myo1a,0.7442241,0.062
Tac2,0.046079115,-0.393
Zbtb39,0.074906866,0.306
Rdh1,0.97831192,0.006
Rdh9,0.86374233,0.107
Rdh16,0.21850118,0.674
Rdh18-ps,0.23485334,0.709
Rdh19,0.35937705,-0.221
BC089597,0.36972256,0.541
Sdr9c7,0.089824305,-1.053
Snrpd2,0.6760228,0.077
Prim1,0.16961978,0.345
Naca,0.52923476,0.084
Ptges3,0.33551314,0.293
Atp5b,0.098596326,-0.167
Affy_10367118,0.94302014,-0.022
mir-677,0.89900422,-0.029
Baz2a,0.78197956,0.043
Gls2,0.37269536,0.22
Mip,0.22197866,-0.264
Timeless,0.30737226,-0.202
Apon,0.84984081,-0.055
Apof,0.18114996,-0.218
Stat2,0.86922624,0.041
Pan2,0.58321355,-0.08
Cnpy2,0.68046259,0.059
Cs,0.170754,0.265
Ankrd52,0.15708226,-0.198
Affy_10367335,0.017232481,-0.319
Rnf41,0.96832884,0.006
Smarcc2,0.29638749,0.111
Si,0.50736207,-0.16
Wibg,0.49864378,-0.108
Mmp19,0.74515456,0.082
Dnajc14,0.47062495,0.087
Sarnp,0.20582967,0.26
ENSMUSG00000065996,0.22599388,0.219
Cd63,0.84241561,-0.163
Itga7,0.44195866,-0.164
Olfr9,0.22628977,-0.235
Olfr763,0.024352469,0.414
Affy_10367475,0.86699157,0.034
Olfr774,0.59338069,-0.082
Olfr775,0.95871542,-0.011
Olfr776,0.087275078,-0.378
Olfr782,0.81093409,-0.035
Olfr780,0.74815871,-0.069
Olfr781,0.88157006,0.029
Olfr782,0.81093409,-0.035
Olfr784,0.45739722,0.13
Olfr787,0.41554571,-0.16
Olfr786,0.1625933,-0.246
Olfr787,0.35032008,-0.259
Olfr788,0.97012854,0.006
Affy_10367501,0.26940717,-0.154
Olfr790,0.56228826,0.094
Olfr791,0.58918463,-0.081
Olfr792,0.81747558,0.076
Olfr794,0.3345594,-0.174
Olfr799,0.82988373,0.056
Olfr800,0.8397217,0.041
Affy_10367515,0.7246111,0.068
Olfr804,0.30170196,0.287
Olfr808,0.78360433,-0.075
Olfr809,0.23015017,-0.133
Olfr813,0.31805119,-0.169
Olfr820,0.035371952,0.333
Olfr821,0.25451926,-0.21
Olfr822,0.16079092,0.236
5830405N20Rik,0.038960629,0.446
Ctdsp2,0.98545805,0.003
Oprm1,0.14667709,-0.306
LOC100045113,0.082851474,0.258
Vip,0.57466053,-0.109
Myct1,0.64538677,0.107
Gm10097,0.75967777,-0.071
Esr1,0.55846703,0.219
Gm221,0.78153391,-0.055
Affy_10367624,0.30332463,-0.347
1700052N19Rik,0.25467461,0.247
Akap12,0.44704698,0.127
Mthfd1l,0.39469302,-0.274
Affy_10367671,0.59567609,-0.12
Plekhg1,0.12288711,0.384
Iyd,0.31775298,-0.169
Ppp1r14c,0.68363882,-0.075
9230019H11Rik,0.93496686,-0.016
Pcmt1,0.21909309,0.197
BC013529,0.019119986,-0.804
6530403G13Rik,0.013770657,-0.499
Tab2,0.15619711,-0.367
Ust,0.96009245,0.015
LOC629446,0.80683142,-0.311
Sash1,0.41468747,0.106
Affy_10367768,0.47060395,0.14
Gm9930,0.92482557,-0.018
Samd5,0.94123737,-0.014
Stxbp5,0.53020829,-0.106
Affy_10367803,0.73071087,0.077
9130014G24Rik,0.071825989,1.302
Affy_10367816,0.23827339,1.22
Rab32,0.31417983,0.205
Gm10828,0.85570289,0.028
Grm1,0.45601756,-0.197
Utrn,0.081083997,0.278
Stx11,0.49172265,-0.183
Fam164b,0.54578031,-0.127
Ltv1,0.31775291,0.173
Phactr2,0.04061337,0.331
Pex3,0.17533704,0.469
Aig1,0.58315301,0.114
Gpr126,0.74638143,0.161
Vta1,0.8077267,-0.032
Gje1,0.088046323,-0.218
Affy_10368025,0.75463995,-0.081
Nmbr,0.31529233,-0.28
Heca,0.86972656,0.026
3110003A17Rik,0.040888764,0.466
3110003A17Rik,0.54734621,0.136
Ect2l,0.9255184,-0.017
Ect2l,0.62786547,0.088
Ect2l,0.17619265,0.244
Ect2l,0.88438437,-0.036
Ect2l,0.80276261,-0.045
Ect2l,0.81148478,-0.038
Ect2l,0.4474893,-0.122
Ect2l,0.13327405,-0.384
Ect2l,0.12183853,-0.406
Ect2l,0.51640619,-0.13
Ect2l,0.78675237,-0.045
Ect2l,0.99018628,0.002
Ect2l,0.55335454,-0.119
Ccdc28a,0.90358351,0.033
EG667036,0.42823853,-0.194
Hebp2,0.078835382,-0.462
D10Bwg1379e,0.098637306,-0.356
Gm4922,0.90193948,0.029
Tnfaip3,0.78856425,0.135
Slc35d3,0.85355959,0.036
Pex7,0.061317108,0.41
4933406P04Rik,0.033537117,0.366
Pde7b,0.14861056,-0.727
Affy_10368193,0.32360357,0.183
Gm10826,0.27185762,0.197
Myb,0.53343911,-0.1
Affy_10368220,0.59246209,-0.103
4930444G20Rik,0.55270251,0.244
E030030I06Rik,0.53826935,0.147
Ube2q2,0.81316105,-0.043
Tbpl1,0.98348141,0.004
Tcf21,0.1608995,0.446
Eya4,0.45881195,-0.139
Affy_10368268,0.41635621,0.209
Rps12,0.75102935,0.066
Rps12,0.11732005,0.621
Taar6,0.46551881,-0.13
Taar7a,0.9143029,-0.016
Taar8b,0.50589748,-0.1
Taar8c,0.97863543,-0.006
Taar9,0.16470918,-0.222
Enpp1,0.060394018,-0.338
Enpp3,0.78660505,0.071
Arg1,0.60532459,0.133
Akap7,0.13999843,0.377
Gm8681,0.62575722,0.18
Tmem200a,0.54808309,-0.13
L3mbtl3,0.50525876,0.145
Gm5649,0.66759723,0.113
Lama2,0.41568024,0.228
Affy_10368473,0.73799165,-0.054
Affy_10368475,0.35169279,0.206
2310057J18Rik,0.74057216,-0.077
Gm9996,0.90632836,-0.023
Rnf146,0.31440638,0.248
Rnf146,0.80686497,0.038
Rspo3,0.37877158,0.143
Rpl12,0.57419386,-0.097
Cenpw,0.43176525,-0.181
Trmt11,0.29612808,0.297
Hint3,0.21385519,0.261
Ncoa7,0.71242312,0.066
Hey2,0.91008852,-0.024
Affy_10368564,0.31772953,0.119
Tpd52l1,0.61852597,-0.088
Gm3258,0.9823325,-0.004
Rnf217,0.9621299,-0.012
Nkain2,0.24232861,-0.184
Nkain2,0.23311563,-0.243
Clvs2,0.8006497,0.053
Gm4794,0.29938129,-0.203
Gapdh,0.85198403,0.028
Zufsp,0.085704727,0.404
Rwdd1,0.89066131,-0.023
Fam26d,0.34592141,-0.269
Fam26e,0.7292645,-0.07
Fam26f,0.53387904,0.149
Dse,0.4772732,0.177
Nt5dc1,0.65277508,0.066
Amd1,0.71840502,-0.089
Marcks,0.54925762,0.298
Affy_10368679,0.79352506,0.066
Rfpl4b,0.11309739,-0.312
1700025K23Rik,0.087608121,-0.331
Wisp3,0.70482611,-0.084
2010001E11Rik,0.40979036,-0.158
BC021785,0.71284172,0.092
BC021785,0.68645614,-0.063
Affy_10368711,0.53602012,-0.135
AI317395,0.23671002,-0.372
Slc16a10,0.84312065,0.059
Rpf2,0.65522917,0.072
Gtf3c6,0.64899111,0.083
Amd1,0.66144178,-0.108
4930520K10Rik,0.72854604,-0.085
Cdc40,0.75888419,0.051
Gpr6,0.25251826,-0.326
Fig4,0.084264148,0.242
Smpd2,0.60996104,-0.133
Ccdc162,0.91505554,0.018
Affy_10368836,0.02362493,-0.378
2410017P07Rik,0.39794917,-0.166
Armc2,0.50666545,-0.126
Armc2,0.57501105,0.104
Armc2,0.92228372,0.022
Armc2,0.42618473,0.161
Tdg,0.4532932,-0.19
Foxo3,0.91961355,0.025
Foxo3,0.95304318,-0.01
Lace1,0.30963698,0.236
Nr2e1,0.13853235,-0.319
Sobp,0.74943238,-0.059
Rpl41,0.4982867,-0.138
1700021F05Rik,0.76814085,-0.07
Qrsl1,0.080153674,-0.348
Aim1,0.40885786,0.259
Prdm1,0.80497798,-0.044
Affy_10368979,0.29713305,-0.199
Lin28b,0.13248183,-0.254
Affy_10368990,0.11029515,-0.291
Gm9068,0.49673521,0.162
Affy_10368995,0.90764847,-0.023
C130030K03Rik,0.88480403,-0.029
Grik2,0.76984761,-0.05
Fam162b,0.18742654,-0.302
Gprc6a,0.47979027,0.176
4933411G06Rik,0.5403279,-0.096
Ros1,0.81456619,-0.05
Gopc,0.81672135,-0.04
Zfa,0.37954247,0.229
Gm9766,0.73070867,0.089
Mcm9,0.1035572,0.252
Fam184a,0.8076391,0.04
Man1a,0.56682594,-0.071
9530009G21Rik,0.79837928,-0.078
Affy_10369174,0.38556586,0.119
D630037F22Rik,0.10820825,0.332
Rps8,0.42362962,-0.119
Affy_10369208,0.97018102,-0.004
Serinc1,0.1880282,-0.205
Dux,0.20729879,-0.227
Dux,0.17310737,-0.256
Dux,0.16795819,-0.257
Gm4981,0.61089828,-0.157
Gm9919,0.90245945,-0.017
Affy_10369234,0.79106955,0.046
Edar,0.52000333,-0.132
Affy_10369250,0.2524091,-0.31
10-Sep,0.5775143,0.117
Oit3,0.050925673,0.405
Mcu,0.86944847,0.033
Gm7413,0.5033064,-0.138
Ddit4,0.4174361,0.25
Anapc16,0.30638196,0.207
Chst3,0.89875973,0.027
Cdh23,0.49703741,-0.106
Slc29a3,0.16765947,-0.234
Unc5b,0.23728669,0.234
Pldi,0.98892326,-0.003
Sgpl1,0.65560825,-0.082
Adamts14,0.2167293,-0.244
X99384,0.90007665,0.022
Eif4ebp2,0.72796782,-0.11
Lrrc20,0.10132764,-0.42
H2afy2,0.45336445,0.189
Col13a1,0.60924199,-0.109
2010107G23Rik,0.36616985,-0.181
Tspan15,0.64910209,-0.102
Hk1,0.32919897,0.134
Hkdc1,0.91511971,-0.02
Supv3l1,0.92793757,-0.011
Vps26a,0.35392079,0.192
Srgn,0.3962486,0.346
Kiaa1279,0.62800953,0.083
Ddx21,0.47335412,0.11
Ddx50,0.97083144,-0.009
Stox1,0.75051346,-0.072
Ccar1,0.65867549,-0.064
Tet1,0.55230456,-0.104
Tet1,0.16274719,-0.215
Tet1,0.28929345,-0.225
Hnrnph3,0.81916861,-0.053
Mypn,0.8191424,0.036
Herc4,0.86637972,-0.028
Sirt1,0.82499998,0.045
Gm7075,0.99071093,-0.002
Gm10118,0.47683281,-0.129
Lrrtm3,0.42481751,-0.22
Reep3,0.14552454,-0.192
Nrbf2,0.73725967,0.078
Ado,0.89880711,-0.019
Zfp365,0.27969035,-0.276
Arid5b,0.38170908,0.328
1700040L02Rik,0.94811355,0.013
Cdk1,0.05808154,0.469
Gm5172,0.044256566,-0.598
Affy_10369828,0.80968383,-0.047
Slc16a9,0.74015846,0.066
Phyhipl,0.35481471,-0.163
Affy_10369842,0.26893399,0.22
Bicc1,0.37670494,0.28
Tfam,0.9642495,0.012
Ube2d1,0.93832388,-0.011
Cisd1,0.91396041,0.018
Cisd1,0.12387307,0.362
Gm5080,0.46147591,0.114
1700049L16Rik,0.20147911,-0.262
1700049L16Rik,0.57811122,0.169
Rtdr1,0.42397445,-0.149
Affy_10369909,0.5430843,0.154
1110038D17Rik,0.60985616,0.102
AI646023,0.098646999,-0.252
Affy_10369927,0.087662212,-0.391
Affy_10369929,0.94201812,-0.016
Susd2,0.34917957,0.292
Cabin1,0.73905196,-0.05
Ddt,0.16067255,0.379
Gstt3,0.10095227,0.894
Gstt1,0.3103895,0.272
Gstt4,0.57430689,-0.102
Gstt2,0.97770504,-0.012
Mif,0.87625941,0.039
Smarcb1,0.34857003,0.157
Mmp11,0.4582086,-0.148
Gm867,0.24413773,-0.212
Slc5a4b,0.1556518,-0.341
Affy_10370070,0.10963544,-0.378
Prmt2,0.19413494,-0.27
Dip2a,0.82392124,-0.027
Pcnt,0.44610663,0.111
A130042E20Rik,0.36350676,0.188
Col6a2,0.067330751,-0.369
Col6a1,0.56600871,-0.114
Pcbp3,0.88244644,-0.031
Col18a1,0.88968724,0.022
Adarb1,0.094636516,-0.223
Fam207a,0.3140177,-0.191
Affy_10370327,0.022447208,-0.546
Krtap10-4,0.91127353,-0.043
Lrrc3,0.25735007,-0.18
Trpm2,0.30073894,0.282
Pfkl,0.97488788,-0.005
Aire,0.11250962,-0.305
D10Jhu81e,0.68198003,-0.068
Pwp2,0.53466222,-0.122
Trappc10,0.76922187,0.041
Agpat3,0.96679337,-0.006
Rrp1,0.9402898,0.014
Pdxk,0.1607876,-0.337
Gm9978,0.16917517,-0.293
Syde1,0.89705152,0.024
Olfr1357,0.47200833,-0.118
Casp14,0.14151643,0.262
Ccdc105,0.24390336,-0.246
Olfr1356,0.87254976,-0.028
Affy_10370541,0.9476417,-0.012
2610008E11Rik,0.21173993,0.229
Ppap2c,0.96839056,-0.016
Mier2,0.17803504,-0.254
Theg,0.23030727,-0.234
C2cd4c,0.24206941,-0.33
Shc2,0.79292807,0.062
Odf3l2,0.68216551,-0.08
Affy_10370608,0.80059333,-0.048
Polrmt,0.21999093,-0.14
Rnf126,0.91092074,0.016
Prssl1,0.1370755,-0.328
BC005764,0.27334326,-0.255
Med16,0.76558064,0.052
C19orf22,0.24707396,-0.106
ORF61,0.056298011,-0.263
Polr2e,0.87501936,0.039
Sbno2,0.10667385,0.345
Dos,0.2522521,-0.202
Gamt,0.87434599,0.041
C19orf25,0.21453959,-0.259
Pcsk4,0.2512354,-0.253
Adamtsl5,0.31841364,-0.161
Mex3d,0.32047277,0.172
Mbd3,0.82974829,-0.026
Uqcr11,0.69371897,0.131
Tcf3,0.47528333,-0.099
Atp8b3,0.082472654,-0.378
Rexo1,0.55638409,-0.061
Klf16,0.82613108,-0.038
Fam108a,0.59249646,-0.083
Btbd2,0.46487749,-0.101
Mknk2,0.47569237,0.196
Mobkl2a,0.33099011,0.194
Ap3d1,0.93906448,0.011
Plekhj1,0.74706038,0.047
Jsrp1,0.22274949,-0.341
Lingo3,0.2708806,-0.233
Lsm7,0.56697381,0.118
Timm13,0.90313897,-0.015
Lmnb2,0.50322786,-0.128
Gng7,0.37741787,-0.17
Diras1,0.33112822,-0.221
Slc39a3,0.94053428,-0.012
Sgta,0.77877291,0.042
Creb3l3,0.32437833,-0.217
Pias4,0.95360939,-0.008
4930442H23Rik,0.79819573,0.041
Itgb1bp3,0.086302396,-0.371
Atcay,0.82339311,-0.052
Mrpl54,0.43071184,0.159
Tjp3,0.067710707,0.377
Gipc3,0.46149359,-0.149
Hmg20b,0.44531988,-0.098
C19orf28,0.075771716,-0.345
Fzr1,0.76256611,0.036
Nfic,0.9428463,0.014
Celf5,0.071962814,-0.423
Ncln,0.69211563,-0.062
S1pr4,0.31746303,-0.25
Gna15,0.36926301,0.21
Gna11,0.89948128,-0.014
Tle6,0.93936469,0.019
Sirt6,0.820684,0.043
Rpl23a,0.84824173,-0.023
Rpl23a,0.90397915,-0.014
Rpl23a,0.90397915,-0.014
Zfp781,0.16789296,0.35
Rpl23a,0.84824173,-0.023
Zfp938,0.98143384,-0.006
Affy_10371284,0.65380961,0.066
Affy_10371286,0.90203028,-0.026
Gm1553,0.5811333,-0.097
C12orf73,0.73859078,-0.093
Glt8d2,0.84214789,0.048
Nfyb,0.31816775,0.323
Gm10773,0.1316993,-0.45
Slc41a2,0.79668875,0.203
Aldh1l2,0.054065054,-0.392
Appl2,0.60761434,0.093
Nuak1,0.88508181,0.032
Ckap4,0.8911043,0.026
Fhl4,0.37644738,-0.142
Mterfd3,0.10820451,0.319
Cry1,0.10450912,0.544
Affy_10371415,0.54391404,0.153
Prdm4,0.73084325,-0.052
D10Wsu52e,0.69549889,0.058
Bpil2,0.20985585,-0.213
Fbxo7,0.3930898,-0.155
Syn3,0.21613796,0.273
Hsp90b1,0.40149538,-0.226
Fabp3,0.29813986,-0.304
Stab2,0.83426664,0.24
Ascl1,0.3375558,-0.263
Gm10055,0.73485957,-0.083
Gm10763,0.63189871,-0.1
4930547N16Rik,0.92862202,0.02
Gm6653,0.30052886,-0.258
Dram1,0.76491983,-0.067
Chpt1,0.60628057,0.137
Mybpc1,0.4868977,-0.156
Affy_10371660,0.54299936,0.12
Spic,0.84122601,0.11
Affy_10371670,0.53666526,-0.137
Gm4925,0.975388,0.008
Utp20,0.30385161,0.186
Ano4,0.77288906,-0.049
Gas2l3,0.23854875,0.393
Nr1h4,0.55942496,-0.114
Slc17a8,0.48222456,-0.4
Scyl2,0.38594085,0.212
Actr6,0.075583275,1.212
Uhrf1bp1l,0.58058452,0.097
Affy_10371844,0.62165594,-0.124
Apaf1,0.70163338,0.131
Slc25a3,0.39472272,-0.117
Tmpo,0.19520759,0.23
Mir135a-2,0.54810229,0.075
CXorf40b,0.058172537,0.524
Nedd1,0.83392851,0.046
C12orf55,0.50923925,0.246
C12orf55,0.46099882,0.223
Elk3,0.79861436,-0.041
Amdhd1,0.26328143,0.322
Ccdc38,0.71805249,0.051
Metap2,0.026833267,-0.262
Affy_10372001,0.39432509,-0.206
Mir331,0.50724329,-0.224
Vezt,0.047433611,0.519
Affy_10372021,0.39998558,-0.255
Gm4792,0.38609404,0.106
Plxnc1,0.50752225,0.104
Cradd,0.43548199,0.134
Socs2,0.45945982,-0.362
Mrpl42,0.20440705,0.384
Nudt4,0.86698904,0.033
3200002M19Rik,0.39228668,-0.396
Affy_10372094,0.66311979,0.108
Affy_10372096,0.52884368,-0.099
Affy_10372099,0.78252588,-0.045
Affy_10372102,0.5886256,0.103
Gm8613,0.64605788,0.114
Gm10754,0.30277448,0.147
C030005K15Rik,0.43619859,-0.122
Phxr2,0.92293851,-0.019
Affy_10372114,0.36730517,-0.172
Csl,0.36751709,0.229
Tmtc3,0.67411419,0.09
C12orf29,0.27659832,0.186
Nts,0.67069975,-0.056
Alx1,0.57881552,0.096
Lrriq1,0.50256884,-0.112
Affy_10372171,0.47673802,0.092
Affy_10372173,0.54349748,-0.078
Affy_10372175,0.97459262,-0.005
Tmtc2,0.80146425,-0.113
BC067068,0.23194619,0.2
Affy_10372204,0.73707482,-0.069
Affy_10372206,0.28846798,-0.205
Acss3,0.012773728,1.898
Myf5,0.7229534,-0.071
Myf6,0.095371682,-0.312
Ptprq,0.41132615,-0.15
Gm6924,0.007255132,-0.379
Gm6924,0.68016415,-0.082
Syt1,0.046325127,-0.712
Gm5136,0.83155972,-0.047
Affy_10372340,0.63192694,-0.137
Nav3,0.92331608,-0.014
Zdhhc17,0.13224899,0.417
Zdhhc17,0.017088572,0.372
Affy_10372407,0.58285638,-0.116
Glipr1,0.47126986,0.371
Atxn7l3b,0.68760052,-0.056
Trhde,0.52769055,-0.251
Affy_10372441,0.54256643,0.101
Tph2,0.95719272,0.009
Tbc1d15,0.63057504,-0.084
Rab21,0.56437076,0.073
Tmem19,0.76930514,-0.08
Thap2,0.93305306,0.031
Lgr5,0.43670874,0.253
4933416C03Rik,0.5602332,-0.111
Kcnmb4,0.080971202,-0.488
Cnot2,0.23951976,0.16
Gm239,0.34114256,-0.2
Rab3ip,0.89962848,-0.02
Affy_10372595,0.84784244,0.037
Gm5781,0.92917099,-0.02
Cct2,0.71469102,-0.051
Frs2,0.9155108,-0.019
Yeats4,0.7998055,-0.052
9530003J23Rik,0.040966664,-0.389
Lyz2,0.48315619,0.59
Lyz1,0.54830201,0.316
Cpsf6,0.545261,-0.132
Mdm2,0.44453931,0.213
Slc35e3,0.54579359,0.197
Nup107,0.78546951,-0.054
Rap1b,0.91455162,0.028
Cdc5l,0.19072958,0.197
Cdc5l,0.19503193,0.202
Iltifb,0.24607002,-0.342
Cdc5l,0.3996451,0.145
Cdc5l,0.3996451,0.145
Cdc5l,0.3996451,0.145
Cdc5l,0.3996451,0.145
Cdc5l,0.3996451,0.145
Cdc5l,0.3996451,0.145
Dyrk2,0.80210821,0.05
Gm10744,0.30113398,-0.144
Cand1,0.48841163,0.095
Helb,0.55046657,0.116
Irak3,0.53556608,0.429
Hmga2,0.80370332,-0.05
Gm10743,0.38539492,-0.106
Msrb3,0.15486758,0.474
Lemd3,0.26238021,0.254
Gm10741,0.6256475,-0.071
Tbc1d30,0.59701724,0.21
Rassf3,0.22859505,0.509
Tbk1,0.98396319,0.004
Xpot,0.91023786,0.022
BC048403,0.23758622,-0.288
Srgap1,0.23743409,0.193
Tmem5,0.38436039,0.13
Mirlet7i,0.12299269,-0.385
Mon2,0.74417416,0.046
Usp15,0.58831628,0.097
Slc16a7,0.94361451,-0.033
Xrcc6bp1,0.19927499,-0.225
Tsfm,0.65915046,-0.091
Affy_10373016,0.30531382,-0.262
09-Mar,0.16764713,-0.308
Tspan31,0.89274313,0.044
Os9,0.6751044,0.101
B4galnt1,0.22245515,-0.203
Slc26a10,0.37212806,0.234
D10Ertd610e,0.36621656,-0.15
Dtx3,0.45459662,-0.144
Pip4k2c,0.51232715,-0.12
Kif5a,0.55300388,-0.138
Mbd6,0.95000942,-0.014
Mars,0.70829124,0.069
Gli1,0.048170853,-0.38
Inhbe,0.1604843,-0.614
Inhbc,0.47786918,-0.194
Shmt2,0.91962627,-0.022
Nxph4,0.63634968,-0.106
Lrp1,0.72094464,-0.047
Nab2,0.86998925,0.038
Gpr182,0.048519688,0.53
Rdh7,0.18890082,-0.182
Hsd17b6,0.50181157,-0.634
Rbms2,0.64105307,0.091
Spryd4,0.13716233,-0.259
Il23a,0.25920422,-0.268
Affy_10373363,0.28222837,0.135
Pan2,0.37886601,0.21
Coq10a,0.5318112,-0.102
Coq10a,0.34143571,-0.134
Slc39a5,0.51534061,0.165
Obfc2b,0.71123786,-0.058
Myl6,0.59280253,0.094
Myl6b,0.9126371,-0.026
Esyt1,0.79978336,-0.054
Zc3h10,0.41006457,-0.168
Rpl41,0.95609869,-0.01
Gm129,0.54401241,-0.568
Pa2g4,0.73131933,-0.082
Erbb3,0.58404291,0.095
Rps26,0.76494527,-0.085
Ikzf4,0.084322465,-0.411
Suox,0.52894033,0.134
Rpl12,0.42880281,-0.136
Rab5b,0.1990934,0.169
Cdk2,0.50433335,0.137
Dgka,0.40524135,0.252
Rpsa,0.84920948,-0.072
1110012D08Rik,0.86943832,-0.031
Ormdl2,0.44615893,-0.165
Gdf11,0.26600484,-0.296
Rdh5,0.37809246,-0.195
Bloc1s1,0.87769977,0.025
Mettl7b,0.73782015,0.066
Affy_10373604,0.36904753,-0.173
Olfr765,0.31284873,-0.246
Olfr766,0.95611297,-0.016
Olfr767,0.0592602,-0.986
Olfr768,0.58957594,-0.067
Olfr769,0.34224418,-0.24
Olfr770,0.80172799,0.069
Olfr771,0.19693505,0.234
Olfr772,0.30796611,-0.158
Olfr773,0.96044082,0.009
Olfr777,0.4507145,0.114
Olfr796,0.43744999,-0.165
Olfr798,0.64774167,-0.087
Olfr801,0.65870988,0.091
Olfr802,0.9116928,-0.02
Olfr803,0.22668809,-0.27
Olfr805,0.28253418,0.227
Olfr806,0.88931552,0.03
Olfr807,0.25073785,-0.268
Olfr810,0.34303881,-0.147
Olfr811,0.19341633,-0.291
Olfr812,0.47533041,0.1
Olfr814,0.33007066,0.186
Olfr814,0.49645023,-0.147
Olfr815,0.93301299,-0.016
Olfr816,0.3981376,-0.134
Olfr816,0.65423933,0.1
Olfr818,0.63649185,-0.076
Olfr247,0.47022544,0.128
Olfr247,0.91240741,0.022
Olfr247,0.91240741,0.022
Olfr823,0.82187017,-0.03
Olfr824,0.54476382,-0.086
Olfr825,0.44400596,-0.172
Olfr826,0.8720532,-0.034
Olfr827,0.76890153,-0.053
Neurod4,0.55845613,-0.102
Vmn2r86,0.30084829,-0.113
Affy_10373690,0.77560401,-0.071
Vmn2r86,0.92230087,0.04
Il22,0.57235415,-0.092
Pisd-ps1,0.99197028,0.004
Eif4enif1,0.21005971,0.192
Patz1,0.9571332,-0.008
Pik3ip1,0.9800261,-0.005
Affy_10373751,0.77101268,-0.055
Pla2g3,0.28306526,-0.177
Selm,0.72456331,0.062
Morc2a,0.37606778,0.15
Dusp18,0.44186004,-0.202
Pes1,0.76655541,-0.066
Gal3st1,0.41192278,0.234
Affy_10373832,0.74007588,0.099
Sec14l4,0.6642317,0.103
Sec14l3,0.93608325,0.015
Rnf215,0.095521193,-0.244
Sf3a1,0.56439573,0.108
Tbc1d10a,0.18708644,-0.253
Gatsl3,0.34636049,-0.209
Osm,0.59706651,-0.141
Lif,0.81058799,-0.067
Ascc2,0.91509143,-0.012
Zmat5,0.36176651,0.155
Nipsnap1,0.3248101,0.201
Thoc5,0.207532,0.204
Ap1b1,0.91484623,0.013
Rasl10a,0.91330995,-0.022
Rhbdd3,0.85519329,-0.026
Affy_10374032,0.6254095,-0.145
Xbp1,0.78256782,0.058
Ankrd36,0.90498679,-0.019
Ankrd36,0.67625788,0.07
Dbnl,0.96989014,-0.007
Aebp1,0.46164286,0.167
Ykt6,0.16821128,0.221
Nudcd3,0.2791211,-0.341
Gm11401,0.27450681,0.305
Ogdh,0.84566765,0.028
Zmiz2,0.7088531,0.053
Ppia,0.88688226,-0.017
Gm11971,0.85619942,0.033
Hmgcs2,0.17746195,2.12
Ccm2,0.34742628,-0.134
Ramp3,0.43023561,-0.231
Adcy1,0.76241785,-0.057
Igfbp1,0.094614197,1.631
Gm11992,0.99078558,-0.003
Upp1,0.050826938,0.62
Abca13,0.2077875,-0.198
Affy_10374313,0.13073048,0.39
Vwc2,0.67745509,-0.079
Zpbp,0.77121709,-0.064
Gm5429,0.36901945,-0.186
4930415F15Rik,0.25986159,-0.16
Ikzf1,0.40401217,0.293
Gm12009,0.46505713,-0.141
Affy_10374350,0.48492777,0.238
Hmgcs2,0.17746195,2.12
Affy_10374354,0.54934306,-0.16
Vstm2a,0.93136337,0.014
Akt2,0.37832298,-0.149
Egfr,0.4841698,-0.45
Fbxo48,0.2081223,-0.188
Cnrip1,0.93449272,-0.014
Affy_10374413,0.90245422,-0.023
Ppp3r1,0.70802219,0.073
Pno1,0.18399631,-0.318
Wdr92,0.83218169,0.045
C1d,0.6193024,-0.118
Affy_10374448,0.29448972,0.236
Gm12026,0.77793553,0.069
LINE_Affy_10374453,0.70156821,0.114
Spred2,0.6331314,-0.083
Spred2,0.53658694,-0.216
Rab1,0.84880275,-0.026
Rps17,0.5529781,0.08
Sertad2,0.3938507,0.116
Peli1,0.83439809,0.04
Vps54,0.89694478,0.022
AV249152,0.16082448,0.241
Affy_10374551,0.91207055,0.026
Tmem17,0.43414878,0.143
Affy_10374558,0.87079581,-0.048
Zrsr1,0.59748112,0.11
Cct4,0.21211867,0.19
Fam161a,0.34385645,0.163
Xpo1,0.5423358,0.156
Ahsa2,0.60102238,0.088
1700030C12Rik,0.080975869,-0.327
Pus10,0.91387489,0.018
Bcl11a,0.52064118,-0.125
4933427E13Rik,0.98680994,0.003
Affy_10374744,0.82660278,0.048
Fancl,0.39652724,-0.298
Vrk2,0.14388009,-0.46
Gm12070,0.78749318,-0.038
Affy_10374767,0.20669463,-0.271
Affy_10374769,0.36275458,-0.213
mir-216b,0.13604028,0.337
Mir216a,0.16420135,-0.296
mir-217,0.9845126,0.004
Efemp1,0.22973726,0.84
LOC100046559,0.989461,-0.005
Pnpt1,0.2334577,0.341
Smek2,0.71628024,-0.062
Affy_10374840,0.28488565,0.36
Ccdc88a,0.3248247,0.245
Mtif2,0.31358449,-0.195
1700034F02Rik,0.46538751,-0.1
Rtn4,0.15628216,0.84
4931440F15Rik,0.66949797,-0.141
Gm8098,0.057441315,-0.586
Psme4,0.91773514,0.01
Asb3,0.89913091,-0.023
Gpr75,0.98577669,-0.004
Cpeb4,0.73224288,-0.071
4930524B15Rik,0.93991467,0.017
Nsg2,0.66041345,-0.102
Gm12109,0.30945299,0.306
Snrnp25,0.19232191,-1.62
Mpg,0.98509711,0.004
Affy_10375044,0.1969782,-0.224
Hba-x,0.74746558,-0.069
Hba-a1,0.13781322,0.988
F830116E18Rik,0.98794723,-0.004
Hba-a2,0.12095296,1.038
Hbq1,0.73450487,-0.093
Sh3pxd2b,0.67821465,-0.13
Ubtd2,0.29989683,-0.193
Stk10,0.72020703,0.095
Fbxw11,0.61739159,-0.088
Fbxw11,0.16197401,3.661
Fbxw11,0.13185393,3.808
Ssbp1,0.92537896,-0.015
1700072H12Rik,0.82198664,-0.048
D130052B06Rik,0.37481607,-0.178
Kcnmb1,0.30651406,-0.174
Lcp2,0.50651371,0.369
Fam196b,0.84743833,0.053
Affy_10375173,0.98530564,0.009
Slit3,0.18774476,-0.242
Mir218-2,0.73222162,-0.078
Pank3,0.48936604,0.131
Mir103-1,0.85330326,-0.035
Affy_10375227,0.9389224,0.018
Affy_10375229,0.009512442,0.824
Affy_10375232,0.73991985,0.089
Nudcd2,0.85015891,-0.039
Hspd1,0.5934526,-0.107
Affy_10375242,0.91268034,0.02
Gabrb2,0.43612582,-0.174
Gabrb2,0.42184515,-0.127
Gabrb2,0.62292861,-0.086
Gm9972,0.74867666,0.056
Atp10b,0.73161182,0.072
Slu7,0.67206722,0.078
C1qtnf2,0.61353155,-0.121
Ccnjl,0.99341593,-0.002
4933415A04Rik,0.31619478,-0.208
LOC280487,0.17746195,2.12
Pwwp2a,0.11409822,-0.244
Il12b,0.95519482,-0.012
Affy_10375341,0.05741588,-0.302
Rnf145,0.5119672,0.224
Ebf1,0.92486109,-0.018
Ebf1,0.6474582,0.116
Gm12164,0.29655119,-0.334
Clint1,0.52885649,0.124
Sox30,0.53182723,-0.104
Adam19,0.66607766,-0.086
Cyfip2,0.26042673,-0.271
Fam71b,0.72534175,0.07
Med7,0.90065249,0.022
Havcr2,0.33615255,0.222
BC053393,0.7797233,-0.041
Rpl7,0.73368346,0.053
Havcr1,0.3263691,-0.221
Timd4,0.37415097,0.378
Gm12176,0.085232019,0.708
Affy_10375485,0.6937058,0.092
Gnb2l1,0.30780685,-0.152
Affy_10375497,0.33531583,-0.235
Snord96a,0.60398564,-0.132
Affy_10375501,0.64017554,-0.115
Trim7,0.73325663,-0.058
Ifi47,0.79115276,0.126
Olfr1395,0.072320435,-0.358
Olfr1394,0.9949642,0.001
Zfp62,0.45912117,0.212
Mgat1,0.65248751,0.058
Olfr1393,0.64311824,-0.137
Olfr1392,0.28959108,-0.273
Olfr10,0.49640393,-0.144
Olfr1391,0.51229684,0.118
Olfr1390,0.25290631,-0.288
Olfr1389,0.24203945,-0.238
Olfr1388,0.29691409,-0.263
LTR_BXD001,0.19057586,0.536
Olfr1387,0.024327363,-0.439
Olfr1385,0.39893667,-0.145
Olfr1385,0.53266952,-0.108
Olfr1384,0.37999565,-0.161
Olfr1383,0.033333023,-0.542
Olfr1382,0.27188843,-0.489
Olfr1373,0.86317939,-0.044
Olfr1380,0.58705886,-0.128
Flt4,0.30237951,0.235
Scgb3a1,0.80322506,-0.058
Gfpt2,0.66554428,0.08
Mapk9,0.82833647,0.036
Rasgef1c,0.68303267,-0.081
Rnf130,0.79365805,-0.033
mir-340,0.062975138,0.477
Tbc1d9b,0.68876061,0.049
3010026O09Rik,0.99379409,0.002
Mgat4b,0.73798838,0.057
Affy_10375730,0.2064297,-0.31
Cby3,0.35777946,-0.165
Hnrnph1,0.18387487,-0.176
Adamts2,0.73647695,0.085
Grm6,0.064997789,-0.304
Olfr1378,0.70511005,0.086
Olfr1377,0.89651677,-0.023
Olfr51,0.73900474,-0.079
Olfr51,0.62249384,-0.101
Olfr54,0.88523813,0.032
Olfr54,0.42939672,-0.193
Zfp354a,0.55755608,-0.277
9230009I02Rik,0.5456723,-0.128
Affy_10375811,0.52644841,0.211
Affy_10375815,0.21848481,-0.352
Gm12569,0.12615849,-0.294
Clk4,0.24127457,-0.164
Col23a1,0.21860761,-0.3
Agxt2l2,0.25741724,0.489
Nhp2,0.9534963,-0.011
D930048N14Rik,0.11799021,0.336
Sar1b,0.79532426,-0.05
Affy_10375901,1,0
Cdkn2aipnl,0.423276,0.213
Cdkl3,0.88225628,0.033
Ppp2ca,0.33605681,-0.114
Skp1a,0.34540106,0.237
Vdac1,0.4462497,0.114
9530068E07Rik,0.79818221,-0.065
Fstl4,0.82836248,0.046
Taf13,0.13426617,0.418
Zcchc10,0.55123212,-0.127
Aff4,0.19162146,-0.161
Affy_10376002,0.81716194,-0.093
Gdf9,0.59573455,0.114
Shroom1,0.24366258,0.303
Gm9945,0.20049212,-0.218
Rpl9-ps3,0.10758883,0.386
08-Sep,0.81959207,-0.051
Kif3a,0.33441168,-0.18
Rps2-ps4,0.43355648,0.288
Il5,0.88851266,0.032
Irf1,0.2654259,0.366
P4ha2,0.85879329,0.047
Affy_10376092,0.92206744,-0.013
Affy_10376094,0.084570131,0.441
Acsl6,0.17966895,-0.225
4930404A10Rik,0.31203427,-0.212
3230401D17Rik,0.89616292,0.026
Fnip1,0.3008485,-0.176
Rapgef6,0.20684362,0.235
Hint1,0.96643554,-0.008
Gpx3,0.19326411,0.704
Gm2a,0.44892127,-0.163
Slc36a1,0.002312311,-0.665
G3bp1,0.89965588,-0.021
Tcp1,0.44613492,0.174
Zic5,0.30981753,-0.195
Affy_10376243,0.51637243,-0.118
Gria1,0.75727729,0.068
Mfap3,0.42126463,0.181
Galnt10,0.34051499,-0.236
Affy_10376283,0.42352248,0.167
Sap30l,0.20289029,0.365
Larp1,0.52715118,0.122
Larp1,0.24719318,0.445
Cnot8,0.30012866,-0.361
Mrpl22,0.75247216,0.119
Gm12250,0.54502122,-0.488
Irgm2,0.96675351,0.034
4930438A08Rik,0.54761295,-0.114
Zfp692-ps,0.91115287,-0.018
Sh3bp5l,0.26898543,-0.202
2210415F13Rik,0.76792168,-0.076
Affy_10376374,0.72938136,0.067
1810065E05Rik,0.87890997,0.035
Gm12253,0.53385123,-0.1
Olfr325,0.57402032,-0.111
Olfr324,0.45550377,-0.17
Trim58,0.88384593,0.034
Olfr179,0.53230912,0.139
Olfr320,0.89582755,0.045
Olfr319,0.96129634,0.01
Olfr316,0.32524432,-0.279
Olfr315,0.94406494,0.015
Olfr314,0.54932171,-0.128
Olfr313,0.63566964,0.112
Olfr312,0.80522245,-0.066
Olfr313,0.43733617,-0.147
Gm12258,0.92505353,-0.024
Gm12258,0.88810285,-0.042
2810021J22Rik,0.85822977,-0.04
Butr1,0.33972735,-0.19
Hist3h2ba,0.63554474,-0.067
Trim17,0.62519012,0.099
Hist3h2a,0.22603367,0.392
Gm12260,0.67812387,0.083
Trim11,0.98219579,0.003
Gm10435,0.048243034,-0.482
Mrpl55,0.28300577,0.128
2310033P09Rik,0.39710243,0.141
Wnt9a,0.4737424,-0.19
Jmjd4,0.31207625,-0.189
4933439C10Rik,0.78593823,-0.064
Nlrp3,0.82340349,0.059
Olfr225,0.1229692,-0.326
Mprip,0.96833474,0.006
Cops3,0.49712465,-0.132
Nt5m,0.36291436,-0.138
Med9,0.94250464,-0.012
Rai1,0.22962197,-0.159
Affy_10376577,0.15932232,0.372
Lrrc48,0.77105688,-0.074
C17orf39,0.68722019,-0.09
Drg2,0.25567741,0.19
Myo15,0.65482399,-0.086
Alkbh5,0.29607004,-0.132
Llgl1,0.6689079,0.056
Smcr7,0.43002659,0.152
Smcr8,0.74675905,0.05
Dhrs7b,0.70083781,0.101
Map2k3,0.3780704,-0.137
Kcnj12,0.37984883,-0.214
Tnfrsf13b,0.82319125,-0.037
Aldh3a1,0.9688519,-0.006
Mfap4,0.59050278,-0.119
B9d1,0.56701434,-0.111
Grap,0.31080913,0.198
Fam83g,0.45108266,-0.134
Cytsb,0.64721929,-0.111
Adora2b,0.22121952,-0.265
Ttc19,0.32903478,-0.14
Pigl,0.63290668,-0.102
Ubb,0.2115964,-0.154
Trpv2,0.72707637,0.089
Snord49b,0.55706375,-0.242
Snord49a,0.74216935,-0.108
Mmgt2,0.92648479,-0.025
Affy_10376895,0.36462127,-0.155
Affy_10376897,0.29473406,-0.18
Trim16,0.2073067,-0.231
Fbxw10,0.82746795,-0.045
Fam18b,0.40518104,-0.254
Cdrt4,0.27872055,-0.333
Tekt3,0.25178022,-0.227
Pmp22,0.49346239,0.197
Hs3st3a1,0.30724491,-0.209
Elac2,0.53944501,-0.074
AU040829,0.3079469,-0.218
Zkscan6,0.71118846,0.078
Pirt,0.63135622,-0.123
Tmem220,0.28487305,0.134
Sco1,0.92928713,0.014
Myh3,0.049414578,-0.26
Myh2,0.20256217,-0.271
Myh1,0.25049973,-0.246
Myh4,0.33945823,-0.168
Myh8,0.18826026,0.249
Myh13,0.50802364,0.114
Gas7,0.22263077,0.775
Rcvrn,0.55212534,-0.116
Gm12302,0.77352326,-0.062
Dhrs7c,0.8718067,-0.037
9130017K11Rik,0.27051478,-0.257
Stx8,0.94795957,0.009
Pik3r5,0.98620678,-0.007
Pik3r6,0.28170663,-0.165
Mfsd6l,0.16769274,-0.282
Ccdc42,0.18297573,-0.215
Myh10,0.16615678,-0.374
Rnf222,0.6213395,-0.086
Rpl26,0.23569098,0.39
Slc25a35,0.64319588,0.125
1500010J02Rik,0.51635278,-0.108
Aurkb,0.9104978,0.026
2310047M10Rik,0.99223861,-0.002
Tmem107,0.56147755,0.108
Snord118,0.62162791,0.533
Vamp2,0.67374979,0.058
Per1,0.83522067,-0.107
Hes7,0.017208166,-0.557
Aloxe3,0.40908589,-0.2
Alox12b,0.79702448,-0.049
Trappc1,0.62436145,0.08
Kcnab3,0.8891409,-0.03
A030009H04Rik,0.39981717,0.181
Chd3,0.86998363,-0.041
Lsmd1,0.83674716,0.035
Kdm6b,0.91709357,0.023
Trp53,0.83848078,0.048
Sat2,0.12535559,0.847
Fxr2,0.56793964,0.113
Sox15,0.10631844,-0.31
Zbtb4,0.82693127,-0.036
Tmem102,0.39480852,-0.201
Tmem256,0.39315816,0.18
Plscr3,0.15159083,0.235
Neurl4,0.69407261,-0.053
Gps2,0.15559728,0.194
Ybx2,0.51967797,-0.126
Cldn7,0.32738925,-0.174
Ctdnep1,0.76215235,0.059
Gabarap,0.96670555,-0.005
Phf23,0.85535708,0.03
Dvl2,0.31672116,-0.172
Dlg4,0.69416545,-0.06
Asgr1,0.60998373,0.119
Asgr2,0.51379657,-0.124
Mgl2,1,0
Clec10a,0.36584573,-0.25
Slc16a11,0.91205445,0.026
mir-497,0.3207541,-0.305
Mir195,0.15220701,-0.417
Arrb2,0.20532682,0.29
Med11,0.3292605,0.367
Zmynd15,0.42987259,0.216
Tm4sf5,0.077867884,-0.701
Gltpd2,0.51178585,-0.325
Psmb6,0.21629643,0.3
Pld2,0.98132537,-0.004
Mink1,0.70526184,0.072
Gp1ba,0.78008048,-0.057
Rnf167,0.59717567,0.12
Eno3,0.68296792,0.089
Kif1c,0.20035151,0.228
Kif1c,0.071038442,0.967
Zfp3,0.97009612,0.007
Rabep1,0.45899195,-0.146
Rpain,0.90534834,0.022
Mis12,0.3881169,0.42
9230020A06Rik,0.49503757,0.147
Wscd1,0.084030515,-0.382
Fam64a,0.53742489,-0.147
Txndc17,0.077444558,-0.537
Med31,0.4078546,-0.22
Xaf1,0.32685763,-0.809
Fbxo39,0.67616119,-0.099
Ggt6,0.042359104,0.548
Mybbp1a,0.91426675,0.022
Ube2g1,0.4417955,-0.13
Ankfy1,0.74584219,0.048
Zzef1,0.083337514,0.293
Affy_10378214,0.48106182,0.139
Atp2a3,0.75826788,0.056
P2rx1,0.025697645,-0.367
Camkk1,0.85612064,-0.041
1200014J11Rik,0.47495045,0.156
Itgae,0.40989837,0.157
P2rx5,0.010535044,-0.488
Tax1bp3,0.40584464,0.219
Shpk,0.42429634,0.226
Trpv1,0.60093247,-0.121
Trpv3,0.69694672,-0.098
Spata22,0.94757814,-0.028
Olfr20,0.37986165,-0.148
Olfr376,0.78645475,-0.051
Olfr384,0.83531889,0.037
Affy_10378401,0.25331771,-0.484
Zfp735,0.56427011,0.088
Olfr390,0.57321458,0.105
Affy_10378409,0.78843674,-0.053
Olfr23,0.88916043,0.029
Affy_10378415,0.97598904,0.006
Olfr397,0.41752906,-0.14
Zfp616,0.39640448,0.134
Affy_10378424,0.421914,-0.211
Olfr401,0.5222337,-0.169
Olfr402,0.54637534,-0.147
Olfr403,0.5265654,-0.112
Olfr406-ps,0.28354242,-0.23
Olfr59,0.19858218,-0.42
n-R5s71,0.50285369,0.338
Affy_10378440,0.57829866,-0.104
Olfr412,0.87475768,0.036
E130309D14Rik,0.17525239,-0.323
1300001I01Rik,0.97946857,-0.004
Mett10d,0.3159137,0.16
Mnt,0.89131027,0.019
Tsr1,0.88950036,0.024
Smg6,0.84756211,0.031
mir-212,0.094209472,-0.381
Mir132,0.34098502,-0.294
Rtn4rl1,0.22234545,-0.541
Smyd4,0.38498192,-0.136
mir-22,0.6511789,0.188
Affy_10378570,0.34169027,0.33
Tlcd2,0.55077327,0.26
Prpf8,0.86116083,0.017
Rilp,0.68361104,-0.071
Scarf1,0.71219285,-0.057
Slc43a2,0.72917511,0.084
Pitpna,0.64112618,-0.082
Inpp5k,0.9123912,-0.025
Myo1c,0.36689583,0.175
Crk,0.48426117,-0.099
Ywhae,0.37893066,-0.141
1700016K19Rik,0.29418416,-0.216
Fam57a,0.35674075,-0.163
Gemin4,0.17351664,0.293
Dbil5,0.25952622,-0.187
Rnmtl1,0.88653078,-0.024
Timm22,0.78207196,-0.068
Affy_10378781,0.98921354,-0.015
Rpl36,0.38725797,-0.133
Bhlha9,0.49858861,-0.158
Tusc5,0.35305517,-0.227
Tmigd1,0.63387931,-0.068
Blmh,0.97168606,0.009
Slc6a4,0.13054631,-0.332
Ssh2,0.18098658,-0.245
Hsp90aa1,0.60103451,-0.183
Ssh2,0.80186943,0.098
Coro6,0.3549583,-0.196
Git1,0.15646705,0.186
Abhd15,0.062813446,0.436
Nufip2,0.2966659,-0.13
LOC100048535,0.14915482,-0.333
Myo18a,0.89390753,0.016
Sez6,0.42714499,-0.162
Phf12,0.831868,0.042
Dhrs13,0.57268835,-0.12
Flot2,0.92914805,0.02
Mir144,0.77122911,0.048
Mir451,0.024446564,-0.329
BC017647,0.95652174,-0.01
Tlcd1,0.043557254,0.387
Rab34,0.83134091,0.084
Proca1,0.69374906,-0.132
Sdf2,0.35294721,-0.131
Kiaa0100,0.090349721,-0.179
BC030499,0.18277665,-0.271
Spag5,0.46176761,-0.175
Aldoc,0.55470727,-0.262
Pigs,0.87038036,0.027
Unc119,0.34787201,0.339
Slc46a1,0.27962133,-0.264
Vtn,0.16141173,-0.18
Sebox,0.035669186,-0.429
Poldip2,0.14682034,-0.152
Ift20,0.051570125,-0.304
1810012P15Rik,0.25381307,-0.236
Nos2,0.95303032,-0.016
Gm11201,0.64973548,-0.087
Nf1,0.81742372,-0.026
Rab11fip4,0.84641432,-0.05
Affy_10379338,0.99462129,-0.001
Mir193,0.27090065,-0.304
Mir365-2,0.6382093,-0.074
Gm10387,0.54329464,-0.161
Suz12,0.31694828,0.238
Atad5,0.20819534,0.218
Affy_10379387,0.213374,-0.319
Adap2,0.8179875,-0.034
Rnf135,0.010376964,0.434
Rhot1,0.39176555,0.12
Rhbdl3,0.21955775,-0.262
Zfp207,0.35181319,-0.112
Psmd11,0.19537457,0.154
Cdk5r1,0.13375452,-0.364
Tmem98,0.61931622,0.233
Spaca3,0.94954094,-0.012
5530401A14Rik,0.91422073,-0.016
Ccl2,0.63335311,0.306
Ccl7,0.35569074,-0.235
Ccl11,0.58359849,-0.091
Ccl12,0.28359235,-0.188
Ccl8,0.98628985,0.003
Affy_10379539,0.051847482,-0.339
Tmem132e,0.51986933,-0.109
Gm11426,0.11192934,-0.351
Zfp830,0.66585793,0.116
Lig3,0.63517889,0.085
Fndc8,0.24445551,-0.231
Unc45b,0.63785834,-0.1
Slfn5,0.41632041,0.351
Affy_10379627,0.015171498,-0.389
Slfn2,0.88180562,0.079
Slfn1,0.77822093,0.063
Slfn4,0.60760753,-0.148
Slfn3,0.95449618,-0.018
Slfn3,0.6170362,0.265
Snord7,0.83610141,-0.048
Ap2b1,0.22399455,0.143
Rasl10b,0.24487808,-0.315
1700020L24Rik,0.26187859,-0.269
Taf15,0.3802608,0.121
Affy_10379708,0.055472882,0.417
E230016K23Rik,0.21820116,-0.269
Ccl4,0.79665089,-0.053
Gm11428,0.73839193,-0.289
Wfdc18,0.26543509,-0.183
1100001G20Rik,0.79822504,-0.085
Heatr6,0.11267648,-0.406
Affy_10379762,0.29731399,-0.194
Hnf1b,0.93146192,0.018
Ddx52,0.94933902,0.013
Synrg,0.77414597,0.036
Acaca,0.1736604,0.732
Mrm1,0.91619435,-0.023
Gm10374,0.53012417,-0.16
Myo19,0.066851727,-0.646
Car4,0.44901474,0.156
Rpl13,0.4022132,-0.102
Affy_10379878,0.86503508,-0.041
1700125H20Rik,0.024902489,-0.408
Appbp2,0.47609679,0.19
Ppm1d,0.67867388,-0.066
Bcas3,0.16939055,-0.179
Tbx2,0.84752555,-0.032
Tbx4,0.44508273,-0.146
4632419I22Rik,0.29639984,0.23
Rnft1,0.47108855,-0.136
Tubd1,0.88490919,-0.023
Ptrh2,0.024854944,0.428
Affy_10379987,0.95992522,-0.055
Fam33a,0.71365505,-0.083
Mir301,0.3451569,0.155
Trim37,0.27563485,-0.185
Tex14,1,0
Rnu3b1,0.40950318,0.238
Rnu3b1,0.40950318,0.238
Rnu3b1,0.40950318,0.238
Rnu3b1,0.40950318,0.238
04-Sep,0.11623024,0.308
Mtmr4,0.56701379,0.115
Hsf5,0.35354804,0.159
Rnf43,0.58216101,-0.131
Supt4h1,0.17838928,-0.178
Mir142,0.88728178,-0.03
Bzrap1,0.25097966,-0.243
Mpo,0.32330294,-0.332
Mks1,0.58389404,-0.105
Gm11507,0.59133958,-0.076
Srsf1,0.31682376,0.14
Vezf1,0.52084493,0.103
Cuedc1,0.52125016,0.119
Mrps23,0.42023527,0.113
1700106J16Rik,0.96686239,-0.014
Affy_10380246,0.20635997,-0.301
Gm15698,0.54062663,-0.088
2210409E12Rik,0.12306374,-0.374
Coil,0.62952694,-0.101
Trim25,0.72870331,0.078
A930013B10Rik,0.37066797,-0.242
Gm525,0.95666849,-0.011
Tmem100,0.21432632,-0.345
Mmd,0.75121941,-0.076
Cox11,0.87003286,0.028
Car10,0.97035471,-0.008
Affy_10380318,0.25670133,-0.215
Mbtd1,0.57944492,-0.076
Spag9,0.14407448,0.178
Tob1,0.41074039,0.17
Ankrd40,0.88366892,0.024
Spata20,0.94149813,0.018
Chad,0.8905006,-0.036
Lrrc59,0.73760503,0.065
Mrp127,0.65425504,0.097
Cdc34,0.54443059,-0.15
Affy_10380417,0.32708828,-0.179
Col1a1,0.96467707,0.011
Affy_10380472,0.70004104,-0.085
Hils1,0.34835177,-0.211
Ppp1r9b,0.47708424,-0.166
Samd14,0.79103853,-0.067
Dlx3,0.33396448,-0.25
Tac4,0.38813712,-0.218
Fam117a,0.064487778,-0.336
Slc35b1,0.76870697,-0.11
Spop,0.57329687,-0.078
Affy_10380549,0.20327784,0.264
Phb,0.99518703,0.001
Affy_10380558,0.21890125,0.303
Zfp652,0.32806074,0.364
Phospho1,0.86896071,0.108
Gngt2,0.43869762,0.222
Affy_10380579,0.51006838,0.112
Gip,0.37615855,-0.179
Affy_10380589,0.5682336,-0.128
Snf8,0.41019403,0.15
Ttll6,0.4544714,-0.142
Hoxb13,0.84692678,0.037
Mir196a-1,0.72484758,-0.085
Hoxb9,0.18833583,-0.384
Hoxb8,0.50874459,-0.167
Hoxb7,0.66487812,-0.089
Hoxb6,0.29790623,-0.24
Hoxb5,0.65267497,-0.088
Mir10a,0.49941048,0.149
Hoxb4,0.93659969,-0.013
Hoxb3,0.21258802,-0.233
Hoxb2,0.52338926,-0.12
Hoxb1,0.12271651,-0.316
Rpl17,0.65731709,-0.047
Skap1,0.69577671,-0.086
Cbx1,0.85936105,0.025
Copz2,0.62326116,0.153
Mir152,0.36136289,-0.187
Prr15l,0.83657683,-0.048
Sp6,0.86351148,0.039
Scrn2,0.626969,-0.059
Mrpl10,0.63678623,-0.072
Osbpl7,0.45754177,-0.157
Mrpl45,0.90045469,-0.031
Socs7,0.6079867,-0.113
Arhgap23,0.84888936,0.036
Mllt6,0.30813248,-0.18
Psmb3,0.57013479,-0.078
2810474C18Rik,0.82295375,-0.044
Atp5l,0.37587966,0.229
Lasp1,0.64737657,0.072
B230217C12Rik,0.87825893,0.029
Rpl19,0.72339022,-0.042
Cdk12,0.35525322,0.18
Cdk12,0.27793949,-0.185
Ppp1r1b,0.46018858,-0.156
Stard3,0.32480878,-0.139
Tcap,0.81100897,-0.046
Pnmt,0.45010586,-0.122
Erbb2,0.85623088,0.034
Grb7,0.16799001,0.339
Zpbp2,0.39703751,-0.139
Gm12,0.38903542,-0.175
Gsdma3,0.52907394,-0.152
Gsdma2,0.47482767,-0.114
Gsdma,0.12682807,-0.376
Psmd3,0.43323481,0.111
Csf3,0.86070678,-0.038
Thra,0.26119213,0.195
Msl1,0.66403822,-0.061
Casc3,0.71697352,-0.038
Rapgefl1,0.10993006,-0.273
Wipf2,0.10473796,0.263
Cdc6,0.42639496,-0.256
Rara,0.87227979,0.03
Igfbp4,0.006487972,-0.437
Gm11568,0.73994129,-0.077
Krtap9-1,0.20973596,-0.237
Gm11567,0.82086173,0.074
Krtap31-1,0.001445197,-0.775
Gm11565,0.79904468,-0.065
Gm11560,0.24373074,-0.324
Krtap31-2,0.94571499,-0.018
Eif1,0.66990613,-0.081
Gast,0.39125589,-0.182
Fkbp10,0.99220614,-0.002
Klhl10,0.91175705,0.027
Ttc25,0.9249325,-0.02
Cnp,0.68219302,0.117
Nkiras2,0.21592653,0.194
Hspb9,0.057014061,-0.394
Stat5a,0.87972739,0.026
Atp6v0a1,0.15272489,-0.234
Naglu,0.27381833,-0.264
Hsd17b1,0.80291169,0.046
Coasy,0.8724444,0.032
Mlx,0.49898359,0.118
Tubg1,0.3493287,0.164
Tubg2,0.77784103,0.062
Cntnap1,0.99060231,0.007
Ramp2,0.42904121,0.111
Vps25,0.49566397,-0.086
Wnk4,0.025681504,-0.519
Cntd1,0.98304783,-0.003
Psme3,0.5779782,-0.072
Aoc2,0.71378019,-0.084
Aoc3,0.94437887,0.014
Affy_10381379,0.028740262,-0.34
Affy_10381381,0.7116916,-0.063
Affy_10381383,0.32366429,-0.189
Affy_10381385,0.9317564,-0.024
G6pc,0.3526717,0.297
Rundc1,0.62058684,0.077
Rpl27,0.90984775,0.014
Ifi35,0.5817406,-0.139
Rnd2,0.32707589,0.408
Nbr1,0.37982059,0.112
Tmem106a,0.26702749,0.27
Rnu2,0.63504355,0.222
Rnu2,0.60229441,0.242
Rdm1,0.24769696,-0.326
Rnu2,0.60229441,0.242
Rnu2,0.60229441,0.242
Arl4d,0.12273827,0.659
Dhx8,0.37446216,0.117
4930417O22Rik,0.18384775,-0.288
1700006E09Rik,0.65504143,-0.088
Cd300lg,0.15646857,0.349
Ppih,0.19662705,0.288
Nags,0.26604734,0.226
G6pc3,0.56803529,0.124
BC030867,0.008624214,-0.473
Asb16,0.76313612,-0.073
Tmub2,0.52237289,0.119
Rundc3a,0.6707485,0.077
Grn,0.90354313,0.044
Grn,0.60981438,-0.103
Fzd2,0.58234964,-0.101
Gm1564,0.8630226,0.027
Affy_10381617,0.9611081,-0.01
Adam11,0.003566957,-1.531
Affy_10381647,0.56016791,-0.078
Higd1b,0.73778692,-0.074
Ccdc103,0.41986154,-0.086
Kif18b,0.9689634,-0.008
Dcakd,0.86954904,0.031
Nmt1,0.7142959,0.048
Affy_10381681,0.98921354,-0.015
Acbd4,0.73012109,0.083
Affy_10381695,0.15786268,0.412
Hexim1,0.43167058,0.167
Hexim2,0.65127971,-0.09
Fmnl1,0.81473016,-0.066
Rprml,0.89823426,0.033
Wnt3,0.73981899,-0.082
Arf2,0.39378522,0.18
Crhr1,0.32763053,-0.207
4933407P14Rik,0.53958591,-0.163
Mapt,0.15750842,-0.251
Myl4,0.90784206,-0.021
Lin52,0.35892013,-0.174
Itgb3,0.55924119,-0.145
Gm11639,0.36880477,-0.143
Efcab3,0.79770765,0.093
Mettl2,0.70387271,-0.06
Gm10842,0.4103657,0.15
Tlk2,0.28305357,0.223
Mrc2,0.93769455,0.015
Affy_10381930,0.39643185,-0.227
Tanc2,0.57876115,0.121
Tanc2,0.77420077,-0.046
Gm9910,0.27801114,-0.312
Ace,0.68511758,-0.105
Kcnh6,0.4580573,-0.208
Dcaf7,0.57989544,0.09
Taco1,0.98241819,-0.004
Map3k3,0.56550528,-0.064
Gm10840,0.044424159,-0.454
Ddx42,0.39043372,0.171
Psmc5,0.29683803,0.186
Affy_10382081,0.40700686,0.198
Tcam1,0.54301278,-0.116
2310007L24Rik,0.32253591,-0.216
Affy_10382104,0.48428917,-0.392
Gm885,0.96241928,0.023
Ccdc45,0.4599661,0.114
1810010H24Rik,0.52296828,0.21
Psmd12,0.4189721,0.091
Helz,0.8471296,-0.022
Apoh,0.014044479,-0.321
Affy_10382198,0.88376676,-0.029
Ccdc46,0.84186284,0.032
Axin2,0.72242973,-0.061
Gna13,0.64446198,0.073
9930022D16Rik,0.077167051,-0.409
Amz2,0.35344226,0.137
Arsg,0.025567869,-0.686
Prkar1a,0.68151578,-0.053
Map2k6,0.51100072,0.231
Kcnj16,0.27357664,0.302
Kcnj2,0.84392433,-0.046
Gm11675,0.28566572,-0.257
Sox9,0.51453945,-0.238
4933434M16Rik,0.53860118,-0.126
Gm16487,0.49370969,-0.21
Sstr2,0.14315597,-0.332
Cog1,0.42229963,0.116
D11Wsu47e,0.094640067,-0.284
Gm11691,0.87301926,-0.039
Rpl38,0.71373806,0.073
Ttyh2,0.099450924,-0.306
Dnaic2,1,0
Kif19a,0.39087388,-0.165
Gpr142,0.35199361,-0.196
Gprc5c,0.4665088,-0.142
Gprc5c,0.37515747,-0.196
Cd300a,0.94449792,-0.02
Rab37,0.65843219,-0.085
Slc9a3r1,0.50451689,-0.148
Tmem104,0.97671717,0.006
Otop2,0.14451817,-0.287
Otop3,0.26036432,0.184
Cdr2l,0.79498583,-0.062
Ict1,0.53453799,0.102
Kctd2,0.14652403,0.471
4933422H20Rik,0.74816658,0.107
Slc16a5,0.26099571,0.963
Armc7,0.66977034,-0.078
Nup85,0.022684501,0.275
Mrps7,0.9509535,0.012
Affy_10382571,0.49909653,-0.128
2310067B10Rik,0.27227311,-0.184
Tsen54,0.18016648,-0.198
Llgl2,0.73587018,0.061
Myo15b,0.28708939,-0.293
2210020M01Rik,0.23119393,-0.274
1110017F19Rik,0.32405832,-0.241
Sap30bp,0.22873776,0.203
Itgb4,0.58374383,-0.101
Unk,0.71752915,-0.05
Acox1,0.53142502,0.15
Cdk3-ps,0.81771934,0.044
Galr2,0.44999052,-0.183
Gm11741,0.61548495,0.079
Fam100b,0.13618388,-0.226
Sphk1,0.2793389,-0.196
Aanat,0.53550722,-0.154
Gm11744,0.65718786,-0.094
1810032O08Rik,0.82950897,0.069
Snord1c,0.65218778,0.115
BC018473,0.073896191,-0.296
Mettl23,0.18557428,-0.313
Mfsd11,0.18001271,-0.366
Mgat5b,0.46714864,-0.182
Scarna16,0.40015683,0.195
Sec14l1,0.71671299,0.084
09-Sep,0.65858291,-0.152
Gm11733,0.79939232,-0.06
2900041M22Rik,0.27119523,-0.222
Tnrc6c,0.50700243,0.117
Tmc8,0.54042672,0.11
6030468B19Rik,0.3115835,-0.241
Syngr2,0.091936326,-0.265
Afmid,0.9952456,-0.002
Birc5,0.53299198,0.124
Gm12581,0.93131623,-0.016
Socs3,0.20637689,-0.232
Pgs1,0.69921316,0.08
Gm10099,0.82352818,0.058
C1qtnf1,0.075524563,0.414
Usp36,0.46743836,-0.15
Enpp7,0.72515027,-0.074
Cbx2,0.6708973,0.079
Ccdc40,0.78308781,-0.044
Gaa,0.2121035,0.501
Card14,0.8784021,-0.03
Slc26a11,0.67489521,0.072
Affy_10383152,0.74388989,0.16
Affy_10383168,0.71819602,0.167
Affy_10383192,0.26489348,0.742
Affy_10383194,0.91515377,-0.039
Affy_10383196,0.78616179,0.12
Affy_10383198,0.86911722,0.08
Affy_10383200,0.80133311,0.123
Affy_10383202,0.68584031,0.188
Affy_10383204,0.45679092,0.383
Affy_10383206,0.3100428,0.654
Affy_10383208,0.11810426,0.982
Affy_10383210,0.66278644,0.18
Affy_10383212,0.69811118,0.187
Rnf213,0.7809518,0.136
Rnf213,0.71900304,0.168
A730011L01Rik,0.89508265,-0.023
Rptor,0.93837774,0.012
Chmp6,0.4085667,-0.174
Baiap2,0.53042468,0.194
Affy_10383309,0.37095878,-0.218
Gm9734,0.6237509,0.117
Bahcc1,0.21186345,-0.129
0610009L18Rik,0.18587312,-0.225
Fscn2,0.95387259,0.015
Gm9981,0.27756576,-0.234
Tspan10,0.32731204,-0.23
Affy_10383358,0.57416019,-0.184
Ccdc137,0.80384978,0.062
Hgs,0.72263681,0.041
Mrpl12,0.79773286,0.06
Slc25a10,0.45875719,0.232
Gcgr,0.41745136,0.14
Anapc11,0.90653421,0.017
Npb,0.54379926,-0.124
Notum,0.59411612,-0.126
Aspscr1,0.67978136,0.066
Lrrc45,0.36763974,-0.122
Rac3,0.92808849,0.017
Hmga1,0.50713215,-0.101
Gps1,0.85790021,-0.026
Slc16a3,0.4317149,-0.118
Tex19.1,0.69711747,0.113
Uts2r,0.27713089,-0.245
Hexdc,0.86584394,0.031
Narf,0.2526884,-0.234
Foxk2,0.18917106,-0.196
Fn3krp,0.65937352,0.095
Fn3k,0.63025188,-0.125
Tbcd,0.16860064,-0.228
Metrnl,0.67339616,-0.084
Ptchd3,0.73319631,-0.068
Sfi1,0.14170999,-1.476
Drg1,0.78299635,0.041
Patz1,0.75569607,-0.102
Limk2,0.36216345,-0.125
Rnf185,0.90496446,-0.024
Inpp5j,0.34897123,-0.199
Smtn,0.7173259,-0.045
Affy_10383754,0.47414277,-0.163
Ifitm2,0.72826839,0.078
Tug1,0.38096853,0.173
Gm10216,0.18098177,-0.327
Affy_10383765,0.84473373,0.044
Osbp2,0.45414226,-0.144
4921536K21Rik,0.2588909,-0.183
Slc35e4,0.71638234,-0.084
Tcn2,0.84515498,-0.042
4930556J24Rik,0.75718621,0.071
1700020C11Rik,0.1617113,0.292
Sec14l2,0.27653858,0.162
Ccdc157,0.072940908,-0.344
Affy_10383850,0.26019208,-0.202
Hormad2,0.86241337,-0.029
Mtmr3,0.67567413,0.048
Gm11961,0.50787502,-0.115
Uqcr10,0.5810437,0.106
Cabp7,0.68415119,-0.083
Nf2,0.2608986,0.171
Nefh,0.57361345,-0.11
Gm10278,0.67748723,-0.09
Gas2l1,0.24526088,0.19
Ewsr1,0.30064921,-0.174
Emid1,0.055329058,-0.366
Kremen1,0.73929853,-0.048
Znrf3,0.20356096,-0.253
Affy_10383991,0.87020589,-0.041
Ccdc117,0.78600893,-0.05
Mrps24,0.64761991,-0.068
Urgcp,0.70363293,-0.058
Pgam2,0.65673899,0.102
Polm,0.59489905,0.102
Pold2,0.66109899,0.103
Myl7,0.90895321,-0.024
Gck,0.86684552,0.091
Camk2b,0.25658353,-0.373
Nudcd3,0.22210945,0.159
Rps15a,0.51914113,0.098
Npc1l1,0.88486035,-0.029
Ddx56,0.78352517,0.049
Tmed4,0.84702355,0.041
H2afv,0.865815,-0.025
Purb,0.632387,0.142
Purb,0.83127682,0.026
Myo1g,0.35202786,0.248
Affy_10384179,0.91185873,0.036
Affy_10384181,0.53878416,-0.101
Nacad,0.65540897,-0.099
Tbrg4,0.40258882,-0.095
Affy_10384208,0.80642348,0.062
Affy_10384210,0.79266811,0.057
Wap,0.66364169,-0.109
Gm11977,0.96760794,-0.01
Gm11983,0.20088536,-0.366
Igfbp3,0.65185454,0.186
Affy_10384229,0.9272967,0.032
Affy_10384231,0.91347378,0.016
Tns3,0.49945058,0.18
Pkd1l1,0.80673277,-0.045
Hus1,0.010091251,0.408
Sun3,0.45879635,-0.102
Polr2c,0.45513663,0.131
Zpbp,0.50632951,-0.097
Affy_10384363,0.71016676,0.055
4930512M02Rik,0.93064207,0.02
Gm12000,0.45685196,-0.181
Fignl1,0.88027345,0.03
Ddc,0.53144391,0.239
Scarna4,0.80118283,0.058
Grb10,0.49033433,-0.119
Affy_10384421,0.87284508,0.03
Cobl,0.22053942,-0.346
Affy_10384443,1,0
Sec61g,0.96051383,0.013
Ublcp1,0.35124838,-0.208
Ublcp1,0.75291065,-0.114
Affy_10384456,0.93004494,-0.025
Plek,0.5543196,0.37
Pno1,0.84019232,0.042
Affy_10384483,0.41116873,-0.216
Etaa1,0.15771688,0.408
Gapdh,0.97910526,0.004
Affy_10384495,0.69862211,-0.073
Affy_10384497,0.17384252,-0.255
Affy_10384502,0.41906011,0.312
Meis1,0.75798271,0.054
Actr2,0.3909259,-0.125
Cep68,0.71421672,-0.047
Slc1a4,0.85555022,0.073
Gapdh,0.66581531,-0.064
Aftph,0.89816681,-0.02
Affy_10384566,0.10288408,0.456
1110067D22Rik,0.94718865,0.018
Affy_10384577,0.76932945,-0.077
Ugp2,0.36363185,0.268
4932414J04Rik,0.9938071,0.002
Mdh1,0.49089747,0.104
Otx1,0.56398728,-0.098
Ehbp1,0.97442774,0.006
Gm4063,0.93963771,-0.024
Gm12058,0.39566762,-0.162
B3gnt2,0.85606458,0.044
Commd1,0.84415515,0.033
Affy_10384670,0.96553933,0.017
Ahsa2,0.66452859,-0.086
1700093K21Rik,0.56508853,0.089
0610010F05Rik,0.71277517,0.093
LOC100134990,0.82793375,0.049
Pex13,0.53981795,0.082
Rel,0.54163754,0.15
Papolg,0.30447127,0.171
A830031A19Rik,0.30024502,-0.257
Affy_10384766,0.050924034,-0.404
Gm10466,0.43434705,-0.128
5730522E02Rik,0.42463206,-0.412
5730522E02Rik,0.18953231,-0.329
Affy_10384778,0.49125893,-0.17
Fancl,0.75040049,-0.065
Vrk2,0.33453533,0.29
Cyb5d1,0.45405821,0.155
Ccdc85a,0.71617265,-0.057
Smek2,0.69533855,-0.074
Ccdc104,0.1300855,0.446
Prorsd1,0.021295182,0.494
Rps27a,0.48814733,0.113
Eml6,0.008078336,0.438
4931440F15Rik,0.756876,-0.078
Spnb2,0.14684771,0.213
4930505A04Rik,0.13386078,-0.284
Acyp2,0.32832202,0.165
Erlec1,0.73375811,0.072
Chac2,0.53655162,-0.231
Stc2,0.94776013,0.014
Bod1,0.14422985,0.394
Il9r,0.3599216,-0.196
Rhbdf1,0.29114426,-0.778
Nprl3,0.31972171,-0.263
Efcab9,0.049446539,-0.444
1700008A04Rik,0.822364,-0.05
Affy_10385032,0.33965528,0.158
Rpsa,0.13767365,0.668
Fgf18,0.92413497,0.024
Npm1,0.5974492,0.167
Tlx3,0.50221606,-0.136
Ranbp17,0.6590318,0.083
Ranbp17,0.13976935,0.444
Gabrp,0.009224024,0.449
Kcnip1,0.57503395,-0.079
Foxi1,0.63094686,-0.106
Dock2,0.48762948,0.334
Affy_10385151,0.74064126,-0.045
Ccdc99,0.72884084,0.058
Fbll1,0.22099603,-0.338
Rars,0.86313555,-0.034
Wwc1,0.77079195,0.063
Odz2,0.12900967,-0.287
Affy_10385234,0.99596127,-0.001
Akr1b3,0.51232166,-0.236
Mat2b,0.72906404,0.065
Hmmr,0.89655512,-0.029
Ccng1,0.39011915,0.298
Affy_10385281,0.29942338,-0.155
Gabrg2,0.021622154,-0.468
Gabra1,0.51140367,-0.106
Gabra6,0.69467555,-0.078
Mir146,0.76840209,0.043
Pttg1,0.22842744,1.637
Affy_10385335,0.98218422,-0.004
Fabp6,0.27085649,-0.21
Ttc1,0.59109632,-0.106
Adra1b,0.86963907,-0.052
Ublcp1,0.030692454,1.458
Lsm11,0.49118389,-0.112
Thg1l,0.48709577,-0.134
Sft2d1,0.81756715,-0.044
Nipal4,0.26802918,-0.274
Cyfip2,0.1672848,-0.435
Hmgb1,0.65660097,0.057
Itk,0.52735747,-0.116
Dppa1,0.72204564,0.051
Timd2,0.49642672,0.147
Sgcd,0.68519973,-0.072
Affy_10385477,0.31055533,0.209
Ibtk,0.10650403,0.306
Ddx5,0.57370397,-0.083
Trim41,0.51703062,0.076
Cdk2ap1,0.19361042,-0.197
Irgm1,0.48649498,0.386
Gm5431,0.88876035,0.08
Gm12185,0.11861087,0.349
Psme2,0.27862815,0.31
9930111J21Rik2,0.55533013,0.273
Tgtp1,0.4814868,0.834
Affy_10385523,0.17099245,-0.207
9930111J21Rik2,0.50294052,0.307
Tgtp1,0.49233294,0.782
Olfr1396,0.76922422,-0.071
Btnl9,0.74594178,0.067
1700024J04Rik,0.57028493,-0.137
Cnot6,0.84832479,-0.035
Rpl30,0.47045331,-0.138
Sqstm1,0.49601559,0.133
Ltc4s,0.37207737,0.165
Maml1,0.41884664,0.095
Canx,0.18433073,-0.228
Rufy1,0.46699315,0.108
Zfp354c,0.38553279,-0.207
Zfp879,0.88667399,-0.037
Zfp454,0.33131064,-0.19
Zfp2,0.29683631,0.231
Zfp354b,0.76839416,0.076
4933414I15Rik,0.87322383,-0.036
Prop1,0.62715169,0.086
BC049762,0.26483197,-0.241
Hnrnpab,0.23790751,-0.115
Rmnd5b,0.60079424,-0.14
C330016O10Rik,0.55631734,-0.11
Sec24a,0.48849694,-0.112
Sec24a,0.93717106,-0.012
Phf15,0.37700794,0.218
Ube2b,0.3454959,0.158
Olfr1373,0.65770882,-0.108
Olfr1372-ps1,0.91738623,0.039
Olfr1371,0.6954392,-0.088
Tcf7,0.54554739,-0.11
Hspa4,0.29727671,-0.132
Leap2,0.41479874,0.302
Uqcrq,0.90461904,-0.016
Gm10447,0.76597114,0.092
Gm9837,0.46842229,-0.134
Ankrd43,0.77705389,0.06
Il4,0.33380472,-0.174
Il13,0.85224146,-0.04
Rad50,0.68224264,0.1
Irf1,0.74169337,0.076
Slc22a5,0.96413126,0.024
Slc22a21,0.80596621,-0.056
Slc22a4,0.36056215,-0.207
Pdlim4,0.87239338,0.029
Csf2,0.69280234,0.076
Il3,0.32797172,-0.229
Cdc42se2,0.44096463,0.192
Lyrm7,0.34430186,-0.25
Tnip1,0.32154881,-0.308
Anxa6,0.90011644,0.019
Affy_10385993,0.42099527,-0.196
Ccdc69,0.42432464,0.167
Atp5f1,0.50673076,-0.089
Slc36a3,0.80836546,0.063
Slc36a2,0.34305495,-0.179
Fat2,0.91003336,0.023
Sparc,0.50048812,-0.335
Atox1,0.83317468,0.051
Glra1,0.30138748,-0.167
Nmur2,0.6360163,-0.104
Snord1c,0.65218778,0.115
Fam114a2,0.086422589,0.35
Hand1,0.18760706,-0.254
Affy_10386115,0.11519192,-1.445
A430005L14Rik,0.77943784,0.063
Gemin5,0.68892655,-0.053
Affy_10386157,0.90967938,-0.02
Zfp672,0.12319049,0.446
Gm9900,0.45831569,0.176
Ndufs3,0.081939236,-0.226
4930504O13Rik,0.077505373,-0.481
Olfr30,0.43590985,-0.19
Affy_10386180,0.80905321,-0.053
Olfr332,0.75489254,-0.088
Olfr331,0.4678027,-0.127
Rpl24,0.99560956,0.001
Olfr330,0.94404406,-0.02
Olfr329-ps,0.89476372,0.021
Olfr328,0.20880516,-0.242
Olfr328,0.71128548,-0.108
2210407C18Rik,0.31618228,-0.195
Olfr323,0.62221485,-0.111
Olfr316,0.37484632,-0.184
Olfr317,0.64141111,0.106
Fam183b,0.74294022,0.067
Zfp39,0.21667248,0.648
Rnf187,0.77588166,-0.04
Hist3h2bb-ps,0.11641322,-0.243
Obscn,0.23449961,-0.254
Obscn,0.64728839,-0.085
A230051G13Rik,0.52451677,0.108
Affy_10386349,0.41696697,-0.142
Gjc2,0.77239325,0.06
Guk1,0.11816385,0.635
2310033P09Rik,0.34048419,-0.152
Arf1,0.82917297,0.028
Wnt3a,0.032248761,-0.507
Prss38,0.47378813,-0.14
Snap47,0.18086291,-0.216
Zfp867,0.37187378,0.268
Arih2,0.47974327,-0.176
Zkscan17,0.65615276,0.099
Zkscan17,0.28995306,-0.164
Olfr222,0.37790835,-0.228
Gm12261,0.62760838,-0.13
Olfr223,0.77628087,-0.061
Pld6,0.12594868,-0.253
Flcn,0.080938057,-0.366
Cops3,0.7388831,-0.042
Rasd1,0.56699057,-0.164
Pemt,0.94092294,-0.012
4930412M03Rik,0.28869572,-0.274
Srebf1,0.52643636,0.4
Tom1l2,0.61127837,0.057
Atpaf2,0.70286618,-0.051
LOC674295,0.43983676,-0.107
LOC674295,0.56860784,-0.117
LOC674295,0.67546315,-0.09
LOC674295,0.56860784,-0.117
LOC674295,0.56860784,-0.117
LOC674295,0.58261858,-0.115
LOC674295,0.73279299,-0.08
LOC674295,0.56860784,-0.117
Pabpc4,0.20753927,-0.263
LOC674295,0.64021469,-0.099
Pabpc4,0.25219961,-0.243
Flii,0.47532321,0.112
Top3a,0.77480132,0.046
Shmt1,0.60601732,-0.108
LOC100047860,0.74244302,0.119
Tmem11,0.58604431,-0.062
Gm16515,0.36699764,0.148
Gm16516,0.062791223,-0.378
Usp22,0.14120532,0.214
Aldh3a2,0.19156362,0.592
Slc47a2,0.013567873,-0.402
Slc47a1,0.58830656,-0.139
Gm12271,0.80155703,-0.054
Rnf112,0.18105631,-0.294
Mapk7,0.62164762,-0.08
3110043A19Rik,0.86087199,0.031
Epn2,0.90026338,0.027
Affy_10386756,0.44117863,0.236
Slc5a10,0.29910515,-0.291
Prpsap2,0.71187295,0.079
Ulk2,0.91563213,-0.017
A530017D24Rik,0.47397511,0.104
Akap10,0.15640868,0.256
Zswim7,0.34520895,0.193
Ncor1,0.45464792,-0.099
Cenpv,0.72775782,0.058
BC046404,0.71782833,-0.074
Zfp287,0.01624718,0.254
Wsb2,0.47852781,-0.208
Zfp286,0.6082389,-0.096
Gapdh,0.75683427,0.058
Hmgb1,0.59779618,0.081
Hs3st3b1,0.5455539,-0.131
Cox10,0.6068036,-0.078
Hs3st3a1,0.45115692,-0.202
AU040829,0.040138363,-0.407
Affy_10386990,0.80729329,0.044
1700086D15Rik,0.8837084,-0.028
Myocd,0.59083262,-0.108
Map2k4,0.6251773,0.073
Dnahc9,0.30661976,-0.172
Shisa6,0.97617922,-0.005
Gm12298,0.68441838,0.091
2310004I24Rik,0.15197794,0.236
Glp2r,0.45227521,-0.161
Usp43,0.010224602,-0.504
Wdr16,0.60913003,-0.131
Ntn1,0.56233214,-0.119
Ndel1,0.56251896,-0.09
Odf4,0.78289485,-0.06
Arhgef15,0.32319398,0.184
Rangrf,0.84993419,0.039
Pfas,0.6370937,-0.176
2310047M10Rik,0.96724093,0.009
9130213A22Rik,0.069146219,-0.408
Alox8,0.71576792,-0.083
Gucy2e,0.25876336,-0.241
Cntrob,0.46497325,0.127
Chd3,0.21239903,-0.359
Cyb5d1,0.31556251,0.236
Tmem88,0.81660795,-0.044
Kdm6b,0.35711467,-0.246
Dnahc2,0.19423997,-0.207
Efnb3,0.78099414,-0.052
Wrap53,0.083115121,0.435
Atp1b2,0.40801191,-0.109
Affy_10387514,0.45706212,-0.19
Shbg,0.84535633,0.042
Mpdu1,0.15942293,0.701
Cd68,0.29375843,0.489
Eif4a1,0.96644256,-0.006
Affy_10387557,0.02570136,-0.41
Senp3,0.4619314,-0.135
Tnfsf12-Tnfsf13,0.53016693,0.192
Polr2a,0.49238778,-0.128
Amac1,0.11844202,-0.3
Chrnb1,0.57641,-0.116
Fgf11,0.7008509,0.061
Tmem102,0.94972692,0.017
4933402P03Rik,0.87452934,0.045
Spem1,0.18304853,-0.206
Nlgn2,0.016044161,-0.358
Tnk1,0.15358335,-0.289
Kctd11,0.60037988,0.08
Acap1,0.088961947,0.294
2810408A11Rik,0.46794681,0.181
Eif5a,0.98802296,0.003
Slc2a4,0.66345947,-0.097
Rai12,0.31484893,0.154
Acadvl,0.92221181,-0.016
Slc16a13,0.47205188,0.229
Bcl6b,0.93348474,0.024
0610010K14Rik,0.51537309,0.166
Rnasek,0.50834773,0.239
Alox12,0.38872324,0.238
Alox12e,0.10614096,-0.286
Alox15,0.33065868,-0.246
Pelp1,0.23032592,0.221
Cxcl16,0.69130638,0.217
Vmo1,0.82089607,0.057
Pld2,0.55596994,-0.12
Chrne,0.24768622,-0.241
Slc25a11,0.12925828,-0.244
Pfn1,0.89029274,-0.03
Spag7,0.24323593,0.25
Camta2,0.34434335,-0.16
Inca1,0.85097993,0.041
Affy_10387983,0.64898905,0.086
A430084P05Rik,0.57125988,0.226
Nup88,0.96713561,-0.006
C1qbp,0.6425555,0.132
Dhx33,0.78388947,0.078
Affy_10388031,0.8886325,-0.04
Derl2,0.92897524,0.031
LOC728392,0.3185508,-0.283
Rbm7,0.19435915,0.864
Nlrp1a,0.6483689,-0.092
Nlrp1b,0.43971327,0.14
Nlrp1c-ps,0.46330462,0.324
Aipl1,0.23968515,-0.229
Pitpnm3,0.69899297,0.062
4933427D14Rik,0.42699755,-0.11
Med31,0.36218556,0.254
Slc13a5,0.40256374,-0.321
Tekt1,0.44341798,0.204
Smtnl2,0.64179602,0.1
Spns2,0.078472766,0.395
Spns3,0.099165159,-0.375
Affy_10388225,0.78275732,0.079
Cyb5d2,0.13386116,-0.352
Gsg2,0.34091978,0.208
Tmem93,0.57038183,-0.095
Ctns,0.84904762,0.042
Aspa,0.46751321,0.223
Affy_10388263,0.84432997,-0.055
Olfr1,0.29487209,-0.205
Olfr378,0.96817593,-0.006
Affy_10388269,0.096198238,-0.527
Olfr380,0.61339054,0.072
Olfr381,0.2134162,-0.223
Olfr382,0.79399949,-0.056
Affy_10388278,0.048791532,-0.34
Olfr385,0.79935182,0.036
Affy_10388282,0.38947516,0.175
Olfr389,0.91928319,0.02
Olfr391-ps,0.74539168,0.057
Olfr392,0.38039186,0.129
Olfr393,0.4181237,-0.133
Olfr394,0.2250866,0.207
Olfr395,0.80385777,0.049
Olfr398,0.5820743,0.152
Olfr139,0.98382788,-0.004
Olfr399,0.81334333,-0.048
Olfr43,0.42578179,0.206
Affy_10388304,0.078887311,-0.406
Olfr410,0.11476116,-0.26
Olfr411,0.98515783,0.004
Rap1gap2,0.99729639,-0.001
Pafah1b1,0.24518425,0.15
Sgsm2,0.42146659,0.139
Srr,0.19333703,0.264
Hic1,0.795167,0.041
Dph1,0.3627174,0.132
Rpa1,0.62315046,0.091
Serpinf1,0.50387094,-0.085
Serpinf2,0.21505908,-0.234
Wdr81,0.58285803,-0.069
Cox7c,1,0
Doc2b,0.52167132,-0.14
Rph3al,0.46307792,-0.156
Fam101b,0.88726131,0.036
Vps53,0.40255025,0.114
Gemin4,0.91834669,-0.023
Glod4,0.48088181,-0.201
Nxn,0.32499688,0.17
Abr,0.79759299,-0.102
Gosr1,0.65886137,-0.044
Cpd,0.73410434,0.12
Ccdc55,0.81714581,-0.038
Mir423,0.7764439,-0.046
Efcab5,0.25077838,-0.22
Ankrd13b,0.19141634,-0.219
Trp53i13,0.87419294,-0.029
Abhd15,0.57238948,-0.12
Taok1,0.92556256,0.025
Taok1,0.74167763,0.052
LOC100038422,0.24517535,0.171
Cryba1,0.088494927,-0.292
Gm10277,0.63112321,-0.132
Pipox,0.61782285,-0.103
Gm11190,0.38235193,-0.246
Dhrs13,0.95206186,-0.014
Eral1,0.52215669,0.126
Lsm6,0.32806286,0.253
BC017647,0.31513437,0.151
Traf4,0.46267756,-0.101
Nek8,0.89515423,0.021
Rpl23a,0.93813856,-0.008
Affy_10388782,0.079489083,0.448
Rpl23a,0.67845631,-0.135
Supt6h,0.68867371,0.056
Foxn1,0.88790685,-0.036
Slc13a2,0.28831894,-0.38
Sarm1,0.95359603,0.01
Tmem199,0.9506392,0.012
Tnfaip1,0.50433031,0.11
Tmem97,0.81594698,0.071
Nlk,0.5587111,-0.071
Affy_10388896,0.9594941,0.008
Fam58b,0.8771279,0.039
Lgals9,0.79142915,0.056
Ksr1,0.68800777,-0.058
Wsb1,0.97327994,0.016
Gm9964,0.84300345,0.032
Omg,0.75994868,0.055
Evi2a,0.3858719,0.412
Affy_10388969,0.8533404,-0.036
Utp6,0.72883699,0.062
Gm10386,0.19936704,-0.451
Crlf3,0.61873827,0.123
1110002N22Rik,0.49615571,0.131
5730455P16Rik,0.84398621,0.039
Myo1d,0.2723192,0.35
Myo1d,0.18715178,0.398
Accn1,0.40086423,-0.144
1700071K01Rik,0.47931559,0.146
Ccl1,0.62299684,-0.095
Affy_10389070,0.48088171,0.133
Cct6b,0.18967533,0.204
Rffl,0.40863066,0.104
Rad51l3,0.029097942,0.319
Nle1,0.75717588,-0.062
Unc45b,0.64380227,-0.132
Unc45b,0.20029351,0.272
Slfn9,0.71323095,0.114
Slfn8,0.77963248,0.114
Slfn10-ps,0.9802068,0.006
Rpl12,0.52733613,-0.109
Pex12,0.37718502,0.186
Gas2l2,0.67679344,-0.109
Mmp28,0.12502632,-0.302
Gm11435,0.65391653,0.085
Ccl5,0.73933106,0.168
Ccl9,0.29180933,-1.038
Ccl6,0.22385495,0.482
Rpl9,0.84702658,-0.029
Ccl3,0.79864813,0.223
Dusp14,0.21752831,-0.267
Tada2a,0.63276679,-0.074
Gm11437,0.36929053,0.462
Aatf,0.12600626,0.309
Lhx1,0.13211719,-0.335
Mrm1,0.093874441,-0.333
Dhrs11,0.33607457,0.711
Ggnbp2,0.65370466,0.052
Pigw,0.60226132,-0.076
Znhit3,0.67712633,0.102
Usp32,0.24609622,0.192
Appbp2,0.6284465,0.08
Ppm1d,0.7127179,0.067
Gm10372,0.63368898,-0.101
Gm11444,0.86875146,-0.032
Brip1,0.87638263,-0.042
Ints2,0.59340487,0.11
Med13,0.64253533,-0.058
Affy_10389482,0.85089527,0.03
Rps6kb1,0.31983926,-0.157
Gm9975,0.23416994,-0.206
Tmem49,0.61631764,0.096
Rpl13a,0.76374452,0.067
Affy_10389524,0.52670655,0.269
Cltc,0.63425643,0.062
Dhx40,0.1850751,0.664
Ypel2,0.017223064,0.528
Gdpd1,0.19286157,-0.436
1200011M11Rik,0.29367958,-0.169
Prr11,0.17082083,0.385
Ppm1e,0.10901463,-0.361
Affy_10389625,0.8346542,0.046
Rad51c,0.77191962,0.066
Lpo,0.3720501,-0.228
Epx,0.59231104,-0.132
Olfr462,0.50283218,-0.161
Olfr463,0.3784699,-0.17
Olfr464,0.38894789,-0.2
Dynll2,0.48019763,0.151
Msi2,0.95126252,-0.013
Msi2,0.45230985,0.192
Akap1,0.16590979,0.35
Affy_10389717,0.11006278,-2.91
Scpep1,0.80417539,-0.047
Gm15698,0.55971401,-0.27
2210409E12Rik,0.20969884,-0.257
Dgke,0.035137981,0.386
Nog,0.93867121,0.018
4932411E22Rik,0.95889405,0.009
Ankfn1,0.87052804,-0.03
Pctp,0.2724011,0.596
Gm10276,0.091581512,0.84
Hlf,0.22446599,-0.321
Stxbp4,0.67405668,-0.183
Stxbp4,0.83926239,0.039
Tom1l1,0.12705741,0.243
Kif2b,0.55394797,-0.145
Affy_10389839,0.70309308,-0.069
Utp18,0.31336113,0.223
Nme2,0.5341472,0.143
Nme1,0.64920394,0.108
Rpl27,0.53079035,0.082
Wfikkn2,0.5919533,-0.107
Wfikkn2,0.23083981,-0.246
Luc7l3,0.87577762,-0.037
Abcc3,0.22559527,0.408
Cacna1g,0.57046903,-0.125
Spata20,0.26787283,-0.253
Epn3,0.17013002,-0.241
Mycbpap,0.79030531,0.042
Rsad1,0.94871704,-0.014
Acsf2,0.8541011,-0.036
Eme1,0.85007078,0.042
Xylt2,0.7956856,0.046
Gm11541,0.27963743,-0.208
Gm11545,0.18623597,-0.278
Tmem92-ps,0.072804578,-0.406
A430060F13Rik,0.99636212,-0.001
Sgca,0.20944839,-0.238
Pdk2,0.92953615,-0.018
Itga3,0.37486694,0.138
Dlx4,0.86796028,0.028
Kat7,0.24415802,0.164
Nxph3,0.75796759,-0.083
Ngfr,0.46524695,-0.136
Gm9796,0.31772861,-0.208
Abi3,0.1676253,0.333
B4galnt2,0.82391457,-0.038
Igf2bp1,0.44119704,-0.114
Igf2bp1,0.94343885,0.014
Ube2z,0.29376055,-0.104
Atp5g1,0.43993218,-0.182
Affy_10390244,0.38984006,0.126
Calcoco2,0.28292464,-0.249
Gm11536,0.78733191,-0.056
Gm11529,0.06535558,-0.391
Snx11,0.53352147,-0.108
Gm11517,0.20572017,-0.4
Nfe2l1,0.33243182,0.166
Cdk5rap3,0.46468079,0.141
Pnpo,0.90575532,-0.025
Sp2,0.95302825,-0.011
Lrrc46,0.4779329,-0.114
Tbx21,0.53493467,-0.143
Tbkbp1,0.43285512,-0.17
Kpnb1,0.12178664,0.216
Npepps,0.95173712,-0.01
Gpr179,0.50707339,-0.156
Arhgap23,0.91326237,0.027
Srcin1,0.38994823,-0.189
C17orf96,0.49292328,-0.135
Pcgf2,0.56496545,-0.126
Pip4k2b,0.15362022,0.206
Cwc25,0.26051373,0.154
1700001P01Rik,0.26742882,-0.225
Rpl23,0.30231491,0.226
Snora21,0.43433206,0.223
Fbxo47,0.29789345,0.243
Plxdc1,0.1791874,-0.274
Arl5c,0.80419398,0.062
Cacnb1,0.81437323,-0.049
Stac2,0.31042599,-0.202
Fbxl20,0.7567141,-0.047
Med1,0.83928678,-0.03
Neurod2,0.71403623,-0.058
Pgap3,0.51353516,0.131
1810046J19Rik,0.43389998,-0.186
Ikzf3,0.50663456,0.17
Affy_10390651,0.38671309,-0.177
Med24,0.025978077,0.365
Ormdl3,0.63503075,0.091
Nr1d1,0.30345563,-0.577
Msl1,0.93492538,-0.017
Gjd3,0.16064694,-0.375
Top2a,0.021223311,0.629
Top2a,0.6791113,0.115
Tns4,0.65439652,-0.093
Ccr7,0.88873749,-0.033
Smarce1,0.32450864,0.151
Krt222,0.24986624,-0.234
Krt24,0.92449898,-0.019
Krt25,0.79096549,-0.051
Krt26,0.97486042,0.006
Krt27,0.82101549,-0.051
Krt28,0.92313576,-0.016
Krt10,0.29494746,-0.198
Krt12,0.06915209,-0.325
Krt20,0.26595921,0.183
Krt23,0.46132813,0.477
Krt39,0.51206138,0.118
Krt40,0.92703177,0.017
Krtap3-3,0.14883086,-0.362
Krtap3-2,0.11624716,-0.369
Krtap3-1,0.96584234,0.009
Krtap1-5,0.13447634,-0.246
Krtap1-4,0.51335546,-0.149
Krtap1-3,0.4714926,-0.173
Krtap9-3,0.12892811,-0.369
Krtap2-4,0.10069072,-0.432
Krtap2-4,0.090397637,-0.455
Krtap2-4,0.085508329,-0.479
Krtap2-4,0.085508329,-0.479
Krtap4-1,0.54330631,-0.184
Krtap4-2,0.080610772,-0.343
Krtap4-7,0.57536711,-0.148
Krtap4-7,0.48087141,-0.252
Gm11563,0.29515099,-0.271
Krtap4-6,0.86420947,-0.042
Krtap4-13,0.31014227,-0.203
Krtap4-13,0.27548047,-0.232
Gm11564,0.24254336,-0.352
Gm11556,0.6844096,-0.068
Krtap4-16,0.80229686,-0.034
Krtap17-1,0.15531031,-0.458
Krt33a,0.37902056,0.204
Krt33b,0.70980715,-0.086
Krt34,0.60735993,-0.104
Krt31,0.079628304,-0.447
Krt32,0.33782697,-0.137
Krt35,0.47771227,-0.156
Krt36,0.91791551,0.023
Krt13,0.54527494,-0.169
Krt15,0.51851656,-0.133
Krt19,0.36255416,0.186
Krt9,0.97232884,0.007
Krt14,0.5830302,-0.091
Krt16,0.75524814,0.093
Krt17,0.16284656,-0.279
Krt42,0.11473473,-0.36
Hap1,0.53953085,-0.137
Atp5g1,0.43269658,-0.19
Jup,0.54109601,0.118
1110036O03Rik,0.81539372,-0.04
Nt5c3l,0.015036816,-0.571
Klhl11,0.24190662,-0.199
Acly,0.38051904,0.585
Dnajc7,0.71873691,-0.053
Zfp385c,0.52005797,-0.152
Dhx58,0.97468141,0.017
Kat2a,0.43518101,0.082
Rab5c,0.23578086,-0.134
Kcnh4,0.14863115,-0.351
Hcrt,0.74985306,-0.064
Ghdc,0.15705112,-0.189
Stat5b,0.42994843,0.145
Stat3,0.78992667,0.068
Ptrf,0.68772733,0.076
Psmc3ip,0.21383505,-0.211
Fam134c,0.9844063,-0.003
Plekhh3,0.54975402,0.115
Ccr10,0.20347302,-0.258
Ezh1,0.40337469,0.126
D830013H23Rik,0.48714101,-0.184
Ccdc56,0.33810388,0.188
Becn1,0.77693843,-0.034
Gm11619,0.35337157,0.479
Affy_10391429,0.12059605,0.245
Aarsd1,0.3052399,0.139
1700113I22Rik,0.30444889,-0.235
Vat1,0.75262579,0.099
Brca1,0.88516054,-0.02
Rnu2,0.60229441,0.242
Etv4,0.35814464,-0.228
Meox1,0.018420315,-0.379
Sost,0.428637,-0.174
Dusp3,0.050823413,0.577
Mpp3,0.56630439,-0.1
Mpp2,0.036362007,-0.484
Ppy,0.32823519,-0.238
Pyy,0.78837034,-0.058
Tmem101,0.089542414,-0.314
Lsm12,0.58061992,-0.075
Hdac5,0.19800914,0.192
Affy_10391610,0.15586092,-0.4
Atxn7l3,0.74980557,-0.068
Ubtf,0.78187687,-0.042
Slc4a1,0.089809918,-0.289
Slc25a39,0.77515744,-0.047
Fam171a2,0.37335512,-0.171
Itga2b,0.21710606,-0.241
Gpatch8,0.31579084,0.18
Gpatch8,0.97871098,0.004
Gpatch8,0.88453749,-0.025
Gpatch8,0.073163018,0.401
Gpatch8,0.51940063,0.097
Psmb5,0.94391831,-0.018
Ccdc43,0.17500413,-0.205
Gjc1,0.36337568,-0.133
Eftud2,0.57042556,0.077
Gfap,0.1228055,-0.345
Kif18b,0.81178967,-0.047
C1ql1,0.62035382,0.094
Dcakd,0.68109994,-0.075
Plcd3,0.41245894,-0.233
1700023F06Rik,0.33508951,-0.186
4933400C05Rik,0.56709274,-0.137
Map3k14,0.90878413,-0.022
Arhgap27,0.91443704,-0.026
Sh3d20,0.97252141,-0.007
Plekhm1,0.40563101,0.138
Lrrc37a,0.90801592,0.022
Gm884,0.89561265,0.029
Lyzl6,0.93721689,-0.016
Gosr2,0.20368781,-0.385
Wnt9b,0.88602276,0.036
Nsf,0.2755075,0.176
Taf1d,0.88187329,-0.046
Affy_10391987,0.14982015,-0.274
1700081L11Rik,0.65160675,0.052
1700081L11Rik,0.66503324,0.083
Cdc27,0.88397458,0.028
Affy_10392033,0.96005753,-0.012
1700052K11Rik,0.052611295,-0.348
10-Mar,0.42271598,-0.172
Cyb561,0.14558313,0.657
Limd2,0.31161802,-0.23
Strada,0.108701,0.301
Ccdc47,0.62220509,0.08
Ddx42,0.39634085,0.194
Ftsj3,0.52188817,0.109
Smarcd2,0.93350737,0.012
Gh,0.52344895,-0.118
Cd79b,0.67852513,0.121
Scn4a,0.55342416,-0.107
Icam2,0.49395216,0.123
Ern1,0.411246,-0.222
Tex2,0.43489204,0.107
Pecam1,0.71663235,0.094
Polg2,0.95109413,-0.01
Ddx5,0.22651131,-0.212
Smurf2,0.33818045,-0.246
Smurf2,0.51738988,-0.1
Affy_10392282,0.56938055,-0.08
Kpna2,0.6461683,0.096
Affy_10392297,0.87850555,-0.036
Bptf,0.97384091,0.005
Bptf,0.72524409,0.064
Nol11,0.46211451,0.156
Pitpnc1,0.060578864,0.355
Cacng1,0.21037135,-0.272
Cacng4,0.35504277,-0.154
Cacng5,0.13043124,-0.306
Prkca,0.4361402,0.28
Gm10838,0.39642142,-0.174
Affy_10392413,0.32217468,-0.39
Rgs9,0.8776028,-0.025
Gm11696,0.83654717,-0.046
Slc16a6,0.69157246,-0.154
Wipi1,0.95039319,0.014
Fam20a,0.96313126,0.009
1700012B07Rik,0.88941293,-0.03
Abca8b,0.93441507,0.026
Abca8a,0.85820318,-0.084
Abca9,0.53618763,-0.188
Abca6,0.88657979,-0.029
Abca5,0.27680802,-0.236
Gm10836,0.81427431,-0.054
BC006965,0.23094745,-0.166
BC006965,0.98792333,-0.002
Gm11681,0.23770398,-0.286
Slc39a11,0.73493791,-0.055
D11Wsu99e,0.17730203,-0.184
Cpsf4l,0.8517797,-0.057
Cdc42ep4,0.83660232,0.033
Sdk2,0.29410181,-0.239
4932435O22Rik,0.13536157,-0.316
Btbd17,0.49851969,-0.136
Cd300lb,0.44641913,0.143
Cd300c,0.027394684,-0.501
Cd300ld,0.42496645,0.399
AF251705,0.40040252,0.278
Affy_10392822,0.11135131,-0.655
Gm11711,0.23001039,-0.964
Gm11711,0.24318727,-0.933
Cd300e,0.11795158,0.755
Cd300lf,0.86740943,0.023
Nat9,0.8302819,-0.039
Grin2c,0.36621767,-0.244
Fdxr,0.83439404,-0.035
Fads6,0.8055996,-0.037
Ush1g,0.8042349,0.039
C630004H02Rik,0.20284501,-0.168
Atp5h,0.43088932,0.171
Nt5c,0.61564391,0.124
Hn1,0.65715807,0.113
Sumo2,0.92350178,-0.014
Gga3,0.21726042,-0.237
Mif4gd,0.20549677,0.359
Slc25a19,0.72381786,0.128
Grb2,0.54361294,-0.103
Gm9104,0.77841281,-0.03
Caskin2,0.86367558,0.03
Recql5,0.9214988,0.015
Itgb4,0.2200711,-0.251
Galk1,0.55078124,0.184
H3f3b,0.35155782,0.182
Unc13d,0.17062734,-0.266
Wbp2,0.546748,0.098
Trim47,0.6164319,0.099
Trim65,0.90042827,-0.029
Mrpl38,0.43926788,-0.13
Fbf1,0.40589622,0.23
St6galnac2,0.16034389,-0.288
Acox1,0.13492102,0.863
Evpl,0.52857923,-0.134
Srp68,0.5046244,-0.12
Affy_10393239,0.9533727,0.011
Exoc7,0.69164403,0.059
Affy_10393264,0.4387947,-0.279
Foxj1,0.83936351,0.03
Rnf157,0.87781684,0.036
Qrich2,0.39279875,-0.24
Prpsap1,0.6285435,0.116
Ube2o,0.6418745,0.067
Rhbdf2,0.29633043,0.274
Cygb,0.91951389,0.025
St6galnac1,0.6987285,-0.144
Mxra7,0.29967089,0.253
Jmjd6,0.19721231,-0.198
Srsf2,0.13022034,-0.285
Affy_10393404,0.97472394,-0.006
Gm8624,0.87953974,0.038
Tmc6,0.83292613,0.039
Tk1,0.94361356,-0.022
Tha1,0.41219858,-0.184
Socs3,0.090743473,-0.546
Dnahc17,0.78515274,-0.056
Usp36,0.009618317,-0.433
Dnahc17,0.93898334,0.018
Cyth1,0.39694895,0.178
Timp2,0.5151456,-0.243
Ddc8,0.49148644,0.126
Lgals3bp,0.69408718,0.178
Cant1,0.44161899,-0.131
Affy_10393591,0.88488044,0.031
Rbfox3,0.3333946,-0.244
Cbx8,0.5725058,0.114
Cbx4,0.20507241,-0.271
Tbc1d16,0.86466102,-0.028
Eif4a3,0.64832731,0.13
Sgsh,0.9195369,0.016
Nptx1,0.006986084,-0.847
Aatk,0.51533847,-0.144
Mir338,0.49996727,-0.193
Azi1,0.16302327,-0.296
2410002I01Rik,0.69285123,0.056
Slc38a10,0.37203343,0.192
2810410L24Rik,0.78897741,-0.052
2900052L18Rik,0.23462327,0.275
Actg1,0.058142259,0.535
2310003H01Rik,0.16677587,-0.208
Nploc4,0.19292826,-0.158
Pde6g,0.5160085,-0.125
1810049H13Rik,0.82775395,-0.037
Arl16,0.50550618,-0.096
Fam195b,0.34668084,-0.128
Dysfip1,0.57789534,-0.126
P4hb,0.4591766,0.165
Arhgdia,0.56060932,0.179
Thoc4,0.58490442,0.113
Pcyt2,0.48169711,0.139
Sirt7,0.7538505,0.061
Mafg,0.057410077,0.59
Mafg,0.62605973,0.075
Mafg,0.66611021,0.053
Pycr1,0.018362083,-0.418
Myadml2,0.59161185,-0.12
Notum,1,0
Stra13,0.7315231,0.068
Dcxr,0.94319323,-0.018
Cbr2,0.10739809,-0.365
Rfng,0.76310946,-0.056
Dus1l,0.76059656,-0.054
Fasn,0.28067068,1.016
Ccdc57,0.26173728,-0.198
Csnk1d,0.52900274,-0.063
Cd7,0.84867047,0.041
Sectm1b,0.12742188,-0.379
Sectm1a,0.23454555,-0.372
Tex19.2,0.41120822,-0.182
Affy_10394080,0.82672085,0.04
Hexdc,0.91138352,0.022
BC017643,0.66883541,0.055
Wdr45l,0.97522559,-0.008
Rab40b,0.53372746,-0.134
Zfp750,0.80217323,0.058
B3gntl1,0.88601126,0.025
Hmgb1,0.55457791,0.099
1700012B15Rik,0.38870483,-0.145
Kif3c,0.35286307,-0.192
Asxl2,0.93233076,0.011
Dtnb,0.49135857,-0.124
Dnmt3a,0.14397516,-0.193
Affy_10394238,0.18339872,0.441
Pomc,0.23892234,-0.25
Dnajc27,0.011606663,-0.366
Adcy3,0.91204911,-0.023
Cenpo,0.60534041,-0.093
2410017P09Rik,0.94938215,-0.016
Itsn2,0.61763535,-0.072
Pfn4,0.88647254,0.03
Affy_10394344,0.67105474,-0.144
Affy_10394346,0.25911689,-0.173
0610009D07Rik,0.78450395,-0.068
BC068281,0.64537262,-0.058
Atad2b,0.23724191,0.2
Atad2b,0.62364959,-0.09
2810032G03Rik,0.83474124,0.048
Nfyc,0.25222138,0.143
Apob,0.11328557,-0.152
C2orf43,0.53640001,0.11
Hs1bp3,0.28828151,-0.108
Pum2,0.53597944,0.093
Sdc1,0.15293574,0.37
Laptm4a,0.01270221,-0.267
Matn3,0.1298306,-0.295
Wdr35,0.73625439,-0.091
Ttc32,0.83505878,0.055
Ube2f,0.57534214,-0.095
Osr1,0.26327346,-0.211
Acaca,0.18345632,0.667
Nt5c1b,0.29385918,-0.196
Rdh14,0.28755776,0.273
Rpl29,0.51870332,-0.144
Smc6,0.83751615,-0.039
Rpl15,0.076964576,-0.305
Fam49a,0.2533578,0.522
Rpl36,0.38500828,-0.129
Nbas,0.60424997,-0.158
Affy_10394625,0.86353585,-0.027
Nbas,0.34362619,0.177
Gm16497,0.80157904,0.058
Socs2,0.53794713,-0.502
Affy_10394676,0.79142519,-0.027
Affy_10394678,0.7009058,0.066
Gm9202,0.17522885,-0.261
LOC633944,0.88751274,0.033
Ntsr2,0.13705256,-0.319
E2f6,0.23850875,-0.315
Rock2,0.60366781,-0.124
Rock2,0.080801937,0.63
Rps23,0.90742282,0.016
Pdia6,0.35718891,-0.434
Nol10,0.59261943,-0.108
Odc1,0.32916122,0.45
LTR_Affy_10394776,0.23608111,1.462
Hpcal1,0.17811182,0.379
1700030C10Rik,0.35017504,0.581
1700030C10Rik,0.35017504,0.581
B430203G13Rik,0.099833478,0.428
LOC236260,0.46673218,0.261
Gm4983,0.57149963,-0.128
Gm9229,0.96967175,-0.014
Bnip3l,0.82787177,0.044
5730507C01Rik,0.70977698,-0.092
5730507C01Rik,0.86854566,0.035
Gm9282,0.67202084,0.103
LOC677548,0.2441954,0.194
Gm9282,0.67202084,0.103
LOC677548,0.13367396,-0.495
LOC677565,0.43602888,0.188
Affy_10394823,0.14853365,0.342
Affy_10394827,0.54846591,-0.123
Affy_10394829,0.3106017,-0.166
Gm5784,0.52659432,-0.21
2410018L13Rik,0.80769559,-0.063
LOC100043371,0.93369854,-0.01
Gm16476,0.34234734,0.368
LOC100043371,0.85977937,0.038
Affy_10394850,0.056342638,-0.433
Gm9306,0.43928553,0.16
Affy_10394858,0.31529658,-0.263
B230354O11Rik,0.12343714,-0.332
Asap2,0.59576734,0.167
Cpsf3,0.93663277,-0.012
Affy_10394912,0.71378319,0.065
Iah1,0.34536366,0.169
Gm6950,0.65417248,-0.097
Affy_10394926,0.70346249,-0.059
Gm9292,0.96133374,0.017
2410018L13Rik,0.43965088,-0.33
2410018L13Rik,0.19674477,-0.162
Affy_10394936,0.1038965,-0.404
ENSMUSG00000076977,0.42268139,-0.206
Affy_10394940,0.54846591,-0.123
Taf1b,0.74106832,-0.119
Grhl1,0.17267933,-0.28
Klf11,0.43834232,0.234
Rrm2,0.32826532,0.555
Affy_10394988,0.53794619,0.15
Mboat2,0.53632922,-0.112
Kidins220,0.54022365,0.159
Cmpk2,0.88371245,-0.085
Rnaseh1,0.63028955,0.068
Adi1,0.82001997,0.061
Tssc1,0.004554122,0.686
Myt1l,0.19764469,-0.257
Pxdn,0.31059612,0.196
Tmem18,0.29609023,-0.36
Fam150b,0.51542156,-0.132
Sh3yl1,0.3958282,-0.222
Fam110c,0.044903319,0.431
6030469F06Rik,0.73235962,-0.073
Lamb1,0.25772092,0.237
Gm9359,0.42997854,0.19
Slc26a3,0.48752653,-0.148
Gm10473,0.62423807,0.124
Cog5,0.069402654,0.27
Affy_10395250,0.67945561,-0.09
Ccdc71l,0.19115562,0.315
Ccdc71l,0.9675421,-0.012
Nampt,0.722182,-0.131
Gdap10,0.73792934,-0.144
LOC280487,0.17746195,2.12
Sypl,0.32099384,0.173
Atxn7l1,0.64487429,0.11
Atxn7l1,0.41414199,0.16
Efcab10,0.61719141,-0.106
Twistnb,0.4028426,0.215
Ferd3l,0.41317685,-0.195
Twist1,0.66907081,0.1
Prps1l1,0.48994667,0.165
Snx13,0.47613331,0.114
Agr3,0.96464012,0.008
Agr2,0.29357756,0.215
Gm5434,0.88361086,-0.057
Ankmy2,0.070284483,0.294
Sostdc1,0.52821257,-0.093
Ispd,0.78353764,0.055
Meox2,0.33180405,0.157
Tmem195,0.57078647,-0.122
Dgkb,0.62501228,0.083
Etv1,0.58890493,-0.155
Ifrd1,0.6583718,-0.076
Dock4,0.37042111,0.158
Immp2l,0.083270088,0.642
Affy_10395529,0.7990683,-0.058
Affy_10395532,0.78014334,-0.045
LOC100047081,0.41507582,-0.21
Pnpla8,0.87661936,-0.028
Nrcam,0.19649862,-0.224
Gm9921,0.82091249,-0.048
Affy_10395594,0.53782163,-0.118
Foxg1,0.10751876,-0.284
Gm9804,0.39186871,-0.154
Gm10468,0.39138601,0.191
Affy_10395608,0.84372238,-0.035
Gm9808,0.92849897,0.018
G2e3,0.16169597,0.396
Scfd1,0.86586816,0.038
Coch,0.54502205,-0.111
Ap4s1,0.27588421,-0.131
Gm5785,0.26478936,0.227
Nubpl,0.70768142,0.122
Arhgap5,0.42049385,0.21
Akap6,0.66306205,0.082
Npas3,0.57026336,0.064
Npas3,0.57361826,-0.151
Affy_10395735,0.20703294,-0.187
Rpl21,0.82535555,-0.028
Srp54b,0.29082044,0.422
Fam177a,0.38765815,0.292
Fam177a,0.38765815,0.292
Srp54c,0.31275753,0.388
Fam177a,0.5729973,0.213
Kiaa0391,0.48114089,-0.112
Psma6,0.80748365,0.035
Aldoart2,0.56036205,-0.134
Insm2,0.37636044,-0.22
Ralgapa1,0.85191509,-0.04
Brms1l,0.86397098,-0.038
Affy_10395845,0.7868803,0.046
Affy_10395847,0.70656311,-0.074
Pax9,0.92846539,-0.021
Gm5081,0.13261452,0.303
4921506M07Rik,0.16040057,0.43
Affy_10395875,0.70261579,-0.101
Sstr1,0.52856407,-0.209
Sip1,0.53110919,-0.116
Affy_10395908,0.094767169,0.867
Pnn,0.47301971,-0.121
Rps2,0.26183617,0.32
Mia2,0.62997295,0.171
Ctage5,0.72306441,0.062
Affy_10395953,0.62560227,-0.111
Affy_10395956,0.48624691,-0.105
Lrfn5,0.10913798,-0.265
Affy_10395971,0.69533251,0.089
Affy_10395974,0.034473003,-0.406
Dnajb6,0.5912303,-0.076
Gm527,0.011247854,-0.641
Fam179b,0.6959391,0.079
Prpf39,0.84263723,0.046
Fancm,0.57620965,0.107
Wdr20b,0.64102632,0.078
Rpl17,0.77081882,-0.03
Affy_10396062,0.76998349,-0.049
Txndc9,0.81493514,-0.054
Affy_10396066,0.22417665,-0.15
Ppil5,0.84998597,0.033
Mgat2,0.2424263,0.248
C14orf104,0.546788,-0.127
Klhdc1,0.06442626,-0.309
Klhdc2,0.091010341,0.358
Arf6,0.86122462,0.029
Affy_10396110,0.98921354,-0.015
Atp5s,0.44320056,0.156
4930512B01Rik,0.94542948,-0.015
Atl1,0.62253112,0.112
Affy_10396141,0.89420132,0.02
Atl1,0.29424833,-0.252
Gm9997,0.52544678,-0.18
Abhd12b,0.44103943,0.094
Tmx1,0.73312968,-0.053
Frmd6,0.92071038,-0.026
Gm10457,0.33553959,-0.192
Actr10,0.67720187,-0.075
Psma3,0.62134459,0.092
Arid4a,0.89576908,-0.024
Tomm20l,0.4179039,-0.156
2700049A03Rik,0.066757638,0.355
Dact1,0.58728031,0.19
Daam1,0.88406356,0.022
Jkamp,0.60759491,0.097
Lrrc9,0.70903447,-0.067
AK076035,0.47763719,0.113
Ppm1a,0.93382242,-0.013
Six6,0.33262409,-0.284
Mnat1,0.62616284,0.088
Slc38a6,0.43139527,0.169
Prkch,0.61098052,0.153
Affy_10396419,0.34373053,0.26
Hif1a,0.92292553,0.014
Gm5068,0.44949264,0.263
Snapc1,0.63654072,0.1
Syt16,0.84574088,-0.029
1700086L19Rik,0.062454048,-0.355
Dbpht2,0.42326096,-0.2
Rhoj,0.031616845,0.448
Syne2,0.88797905,-0.028
Syne2,0.63399166,0.068
Syne2,0.98575461,0.004
Syne2,0.61691573,-0.129
Mthfd1,0.31459483,0.174
Akap5,0.6409733,0.092
Zbtb1,0.7517107,0.088
Hspa2,0.98574843,-0.004
Gm70,0.34166078,-0.174
Gm10451,0.96457053,0.007
Plekhg3,0.79271616,0.051
Churc1,0.70745347,0.104
Fntb,0.23124475,0.233
Fut8,0.86976145,0.034
Affy_10396730,0.95564994,-0.013
Gm6657,0.60428687,0.101
Gphn,0.88687841,0.02
Fam71d,0.65362087,-0.07
Mpp5,0.6743557,0.073
Eif2s1,0.44007022,-0.142
Plekhh1,0.95133027,-0.01
Arg2,0.73922102,-0.07
Rdh12,0.42972344,-0.108
Rad51l1,0.63718263,0.16
Strm,0.97688767,-0.006
Exd2,0.42532411,0.154
Galntl1,0.9746407,0.006
Slc39a9,0.73668356,-0.044
3830431G21Rik,0.13387383,-0.3
4933426M11Rik,0.69239193,-0.066
Srsf5,0.94086466,-0.018
Smoc1,0.22294164,-0.329
Affy_10396950,0.33787343,0.237
Ttc9,0.2173561,-0.339
Pcnx,0.91552181,-0.017
Affy_10397000,0.99508008,0.002
Sipa1l1,0.49742345,0.174
Rgs6,0.14013555,-0.224
Gm10006,0.77409287,0.053
Dcaf4,0.76714969,-0.061
Rbm25,0.83759416,-0.034
Rbm25,0.43152666,-0.198
Rbm25,0.78563919,-0.079
Rbm25,0.89969261,-0.015
Psen1,0.1965723,-0.196
Papln,0.21972218,0.242
2410016O06Rik,0.89158697,-0.023
Acot2,0.46457911,0.609
Acot1,0.59517229,0.503
Acot4,0.50800158,0.359
Acot3,0.59686957,0.526
Acot5,0.71678111,-0.054
Acot6,0.90468552,-0.033
Dnalc1,0.85374737,0.03
Ptgr2,0.45963962,0.113
Zfp410,0.85033159,0.022
Coq6,0.52971187,0.125
2900006K08Rik,0.96601532,-0.009
Rnf113a2,0.36520979,0.149
Lin52,0.36184097,-0.147
Vsx2,0.45916539,-0.166
7420416P09Rik,0.94781738,0.016
Isca2,0.54530056,0.086
Ltbp2,0.89110881,0.038
Fcf1,0.61454043,0.116
Ylpm1,0.58794786,0.103
Dlst,0.84522226,0.023
Eif2b2,0.86289803,0.033
Fam164c,0.56185079,0.136
Fos,0.45156969,0.342
Jdp2,0.66425565,-0.069
Batf,0.31710407,-0.22
Flvcr2,0.64222857,-0.247
Ttll5,0.98658202,0.003
1700019E19Rik,0.6609445,0.063
1700020O03Rik,0.10992652,0.317
Esrrb,0.71794025,-0.079
Affy_10397448,0.85730491,0.031
Vash1,0.25849807,-0.223
Gm6772,0.86208209,0.047
2310044G17Rik,0.6585267,0.089
Tmem63c,0.12212938,-0.22
Gstz1,0.73044917,0.063
Ahsa1,0.92628814,-0.02
Rpl21,0.66284992,-0.065
1810035L17Rik,0.76986083,0.062
Gm4005,0.88395279,-0.043
Affy_10397538,0.21933889,-0.314
Gm5039,0.60679111,0.128
Gm5662,0.92662902,0.024
Oog1,0.59810694,-0.087
BB287469,0.6523597,-0.102
Gm16368,0.30310537,-0.428
Gm8587,0.98284843,-0.006
Affy_10397557,0.32183504,0.168
Gm8655,0.83882006,-0.072
Adck1,0.78104947,0.039
Nrxn3,0.78747783,-0.036
Affy_10397602,0.56836898,0.094
Affy_10397604,0.90738434,-0.032
Tshr,0.66975647,-0.064
Affy_10397621,0.54326011,-0.098
Affy_10397627,0.37978173,-0.209
Rpl17-ps2,0.97900225,0.003
Flrt2,0.37852222,0.156
Affy_10397639,0.39658429,-0.158
Affy_10397642,0.34184161,0.306
Gpr65,0.44874981,0.368
Affy_10397649,0.63249139,0.081
Spata7,0.27869862,0.217
Zc3h14,0.94440815,0.012
Ttc8,0.40824861,0.164
Rpl30,0.47486913,-0.142
Affy_10397701,0.44756476,0.152
3300002A11Rik,0.71522542,0.07
Affy_10397708,0.10058755,0.48
Affy_10397715,0.099550563,-0.373
Affy_10397717,0.45815199,-0.15
Tdp1,0.50062874,0.151
Kcnk13,0.09175377,-0.298
Psmc1,0.57052318,-0.091
Gm10433,0.49540186,-0.193
Calm1,0.75138198,0.06
Gm10432,0.88936017,0.032
9030617O03Rik,0.12880411,0.893
A630072L19Rik,0.79638773,-0.055
Smek1,0.3210973,0.207
Kif4b,0.93334939,-0.02
Kif4b,0.21006125,-0.316
Affy_10397790,0.44020961,0.194
Catsperb,0.90114863,0.026
Cpsf2,0.47560451,-0.128
Slc24a4,0.41815749,-0.151
Rin3,0.67274192,0.076
Golga5,0.46741437,0.235
Chga,0.31671687,-0.228
D230037D09Rik,0.90374915,-0.02
Ubr7,0.95274953,-0.012
Cox8c,0.14877392,-0.254
Unc79,0.28638666,-0.174
Fam181a,0.31905539,-0.284
Otub2,0.9417116,-0.014
Ifi27l1,0.092238391,-1.191
Ppp4r4,0.32055989,-0.337
Serpina4-ps1,0.60074362,-0.875
Serpina5,0.39137786,-0.241
Serpina3a,0.41145576,-0.371
Serpina3b,0.77010338,0.054
Serpina3f,0.33236006,0.665
Serpina3h,0.28464796,-0.37
Serpina3k,0.94378799,-0.051
Serpina3m,0.071146321,0.965
Serpina3n,0.46587175,-0.297
Gm10000,0.3226134,-0.276
4930408O17Rik,0.57815865,0.1
Glrx5,0.47253556,0.117
Tcl1b2,0.78674068,-0.074
Tcl1b1,0.72850218,-0.08
Tcl1b5,0.53155414,-0.125
Tcl1b3,0.6130517,0.067
Tcl1b4,0.59548796,-0.12
Bdkrb2,0.71237567,-0.105
Bdkrb1,0.50826847,-0.143
4933433P14Rik,0.81007251,0.066
Ak7,0.070779461,-0.302
Papola,0.7044147,-0.051
Vrk1,0.25509842,0.148
3110018I06Rik,0.60848594,-0.114
Ccnk,0.78976207,-0.035
Hhipl1,0.55609538,0.148
Cyp46a1,0.68148898,-0.171
Eml1,0.16996373,0.257
Evl,0.81144971,0.062
mir-342,0.39902715,-0.189
Yy1,0.33323753,-0.094
mir-345,0.72146789,-0.098
Slc25a47,0.49658633,-0.227
Wdr25,0.31483758,-0.191
Wdr25,0.80888692,0.059
Affy_10398315,0.4293201,-0.183
Affy_10398317,0.69599242,-0.079
Dlk1,0.035145169,-0.595
Meg3,0.10983283,-1.109
mir-673,0.20805064,-0.301
mir-337,0.21830935,-0.312
Mir540,0.38441646,-0.261
mir-665,0.53545838,-0.116
Rtl1,0.054534114,-0.624
6430411K18Rik,0.045102997,-0.379
Rtl1,0.32455683,-0.265
Rtl1,0.86666009,-0.032
Rtl1,0.49387799,-0.11
Mir341,0.048452591,-0.41
Mir370,0.83813483,-0.047
Affy_10398354,0.045928118,-1.851
Affy_10398356,0.32345528,-0.276
Affy_10398358,0.70774247,-0.063
Affy_10398360,0.056558233,-0.602
Rian,0.045444016,-0.925
Affy_10398364,0.019652424,-0.849
Rian,0.04650587,-0.68
Affy_10398368,0.35869139,-0.153
Affy_10398370,0.58003968,-0.099
Affy_10398372,0.95089209,0.021
AF357341,0.97307994,-0.008
Affy_10398376,0.95089209,0.021
Affy_10398378,0.41854499,-0.12
Affy_10398380,0.014430869,-0.527
mir-379,0.83408492,0.032
mir-411,0.35282705,-0.211
mir-299,0.094456511,-0.384
mir-380,0.13306851,-0.286
mir-323,0.043668126,-0.404
mir-329,0.49189788,-0.112
mir-494,0.57739956,0.082
mir-679,0.28225721,-0.405
mir-666,0.46803704,-0.165
mir-543,0.077921898,-0.321
mir-495,0.35185865,0.169
mir-667,0.1634623,-0.424
mir-376c,0.6466734,-0.054
mir-376b,0.2712897,0.186
mir-376a,0.40925512,-0.119
mir-300,0.31748354,-0.204
mir-381,0.18107757,-0.152
mir-487b,0.054384476,-0.453
mir-539,0.85297825,-0.026
mir-382,0.31956997,-0.302
mir-134,0.48072613,-0.227
mir-668,0.46059862,-0.117
mir-485,0.056604672,-0.458
mir-154,0.91444218,0.015
mir-496,0.14479672,-0.191
mir-377,0.019230917,-0.505
mir-541,0.80265126,0.041
mir-409,0.97103026,-0.009
mir-412,0.3584824,-0.21
mir-369,0.14392929,-0.184
mir-410,0.39120672,-0.164
Affy_10398444,0.41276895,0.172
Dio3,0.6671929,-0.121
Rps25,0.09251026,0.423
Ppp2r5c,0.29222605,-0.237
Ppp2r5c,0.61690186,-0.163
Ppp2r5c,0.94868728,0.016
Ppp2r5c,0.16985554,0.221
Dync1h1,0.77628995,-0.033
Wdr20,0.66872793,0.087
Zfp839,0.27317617,-0.162
Tecpr2,0.31310412,0.176
Rps19,0.56804374,0.095
Rcor1,0.66995751,-0.059
Gm10158,0.75251304,0.068
Traf3,0.40433088,-0.156
Amn,0.20061594,-0.424
1200009I06Rik,0.70254056,0.078
Tnfaip2,0.25204568,0.456
Eif5,0.81488378,-0.039
Eif5,0.28068208,0.626
Mark3,0.72143951,0.048
Trmt61a,0.26176177,0.265
Apopt1,0.24797677,0.548
Klc1,0.51029,0.131
Zfyve21,0.070396706,0.777
Tdrd9,0.10415846,-0.32
Aspg,0.48454841,0.249
mir-203,0.13919175,-0.208
Kif26a,0.14981068,-0.261
A530016L24Rik,0.59547086,-0.148
Inf2,0.62911869,-0.082
Adssl1,0.75449419,0.087
Siva1,0.22001079,-0.26
Zbtb42,0.23065853,-0.24
Kiaa0284,0.49282031,-0.103
Pld4,0.48358807,0.409
BC022687,0.10342024,-0.388
Btbd6,0.34469391,-0.116
Brf1,0.15705098,-0.376
Pacs2,0.73758009,0.058
Tex22,0.22035147,-0.289
Mta1,0.57908872,-0.07
Crip2,0.15517405,0.401
Crip1,0.1647088,0.381
4930427A07Rik,0.88429879,-0.039
Tmem121,0.7385965,-0.063
Adam6b,0.63098983,-0.075
Adam6a,0.697438,-0.083
Affy_10399029,0.26412234,-0.258
Affy_10399032,0.59047411,-0.17
Affy_10399034,0.79033934,0.043
Uevld,0.050423443,0.496
Zfp386,0.33577857,0.247
Vipr2,0.61556991,-0.266
Esyt2,0.097489881,0.32
Ncapg2,0.33699118,0.182
Ptprn2,0.18676489,-0.281
mir-153,0.53449757,0.121
Rapgef5,0.83608361,0.076
Cdca7l,0.34556584,-0.245
Sp8,0.47191121,-0.134
Ncoa4,0.68797126,-0.051
Macc1,0.001290594,-0.656
Tmem196,0.79068881,-0.058
Tmem196,0.29463794,-0.216
Rab10,0.81920488,-0.033
Kif3c,0.5275538,-0.183
Rps7-ps2,0.4717366,0.175
Gm10485,0.97165396,-0.008
Efr3b,0.94796447,-0.011
Cenpo,0.16541555,0.268
Ncoa1,0.58073093,-0.062
4930417G10Rik,0.034632269,0.359
A830093I24Rik,0.59294059,-0.111
Fkbp1b,0.40030316,-0.185
Mfsd2b,0.81593517,0.049
Ubxn2a,0.41124141,0.138
Klhl29,0.6571665,0.11
Affy_10399352,0.88364588,-0.031
Affy_10399354,0.070506145,0.581
Gdf7,0.28354151,-0.184
Rhob,0.73533947,0.104
Slc7a15,0.16750024,-0.25
9930038B18Rik,0.20558748,-0.286
Pgk1,0.59690214,0.072
Kcns3,0.91554679,-0.02
Msgn1,0.4337344,-0.164
1700034J04Rik,0.17916663,-0.293
Gen1,0.97591452,0.007
Vsnl1,0.80504271,0.055
Affy_10399415,0.68913827,0.056
Tubb2b,0.14482997,0.578
Mycn,0.62889617,-0.15
Affy_10399426,0.56560685,0.132
Snord118,0.62162791,0.533
Ddx1,0.78257075,-0.05
Akr1b3,0.81429062,-0.099
Affy_10399459,0.48700701,-0.178
Gm4929,0.77387472,-0.067
Affy_10399463,0.4511846,0.135
Fam84a,0.95585329,-0.017
Trib2,0.86557032,0.036
Lpin1,0.27658706,1.176
Greb1,0.44004208,0.144
Pqlc3,0.51369279,-0.188
2410004P03Rik,0.79573798,-0.053
Kcnf1,0.9494462,-0.013
Atp6v1c2,0.96486227,0.01
Affy_10399575,0.36485227,-0.233
1700030C10Rik,0.48049879,-0.183
3110053B16Rik,0.35496215,0.297
G730007D18Rik,0.082197141,0.588
Zfp125,0.13528236,-0.383
Zfp125,0.155081,3.439
3110053B16Rik,0.97490379,-0.01
Itgb1bp1,0.21188679,0.199
Adam17,0.86862001,-0.045
Ywhaq,0.34339221,0.204
F630048H11Rik,0.08769965,0.426
LOC100043371,0.87751173,-0.029
Mrto4,0.15125449,0.443
Mrto4,0.22499138,-0.228
LOC100043371,0.58512486,-0.062
Gm6950,0.1839884,-0.211
Affy_10399655,0.54846591,-0.123
ENSMUSG00000076977,0.42268139,-0.206
Affy_10399659,0.54846591,-0.123
Gm10330,0.41976207,0.176
LOC100043371,0.31930843,-0.13
9030624G23Rik,0.96836621,0.011
Hpcal1,0.67663994,0.073
Gm16372,0.74309097,-0.085
C16orf91,0.88104517,-0.065
Cys1,0.91722238,-0.022
Affy_10399687,0.95944271,-0.012
Affy_10399689,0.72881339,0.063
Id2,0.2765608,-0.417
Rnf144a,0.39899598,0.348
Rsad2,0.85902578,-0.136
Affy_10399720,0.87424703,0.035
Gm9866,0.53150463,-0.144
Sox11,0.77554594,-0.052
Dcdc2c,0.62230504,-0.086
Allc,0.68806929,-0.083
Colec11,0.14267855,-0.841
Rps7,0.69831051,-0.055
Ttc15,0.39789464,-0.24
Tpo,0.27274594,-0.321
Sntg2,0.21201331,-0.699
Acp1,0.29400294,1.359
Affy_10399823,0.77546262,-0.095
Dld,0.51206492,0.136
Cbll1,0.50203277,0.112
Affy_10399852,0.26731429,-0.318
Slc26a4,0.11534393,-0.311
Bcap29,0.20500375,0.272
Dus4l,0.54441517,0.154
Gpr22,0.16371233,-0.214
Hbp1,0.52965749,0.073
Prkar2b,0.48633686,0.169
Pik3cg,0.76366377,0.16
Affy_10399941,0.84256636,0.038
Cdhr3,0.68105754,-0.086
F730043M19Rik,0.83136385,-0.044
Hdac9,0.55973669,-0.105
4921508M14Rik,0.66631656,-0.088
Mir680-3,0.36592074,-0.244
Ahr,0.50158624,0.302
Tspan13,0.089368818,-0.448
Bzw2,0.67547852,-0.057
1700108M19Rik,0.12930142,-0.286
Ispd,0.47757498,-0.137
Affy_10400054,0.21639345,-0.166
Arl4a,0.32537529,0.284
Scin,0.91381148,0.017
Gm889,0.024339646,-0.337
Ifrd1,0.81259154,-0.068
Zfp277,0.26611999,0.599
Gm7239,0.81328871,0.078
Lrrn3,0.10035675,0.253
Gm10165,0.54955084,-0.133
Affy_10400135,0.3706998,-0.281
Dnajb9,0.28211045,-0.416
Zbed4,0.098370341,0.33
Stxbp6,0.74711851,-0.063
Hmgb1,0.72408038,0.045
Nova1,0.72959909,-0.066
Nova1,0.71459809,0.082
Affy_10400163,0.68254374,-0.068
Tfb2m,0.9485577,0.013
Prkd1,0.4840963,-0.112
Gm7172,0.28935868,0.332
Strn3,0.72144766,0.07
Hectd1,0.45169492,-0.159
Heatr5a,0.94067439,-0.011
C14orf126,0.78812847,-0.033
Gpr33,0.54024888,0.135
Affy_10400302,0.13225412,-0.231
Egln3,0.73968599,-0.148
Affy_10400315,0.95712931,0.015
Gm10465,0.90992413,0.022
1110002B05Rik,0.9394278,0.023
Affy_10400324,0.65219516,0.082
Eapp,0.13849336,0.947
Rpl31,0.25913671,0.16
Snx6,0.11599901,0.478
Cfl2,0.53660476,0.087
Baz1a,0.89484686,-0.036
2700097O09Rik,0.3156669,0.262
Polr2h,0.57273051,-0.095
Fam177a,0.24080553,-0.29
Ppp2r3c,0.95931024,0.017
Nfkbia,0.47997957,0.184
Ralgapa1,0.35799543,0.183
Affy_10400458,0.14130221,0.35
Mbip,0.20866457,0.333
Cox6c,0.43544362,-0.095
Nkx2-1,0.87007098,-0.033
Nkx2-9,0.70894067,-0.138
Slc25a21,0.63514683,-0.132
LOC100047942,0.38559664,-0.271
Foxa1,0.42242267,-0.242
Rpl26-ps2,0.91868962,-0.025
Clec14a,0.059844283,0.486
Sec23a,0.3966359,-0.151
Trappc6b,0.79988906,-0.049
Rpl21,0.53174207,-0.071
Fbxo33,0.98572264,-0.003
Gm4971,0.19781762,-0.228
Affy_10400555,0.5045678,0.242
Affy_10400557,0.19585252,0.235
Affy_10400559,0.72020972,-0.086
Affy_10400562,0.32910883,-0.194
Fscb,0.8760403,0.034
Affy_10400570,0.63930422,0.085
Klhl28,0.87797601,-0.032
Fkbp3,0.52356848,0.162
C79407,0.62813412,-0.076
Rpl10l,0.54781819,-0.142
Mdga2,0.21324266,-0.247
Mdga2,0.57171617,-0.092
Affy_10400628,0.76468048,-0.073
Affy_10400630,0.18199933,-0.27
Affy_10400633,0.80164892,0.056
Rps29,0.38637799,0.144
Rpl36al,0.63456522,-0.087
C14orf104,0.81002899,0.042
Pole2,0.86958927,0.028
Sdccag1,0.69392087,-0.066
Affy_10400704,0.22417665,-0.15
Arf6,0.1554548,-0.297
Affy_10400708,0.17070444,-0.358
Mettl21d,0.27692042,-0.731
Sos2,0.26163745,-0.181
Affy_10400740,0.94855006,-0.016
L2hgdh,0.80292775,-0.057
Cdkl1,0.70443128,-0.076
mir-681,0.45064435,-0.143
Map4k5,0.37293917,0.154
Sav1,0.91333065,-0.018
Affy_10400803,0.43047019,-0.252
Nin,0.3089747,-0.163
Pygl,0.081113086,0.372
Trim9,0.23096098,-0.258
Timm9,0.72395742,0.073
Gm7985,0.85068609,0.048
Gpr135,0.64535736,-0.093
2810055F11Rik,0.72268389,0.082
4930403N07Rik,0.70644967,0.056
Rtn1,0.1642073,0.249
Dhrs7,0.13391331,0.532
C14orf39,0.37220134,0.127
Six1,0.64497221,0.086
Six4,0.57215492,-0.132
Trmt5,0.3300947,0.176
D830013O20Rik,0.47128218,-0.15
Tmem30b,0.60052704,-0.075
Kcnh5,0.48198094,-0.115
Gphb5,0.6072938,-0.093
Ppp2r5e,0.52550856,0.143
Wdr89,0.61931982,-0.106
Sgpp1,0.46559233,0.142
Esr2,0.34885189,-0.224
Gm7862,0.43348373,-0.189
Tex21,0.15489342,-0.264
Zbtb25,0.30594691,0.244
Spnb1,0.21249724,-0.239
Gpx2,0.95928893,-0.02
Rab15,0.85961405,-0.021
Max,0.47715314,-0.167
Gm4864,0.50267415,-0.226
Atp6v1d,0.40723092,0.138
Plek2,0.27919697,-0.201
Tmem229b,0.52479621,-0.163
Pigh,0.94640058,0.012
Vti1b,0.16673219,0.288
Rdh11,0.4362781,0.444
Zfyve26,0.80515093,0.033
Affy_10401235,0.97726469,0.005
Zfp36l1,0.76031322,0.091
Actn1,0.66507466,-0.088
Dcaf5,0.68010033,-0.075
Erh,0.52405238,0.101
0610009B14Rik,0.90291711,0.025
Gm1568,0.43784506,-0.204
Slc10a1,0.66823494,-0.116
Slc8a3,0.61466581,-0.084
Cox16,0.91477524,0.02
Gm4787,0.15305349,0.37
Adam4,0.62341484,0.171
Synj2bp,0.89872774,-0.024
Adam21,0.43257996,0.192
Med6,0.088629184,0.333
Map3k9,0.98286213,-0.004
Dpf3,0.77552599,-0.046
Zfyve1,0.31407267,0.161
Numb,0.34977839,0.098
Affy_10401398,0.17083647,-0.181
2410016O06Rik,0.11827119,-0.342
4732463B04Rik,0.31007436,0.428
Affy_10401420,0.67648835,-0.107
Pnma1,0.8877052,-0.031
Elmsan1,0.63103959,-0.084
Gm5436,0.831465,-0.038
Fam161b,0.29559372,-0.242
Entpd5,0.23329748,0.344
Aldh6a1,0.42766654,-0.113
Abcd4,0.90529846,0.018
Tmem90a,0.99072262,0.003
Npc2,0.11508721,0.337
Ltbp2,0.71146266,0.082
Kiaa0317,0.85690635,0.04
Prox2,0.96874075,-0.011
Rps6kl1,0.45412793,-0.136
Pgf,0.76745662,0.056
Mlh3,0.72292525,0.066
Acyp1,0.7327701,0.055
Nek9,0.85672933,-0.015
Tmed10,0.70235302,0.077
Affy_10401665,0.24163625,-0.465
0610007P14Rik,0.78668107,-0.096
Tgfb3,0.68674875,0.102
Angel1,0.27703228,-0.219
Gm9104,0.70801779,-0.04
6430527G18Rik,0.96505873,-0.008
Zdhhc22,0.47665771,-0.196
Zdhhc22,0.79962987,-0.062
Ngb,0.66326462,-0.084
Pomt2,0.59422749,0.072
Tmed8,0.22264635,-0.298
4933437F05Rik,0.20702002,-0.227
Vipar,0.44155572,-0.147
Ism2,0.069593487,-0.382
Sptlc2,0.97006545,-0.011
Alkbh1,0.15274648,-0.22
Affy_10401803,0.75069921,-0.088
Snw1,0.96707908,-0.006
Affy_10401820,0.59912105,0.107
BB287469,0.85254011,0.048
Oog1,0.22950405,-0.23
Gm5662,0.8846385,0.038
Gm5662,0.61566245,-0.147
Gm5039,0.63692746,0.193
Gm5039,0.78212113,0.105
Dio2,0.14400527,-0.26
4930534B04Rik,0.12280156,0.306
Gtf2a1,0.44239069,0.098
Ston2,0.78844665,0.054
Sel1l,0.92572379,0.02
Rpl31,0.76998526,0.037
Affy_10401926,0.88892351,0.033
Affy_10401931,0.59560203,-0.183
Affy_10401933,0.27408066,-0.343
BC005685,0.614988,0.143
BC005685,0.59560203,-0.183
Lysmd1,0.18925814,0.208
Affy_10401944,0.19810677,-0.324
Affy_10401948,0.31345894,-0.288
1700019M22Rik,0.35554727,-0.216
Affy_10401956,0.88289402,0.048
Naca,0.52660954,0.093
Affy_10401961,0.36641676,-0.235
Gm8785,0.16497173,-0.312
Galc,0.79557724,-0.069
Kcnk10,0.10592332,-0.674
Ptpn21,0.48723849,-0.126
Eml5,0.61443368,-0.09
Eml5,0.63559407,0.113
Foxn3,0.23195969,-0.192
Foxn3,0.056596529,-0.385
2610021K21Rik,0.20112821,0.287
C14orf102,0.92920731,-0.019
Ttc7b,0.6921341,-0.08
Rps6ka5,0.86411394,-0.042
Gpr68,0.22186885,-0.229
Gm10431,0.18618546,-0.33
Ccdc88c,0.89804145,-0.023
Smek1,0.87633034,-0.026
Tc2n,0.47451337,0.392
Fbln5,0.61846243,-0.146
Trip11,0.88817517,0.025
Atxn3,0.61862105,-0.094
Gm2701,0.14954334,0.472
Affy_10402266,0.76426827,0.074
Lgmn,0.38189789,0.342
Itpk1,0.073515806,0.381
Moap1,0.24338526,0.218
Btbd7,0.6380749,-0.068
Rps2,0.30376322,0.296
Rpl29,0.3201898,-0.225
Prima1,0.45804768,-0.164
Asb2,0.90084808,-0.038
9330161L09Rik,0.32217171,-0.159
Ddx24,0.91195028,0.019
Ifi27l2a,0.31708304,0.651
Ifi27l2b,0.24674494,0.594
Serpina10,0.071960026,-0.394
Serpina6,0.66587389,-0.149
Gm46,0.84750348,-0.037
Serpina1f,0.86165093,-0.039
Serpina1b,0.18969872,-0.18
Serpina1d,0.28719157,1.491
Serpina1c,0.25595059,-0.133
Serpina1c,0.33517122,0.346
Serpina1e,0.55046388,-0.086
Serpina11,0.13620262,-1.546
Serpina9,0.005714454,-0.708
Serpina12,0.99684796,0.004
Serpina3c,0.47294242,-0.318
Gsc,0.97400362,0.006
Dicer1,0.78910217,-0.034
Clmn,0.97118708,-0.008
4831426I19Rik,0.69695163,0.072
Affy_10402512,0.84725616,0.065
Tcl1,0.10970875,-0.398
Atg2b,0.64275937,0.064
Atg2b,0.66627701,-0.057
Affy_10402551,0.76748938,0.042
Bcl11b,0.18601498,-0.239
A130014H13Rik,0.44306431,-0.107
Setd3,0.22453729,0.216
Gm10427,0.28168962,-0.297
Ccdc85c,0.15873213,-0.3
Degs2,0.69150448,-0.105
Slc25a29,0.90324564,-0.018
Wars,0.034127767,0.536
Begain,0.52990364,0.141
Affy_10402604,0.20426164,-0.283
Rtl1,0.70289918,-0.115
1700001K19Rik,0.6550395,-0.093
Hsp90aa1,0.69917998,-0.133
Rage,0.63426788,0.097
Brp44l,0.036328702,0.592
Cinp,0.43331188,0.121
Ankrd9,0.14097619,-0.271
Cdc42bpb,0.52825704,0.078
1200009I06Rik,0.34317496,-0.203
Gm266,0.098955861,-0.251
Ckb,0.71941864,0.126
Bag5,0.29482459,-0.194
Xrcc3,0.35620604,0.224
Ppp1r13b,0.24456368,0.347
Hmgb1,0.96112324,-0.007
C14orf2,0.25490222,0.419
A730018C14Rik,0.03094996,-0.318
Tmem179,0.8870696,-0.04
Akt1,0.71646423,-0.049
Ahnak2,0.13133579,0.258
Ahnak2,0.3761297,-0.156
Cdca4,0.012282389,-0.378
Gpr132,0.18809799,-0.251
Jag2,0.17292987,-0.373
Nudt14,0.81379834,0.049
Brf1,0.79480451,0.038
Igh,0.37525362,0.178
Gm900,0.59226887,-0.13
Affy_10402986,0.94216779,0.017
Affy_10402988,0.98054525,0.006
Gm16970,0.10311127,-0.274
Affy_10402994,0.071454599,-0.524
LOC630837,0.12780608,0.481
LOC630837,0.7568223,-0.06
LOC638560,0.97262567,0.006
Gm7112,0.88937128,0.032
Ighg,0.34207334,-0.2
LOC674190,0.35350762,0.234
Affy_10403013,0.68103779,0.061
Igh,0.016396285,0.839
IghmAC38.205.12,0.010798825,0.966
Gm7016,0.00957589,0.663
Gm7016,0.69958281,0.102
Affy_10403025,0.98699397,0.003
Igh,0.024495527,0.682
V165-D-J-C mu,0.66727833,0.16
Igh,0.25064814,0.415
Igh,0.10058552,0.301
Igh,0.10452155,0.423
Affy_10403041,0.26128051,-0.246
Igh,0.096660262,0.474
AI324046,0.35241546,-0.267
Igh,0.026713889,0.775
LOC638798,0.49647413,0.247
Igh,0.37594748,0.3
LOC641089,0.33374766,-0.217
LOC641089,0.19985116,0.392
Igh,0.41114772,0.228
Gm16710,0.90054256,-0.022
Igh-6,0.12345858,0.762
Affy_10403071,0.83745974,0.054
Ighg,0.057127989,0.386
Affy_10403076,0.67137558,-0.104
Igh,0.02147772,0.536
Wdr60,0.17575511,-0.256
Hmgn2,0.98461263,-0.005
Gm10421,0.54153157,0.128
Dnahc11,0.16684401,-0.277
Sp4,0.37027446,0.223
Abcb5,0.8240041,0.035
Abcb5,0.24381198,0.172
Itgb8,0.97515761,-0.012
Affy_10403244,0.90342936,-0.035
Gm8598,0.14625778,-0.541
Speer6-ps1,0.62383778,0.168
Rps4x,0.87769446,0.022
Gm16505,0.046552202,-0.68
Gdi2,0.75634115,-0.034
Asb13,0.79025276,0.049
Calm4,0.45669566,-0.155
Calm5,0.32436146,-0.241
Tubal3,0.26804928,-0.263
Akr1c14,0.93718603,0.027
Akr1c13,0.35948846,0.259
Akr1c19,0.38129549,0.51
Akr1c6,0.61122595,-0.134
Akr1c21,0.58502498,0.092
Rpl29,0.33954836,-0.2
Gm5444,0.56987076,0.106
Klf6,0.70845725,0.153
Pitrm1,0.183878,0.238
Affy_10403392,0.39201572,-0.212
Gm5191,0.053905738,-0.376
Adarb2,0.21847072,-0.206
Idi1,0.65606476,-0.359
Idi2,0.52454305,0.082
Larp4b,0.11994296,-0.218
Dip2c,0.1131167,-0.302
Dip2c,0.77555661,0.045
Dip2c,0.96421581,-0.007
Dip2c,0.85867155,0.076
Dip2c,0.49735623,0.114
Zp4-ps,0.034564899,-0.377
Rpl21,0.55417319,-0.066
Heatr1,0.9512258,-0.01
Ero1lb,0.95150918,0.025
Affy_10403577,0.27071821,-0.234
Prl2c5,0.8872799,0.037
Nid1,0.55565858,0.239
Lyst,0.32290561,0.152
Gng4,0.605789,-0.15
B3galnt2,0.98935587,-0.002
Arid4b,0.95142982,-0.013
Psma2,0.067304301,0.301
AW209491,0.40093634,-0.135
Affy_10403722,0.19586432,-0.218
Gli3,0.51297419,-0.158
Inhba,0.16190763,-0.608
Slc44a1,0.097030342,-0.451
2810021B07Rik,0.56407387,0.139
Bat4,0.47392378,-0.127
Yae1d1,0.73105448,0.059
Affy_10403761,0.69507297,-0.077
Vps41,0.36034256,0.147
Amph,0.60768906,-0.116
Affy_10403816,0.9557086,-0.011
Tcrg-V3,0.2923124,0.473
Affy_10403825,0.46533795,-0.217
Sfrp4,0.62108379,-0.094
Elmo1,0.61042214,0.244
Gm7614,0.60488724,-0.12
Aoah,0.38978962,0.795
Affy_10403897,0.6093667,-0.067
Olfr263-ps1,0.99614985,0.001
Olfr263-ps1,0.74000137,0.064
Trim27,0.87524923,-0.024
Gpx6,0.51068986,0.612
Olfr1367,0.38636665,-0.147
Zscan12,0.17383134,0.282
Affy_10403925,0.080539364,-0.322
Zkscan4,0.86967174,0.034
Isca1,0.75923555,0.054
Olfr1359,0.58692493,0.133
Gm11276,0.44167346,0.154
Hist1h3g,0.047631152,0.748
Hist1h2bm,0.017369659,0.606
Gm11275,0.88242619,0.048
Hist1h2be,0.38798834,-0.195
Hist1h2bp,0.10796834,-0.47
Gm11276,0.32051973,0.212
Hist1h4m,0.90287846,0.028
Gm13646,0.54954027,-0.116
Zfp184,0.50222714,-0.137
Pom121l2,0.59750559,-0.094
Gm11292,0.9541823,-0.015
Gm13646,0.55239572,-0.149
Gm13646,0.49289342,-0.145
Vmn1r188,0.898487,-0.018
Vmn1r194,0.77912831,-0.066
Vmn1r195,0.80592487,0.047
Vmn1r189,0.13554939,-0.267
Vmn1r197,0.6125084,0.11
Vmn1r198,0.26913047,-0.176
Vmn1r199,0.71299799,-0.083
Vmn1r200,0.57979748,-0.079
Vmn1r-ps103,0.21897057,-0.13
Vmn1r201,0.51847873,0.13
Vmn1r203,0.78003749,-0.064
Vmn1r204,0.2681257,-0.237
Affy_10404006,0.19851454,-0.366
Vmn1r213,0.51724703,-0.128
Vmn1r214,0.34029662,0.136
Vmn1r215,0.43895269,-0.141
Vmn1r216,0.84196091,-0.036
Vmn1r218,0.36167278,-0.092
Vmn1r219,0.74728469,-0.059
Vmn1r189,0.65813339,-0.074
Vmn1r223,0.64746338,-0.077
Hist1h4h,0.11793748,0.278
Hist1h2af,0.28698387,0.231
Hist1h3g,0.056804187,0.717
Hist1h3f,0.75833989,0.068
Hist1h1d,0.40270495,0.29
Hist1h2bg,0.94779416,-0.014
Hist1h3d,0.60251565,0.122
Gm11276,0.30418531,0.213
Hist1h3g,0.048481964,0.753
Hist1h4d,0.92534462,0.028
Hist1h2bc,0.73652955,-0.069
Hist1h1t,0.2713935,-0.239
Hist1h1c,0.19544722,0.551
Hist1h2bb,0.53262576,-0.208
Hist1h2ab,0.25052618,0.398
Hist1h3f,0.050003871,0.756
Hist1h4b,0.83030527,0.048
Hist1h1a,0.99660133,-0.001
Trim38,0.88883486,0.025
Slc17a2,0.99000756,-0.004
Slc17a3,0.55016693,-0.2
Slc17a1,0.83617705,-0.065
Hist1h2aa,0.91517986,-0.019
Lrrc16a,0.87130984,0.037
Cmah,0.7931849,-0.096
Fam65b,0.20458645,0.318
BC005537,0.25929474,0.226
Tdp2,0.3268804,0.217
D130043K22Rik,0.18283453,0.209
Gpld1,0.94291945,0.02
Dcdc2a,0.52858354,0.114
Rps8,0.28350488,-0.201
Prl,1,0
Prl3d1,0.87033512,-0.026
Prl3d1,0.91276041,0.021
Prl3d3,0.13172648,0.364
Prl3c1,0.85374874,0.035
Prl3b1,0.5644369,-0.096
Prl3a1,0.70869226,-0.077
Prl6a1,0.99065758,0.002
Prl8a2,0.22710796,0.228
Prl2a1,0.75410737,-0.067
Prl2c1,0.14914153,0.299
Affy_10404336,0.38552269,0.287
Gm11360,0.67812332,-0.118
Prl4a1,0.67049294,-0.087
Prl5a1,0.12493516,0.32
Rps18,0.22598727,-0.22
Gm11362,0.82665365,-0.071
Mboat1,0.81423408,0.05
Agtr1a,0.19214574,0.316
Dusp22,0.57524813,0.091
Irf4,0.68355968,0.106
Gm5447,0.91855828,-0.022
Foxq1,0.22541248,-0.789
Foxf2,0.4959083,-0.126
Foxc1,0.51826172,-0.137
Wrnip1,0.17086809,0.35
Serpinb6b,0.30290463,0.768
Serpinb9,0.064843668,0.75
Serpinb9b,0.3771565,-0.156
Serpinb1b,0.59249503,0.147
Serpinb9d,0.30786048,-0.265
Serpinb9e,0.91151244,0.019
Serpinb9f,0.35335725,-0.163
Serpinb9g,0.94575179,0.014
Serpinb9g,0.15405245,-0.209
Serpinb6d,0.430278,0.104
Nqo2,0.21304938,0.332
Ripk1,0.26427701,0.155
Bphl,0.5508159,-0.111
Psmg4,0.80687935,-0.05
Fam50b,0.56978095,-0.123
Prpf4b,0.68577267,-0.044
4933417A18Rik,0.77770057,-0.058
Affy_10404575,0.97622699,0.006
Cdyl,0.59062646,0.123
Affy_10404593,0.7285005,-0.093
Ppp1r3g,0.91374636,-0.07
Fars2,0.84931246,-0.027
Ly86,0.44274302,0.657
Rreb1,0.63558786,-0.066
Riok1,0.35440497,-0.178
Dsp,0.472628,0.177
Snrnp48,0.95124517,0.013
Bmp6,0.93776559,-0.023
Gm9979,0.82084613,0.047
Ubxn2a,0.67989924,-0.099
Gcnt2,0.82498804,0.058
Pak1ip1,0.38669831,0.113
Tmem14c,0.3816568,0.228
Sycp2l,0.29008671,-0.174
Tmem170b,0.67011571,0.07
Gm5082,0.75219274,-0.065
Gm10790,0.65575798,-0.099
Hivep1,0.25286703,0.211
Edn1,0.31641371,-0.227
Phactr1,0.58192751,-0.111
Sirt5,0.18542155,0.242
Nol7,0.59269705,0.1
Rnf182,0.52142093,-0.112
Cd83,0.62690062,0.134
Jarid2,0.38745959,-0.142
Affy_10404870,0.85306916,0.033
Hspb1,0.45669791,0.144
Mylip,0.69802773,0.09
Gmpr,0.74936339,0.057
5033430I15Rik,0.069789748,-0.44
Gm1574,0.69613565,-0.106
Rbm24,0.23366468,-0.375
Cap2,0.45444915,-0.397
C78339,0.3401608,-0.146
Affy_10404937,0.43530419,-0.15
C78339,0.94997209,-0.009
Kdm1b,0.73749949,0.06
Rnf144b,0.73342141,0.052
Id4,0.49713597,0.154
A830005F24Rik,0.56746697,-0.081
Barx1,0.07709098,-0.396
C030044B11Rik,0.72029963,0.059
Ninj1,0.21688903,-0.158
Bicd2,0.59148725,0.102
Ippk,0.36760067,0.134
Affy_10405029,0.44267364,0.191
Ecm2,0.43563442,0.142
Aspn,0.34681177,-0.227
Omd,0.46966181,-0.55
Ogn,0.14346516,0.404
Nol8,0.48939947,-0.135
Iars,0.36033751,-0.151
Gm270,0.34879501,-0.166
2310081J21Rik,0.64523206,-0.094
2310081J21Rik,0.64523206,-0.094
Fbxw17,0.50765978,-0.119
Gm806,0.33326968,-0.17
Affy_10405147,0.67227312,0.067
Gm904,0.61738028,-0.1
Gm906,0.54281244,-0.115
Pus7,0.054242803,-0.418
Gm8779,0.99020976,0.003
Spin1,0.42820106,-0.131
Nxnl2,0.15121641,-0.358
S1pr3,0.078374194,-0.365
Cks2,0.42450378,0.171
Affy_10405189,0.29866299,0.674
Secisbp2,0.88990877,0.021
Gadd45g,0.59300629,-0.46
Sykb,0.66747288,0.161
Snrpd2,0.84036839,0.043
Sfxn1,0.72570557,0.076
Hrh2,0.98793171,-0.003
Cplx2,0.99556013,0.001
4732471D19Rik,0.31124892,0.23
Arl10,0.38166484,-0.172
Higd2a,0.75589494,-0.076
Faf2,0.73797989,0.042
Cdhr2,0.5055348,-0.122
Eif4e1b,0.81500738,0.078
Tspan17,0.47940441,0.171
Unc5a,0.47353578,0.206
Zfp346,0.36183113,-0.16
Fgfr4,0.1364951,-0.314
Nsd1,0.5946052,-0.072
Prelid1,0.72883672,-0.056
Rgs14,0.21358412,-0.231
Slc34a1,0.50939302,-0.147
Pfn3,0.78779364,-0.048
Grk6,0.047609404,0.367
Prr7,0.1643011,-0.318
Tmed9,0.87568808,-0.034
B4galt7,0.47755816,0.156
Caml,0.14659779,0.249
Ddx46,0.34201898,-0.146
B230219D22Rik,0.20327395,0.184
Txndc15,0.64100288,-0.082
Pcbd2,0.45356141,-0.121
Catsper3,0.80547402,-0.043
Gm10782,0.47073271,-0.182
Slc25a48,0.50955636,-0.17
Fbxl21,0.57445385,-0.14
Gm10781,1,0
Tgfbi,0.4681425,0.317
Smad5,0.47408659,0.115
5133401N09Rik,0.5030891,-0.154
Rpl17,0.6663012,0.069
Rmi1,0.78859529,-0.034
Ntrk2,0.12070643,-2.24
Naa35,0.34705287,0.216
Gm5084,0.19183098,-0.249
Gm10779,0.73086705,0.042
Dapk1,0.086248161,0.311
Affy_10405725,0.66208844,-0.085
2410127L17Rik,0.4048523,0.202
Selk,0.50667052,0.106
C1orf43,0.92105787,0.018
6720457D02Rik,0.55401712,0.123
Taf1d,0.88187329,-0.046
Gm3338,0.33279735,-0.285
Affy_10405743,0.74088622,0.069
Affy_10405745,0.67891898,-0.104
Affy_10405747,0.80560429,0.072
Affy_10405749,0.91554702,0.027
mir-713,0.043249133,-0.629
Me1,0.22059283,0.741
Affy_10405755,0.67783811,-0.157
2010111I01Rik,0.08993493,0.361
mir-23b,0.95449671,-0.013
mir-27b,0.35646944,0.349
mir-24-1,0.76803631,0.056
0610007P08Rik,0.7998076,-0.056
0610007P08Rik,0.42070318,-0.236
Habp4,0.22729167,0.469
1810034E14Rik,0.047410334,0.481
Cdk20,0.051457339,0.391
Affy_10405833,0.52346164,-0.155
Gm4935,0.8867363,0.034
4930458L03Rik,0.63966402,-0.091
4932441B19Rik,0.36467308,-0.211
Affy_10405847,0.8716454,0.022
Olfr466,0.15368665,-0.244
Gm10775,0.95348369,-0.014
Zfp369,0.16385934,0.263
Gm10139,0.11619265,-0.411
Cbx3,0.9300099,-0.018
Vmn2r121,0.058561641,-0.212
Zfp640,0.42667277,-0.124
Cbx3,0.84805154,0.038
Gm10324,0.3198999,-0.278
Vmn2r85,0.1672584,-0.199
Affy_10405885,0.94676402,-0.022
Cbx3,0.8194262,0.046
Rpl9,0.18188555,-0.167
Affy_10405892,0.1142856,0.478
Ptdss1,0.28297165,-0.178
Zfp759,0.5601828,0.276
A530054K11Rik,0.27261299,-0.164
Rsl1,0.063725972,1.155
Affy_10405924,0.74261028,-0.07
Zfp455,0.3644718,0.336
F630042J09Rik,0.24728487,-0.291
4930441O14Rik,0.52984489,-0.117
Rplp0,0.58241538,0.136
Zfp273,0.30176793,0.246
Gm10037,0.28108398,-0.278
BC048507,0.20545192,-0.271
Fastkd3,0.071289322,-0.359
1700001L19Rik,0.82006311,-0.048
Affy_10405969,0.62979508,0.16
Nsun2,0.73674128,-0.037
Med10,0.4765865,-0.109
8030423J24Rik,0.41846796,-0.14
Affy_10406003,0.71770472,-0.07
Irx2,0.48889861,-0.122
Irx4,0.88181327,0.034
Rps28,0.98832001,0.003
Mrpl36,0.1772696,0.233
Lpcat1,0.86144844,0.034
Slc6a3,0.48131247,-0.141
Clptm1l,0.86751921,0.022
Tert,0.90963072,-0.034
5430425J12Rik,0.81121205,-0.052
Slc12a7,0.88280498,-0.026
Affy_10406139,0.14194466,-0.348
Brd9,0.10943998,0.24
Zdhhc11,0.30022571,-0.16
Tppp,0.13267391,0.403
Slc9a3,0.049539916,-0.325
ccdc127,0.97856783,-0.004
Ftl2,0.16870755,-0.218
Stoml2,0.94010852,-0.018
Erap1,0.79528061,-0.047
Hnrnpa1l2-ps,0.73543914,0.087
Pcsk1,0.78131897,-0.042
Affy_10406245,0.72830282,0.08
Affy_10406248,0.24201372,-0.233
Rpl37a,0.67570733,0.062
Ell2,0.58671066,-0.076
Glrx,0.57311183,-0.293
Affy_10406276,0.59989194,-0.095
Rps2,0.25237011,0.323
Spata9,0.65298578,-0.073
Ttc37,0.77298685,-0.052
Affy_10406332,0.98123613,0.005
Mctp1,0.6096564,0.084
Affy_10406361,0.18218563,0.198
2210408I21Rik,0.4058645,0.176
Fam172a,0.39151117,0.176
Pou5f2,0.97918632,0.004
Affy_10406401,0.7472227,0.041
Affy_10406403,0.62143024,0.093
Gm8371,0.23303078,0.225
Arrdc3,0.44943241,-0.358
Actg1,0.077695677,0.484
Lysmd3,0.80731402,0.05
Mblac2,0.059350752,0.559
Cetn3,0.51998521,0.138
Mef2c,0.86732794,-0.035
Gm10759,0.6303058,0.075
AY512938,0.7932519,0.062
Ndufc1,0.9478583,0.014
mir-9-2,0.41200713,-0.126
Gm5452,0.22570041,0.477
Tmem161b,0.61725154,0.104
Ccnh,0.35779284,0.2
Affy_10406493,0.69853744,-0.074
Rpl21,0.99312935,0.001
Affy_10406501,0.3314891,0.242
Edil3,0.079572518,-0.298
Hapln1,0.50040443,-0.18
Tmem167a,0.93617694,0.017
Tmem167a,0.098191106,0.488
Affy_10406538,0.48500208,-0.175
Rps23,0.75900173,-0.042
Affy_10406546,0.65636968,-0.083
Affy_10406548,1,0
Ssbp2,0.60675093,-0.214
Acot12,0.23207336,-0.232
Dhfr,0.39396069,0.223
Ankrd34b,0.66760841,-0.094
Serinc5,0.28211482,-0.183
Mtx3,0.77661899,0.095
Gm4814,0.4996675,-0.184
Homer1,0.33290099,0.18
Dmgdh,0.10369083,-0.497
Arsb,0.0744261,0.985
Arsb,0.10027692,0.689
Lhfpl2,0.11963091,0.242
Ap3b1,0.44581953,-0.124
Tbca,0.35383325,0.156
Otp,0.36388656,-0.136
Wdr41,0.79698988,0.031
Zbed3,0.27777567,0.198
F2rl2,0.15947811,0.321
Affy_10406740,0.01775561,0.291
Poc5,0.21297322,-0.211
Col4a3bp,0.24049123,0.216
Gcnt4,0.43759252,0.395
Fam169a,0.59383761,-0.076
Gfm2,0.45440563,0.123
Enc1,0.26533876,0.338
Affy_10406823,0.31723589,-0.174
Ankra2,0.73127705,0.053
Gm8780,0.50792962,-0.161
Btf3,0.25026558,-0.256
Foxd1,0.7101167,-0.065
Affy_10406849,0.60033666,-0.074
Cnn3,0.97625489,0.01
Rpl27a,0.91822646,0.016
Gm807,0.084110862,-0.373
Zfp366,0.96797739,0.007
Mrps27,0.94808931,-0.021
Serf1,0.82802993,0.052
Smn1,0.45974674,0.126
Affy_10406896,0.86714897,0.043
Taf9,0.93123776,-0.013
Ccdc125,0.92450804,0.023
Affy_10406918,0.23317989,-0.18
Cd180,0.27736041,0.765
Etv1,0.79199825,-0.053
Affy_10406937,0.24935062,-0.24
Rpl21,0.90735422,0.014
Sgtb,0.48159292,0.194
Trim23,0.55962121,0.139
Cenpk,0.16209142,0.315
Adamts6,0.35131779,0.381
Srek1ip1,0.21170994,0.2
Gm4938,0.99051171,0.003
4933425L06Rik,0.92853026,0.018
Htr1a,0.74149076,-0.074
Gm10739,0.73771596,0.045
Esco1,0.86998466,0.035
Dimt1,0.017408919,0.913
3830408C21Rik,0.80952258,-0.06
Gm2736,0.62636799,0.116
Smim15,0.59948985,0.1
Ercc8,0.45636865,-0.157
Elovl7,0.84727676,0.062
Depdc1b,0.34054543,0.165
Pde4d,0.31151348,0.303
Rps3a,0.71757684,-0.076
Affy_10407122,0.34870129,0.406
AI452195,0.36735226,0.388
Plk2,0.39036721,0.346
Actbl2,0.4335055,-0.118
Mier3,0.082588239,-0.415
Ankrd55,0.37402073,-0.206
Il6st,0.96848076,0.004
Slc38a9,0.64170622,0.083
4833412L08Rik,0.94534288,-0.014
Ppap2a,0.11132417,0.321
Dhx29,0.42575124,0.145
Ccno,0.59075592,-0.141
Gm6320,0.049642148,-0.416
Cdc20b,0.94351671,-0.016
mir-449c,0.30533183,-0.21
mir-449a,0.52406995,-0.168
Affy_10407278,0.88967988,-0.027
Esm1,0.41036699,-0.226
BC067074,0.96319232,0.009
Arl15,0.48530457,0.164
4930544M13Rik,0.15563286,-0.33
Mocs2,0.40526302,0.119
Pelo,0.61655373,-0.097
Rpl34,0.13495143,0.382
Affy_10407321,0.82798733,-0.044
Hmgb1,0.7823858,0.058
Emb,0.13844784,0.369
Hcn1,0.78745498,0.042
Affy_10407346,0.97033547,0.009
Mrps30,0.77089552,-0.044
Fgf10,0.31099644,-0.194
Nnt,0.17432408,-0.279
Paip1,0.59439468,0.118
C5orf34,0.23080051,1.139
Gm7120,0.18354929,0.882
Ptbp1,0.9913531,0.002
Fam208b,0.86847067,-0.032
Calml3,0.82549171,0.039
Net1,0.50567551,0.148
Ucn3,0.013916778,-0.384
Akr1c18,0.9025102,0.032
Akr1c12,0.8825774,0.043
Gm9973,0.039838234,-0.332
Akr1c20,0.81613096,-0.062
Akr1e1,0.58640968,0.093
Pfkp,0.1442589,0.34
Rpl35a,0.67691164,0.089
Affy_10407509,0.24898598,-0.223
Adarb2,0.88481739,-0.052
Wdr37,0.76752539,0.041
Affy_10407533,0.16244423,-0.366
Rpl10a,0.090461446,-0.234
Idi2,0.94642407,0.012
Gtpbp4,0.52621438,-0.172
Affy_10407563,0.57402275,-0.123
Gtpbp4,0.64063321,-0.074
Zmynd11,0.86795707,0.019
Chrm3,0.87614698,-0.092
Ryr2,0.48994416,-0.11
Affy_10407704,0.55628269,-0.127
Gm10336,0.240256,0.273
Mtr,0.35205769,0.189
Actn2,0.40847962,-0.162
Lgals8,0.30106017,-0.217
Edaradd,0.86167324,-0.031
Gpr137b-ps,0.91759305,0.055
Prl2c3,0.49935531,-0.143
Gm10811,0.40376822,0.186
Gpr137b,0.91797494,0.048
Gpr137b,0.39884918,0.122
Hnrnpf,0.58967576,-0.07
Tbce,0.55512214,0.094
Ggps1,0.25221286,0.28
Hecw1,0.30276414,-0.252
Mrpl32,0.94833203,0.015
C7orf10,0.81372865,-0.117
Cdk13,0.9016933,-0.024
Rala,0.66986788,0.084
Affy_10407912,0.69507297,-0.077
Yae1d1,0.73105448,0.059
Vdac3,0.74432868,0.047
Bat4,0.47392378,-0.127
Vdac3,0.74432868,0.047
Pou6f2,0.24295049,-0.255
Naip3,0.18636796,0.509
Stard3nl,0.029831049,0.564
Epdr1,0.40897723,0.203
Txndc3,0.89321457,0.021
A530099J19Rik,0.39160714,-0.222
Gpr141,0.29731067,0.184
Srsf10,0.9790305,-0.004
Olfr1370,0.26109505,-0.266
Olfr1368,0.82207716,0.035
Gpx5,0.029297948,-0.338
Gm11270,0.36457141,-0.333
Affy_10408008,0.57437141,0.236
Zkscan3,0.64717552,0.078
Pgbd1,0.063591821,-0.389
Zfp187,0.57764778,0.091
Nkapl,0.40236217,-0.15
Zkscan4,0.990591,-0.004
Cox5b,0.20922312,-0.289
Zfp389,0.65145233,0.097
Zfp192,0.62067738,0.073
Olfr1366,0.6969387,0.098
Olfr1535,0.023020933,-0.366
Olfr1364,0.94090407,-0.013
Olfr1362,0.78316974,-0.052
Olfr11,0.71751168,-0.076
Olfr1361,0.37754435,-0.184
Olfr1359,0.58533832,0.125
Gm13646,0.41630439,-0.202
Gm11276,0.31537688,0.214
Hist1h4b,0.87051771,0.037
Hist1h2ak,0.1361817,0.384
Hist1h1b,0.29473545,0.225
Hist1h3g,0.04303552,0.751
Hist1h2an,0.2244322,0.253
Gm13646,0.54954027,-0.116
Hist1h4m,0.90287846,0.028
Gm11276,0.406762,0.167
Prss16,0.4104149,-0.148
Gm11276,0.31178854,0.211
Hist1h4i,0.44143418,0.131
Gm11276,0.28438365,0.214
Gm11285,0.088947468,-0.37
Vmn1r189,0.019983135,-0.42
Vmn1r190-ps,0.81209201,-0.068
Gm11284,0.7957376,-0.075
V1rh15,0.64386972,-0.109
Vmn1r192,0.6495727,-0.09
Vmn1r193,0.47556306,0.133
Affy_10408136,0.97682572,0.005
Vmn1r202,0.98278769,-0.004
Vmn1r205,0.99004305,0.002
Vmn1r206,0.4212705,0.138
Vmn1r208,0.57318108,-0.097
Vmn1r208,0.049091981,-0.67
Vmn1r206,0.94855639,0.009
Vmn1r210,0.42226852,-0.196
Vmn1r211,0.17538109,-0.269
Vmn1r212,0.64245004,0.077
Vmn1r217,0.46160672,-0.119
Vmn1r220,0.66976684,0.049
Vmn1r222,0.6389833,-0.112
Zfp322a,0.98887469,0.004
Abt1,0.75896979,-0.06
Affy_10408173,0.43396491,-0.214
Btn1a1,0.36855259,-0.155
Btn2a2,0.89531673,0.033
Hist1h2bh,0.6645155,0.143
Hist1h4f,0.72636817,0.084
Hist1h3f,0.06194987,0.72
Hist1h2ae,0.56818961,0.119
Hist1h2bc,0.92133953,-0.021
Hist1h1e,0.73841339,0.062
Hist1h2ac,0.40209382,-0.2
Hist1h2bc,0.59243527,-0.146
Hist1h4c,0.14147077,0.622
Hfe,0.049094215,0.653
Hist1h3f,0.044791252,0.759
Affy_10408241,0.5902727,-0.083
Hist1h4b,0.84696203,0.044
Hist1h3a,0.052345071,0.714
Affy_10408249,0.3552392,-0.291
Slc17a4,0.78810097,0.119
Hist1h2ba,0.70516825,0.08
Scgn,0.87705197,0.027
Lrrc16a,0.86129345,-0.094
Gmnn,0.54724008,-0.116
Gmnn,0.021977471,0.853
Acot13,0.10079666,0.363
Aldh5a1,0.16196028,0.242
Gm9983,0.64167775,0.106
Mrs2,0.68405671,0.06
Nrsn1,0.16291067,-0.249
Gm11349,0.86795166,0.042
Hdgfl1,0.65542922,-0.093
Prl2b1,0.79801066,0.04
Prl8a6,0.83464048,-0.03
Prl8a8,0.52812841,0.083
Prl8a9,0.49841818,-0.096
Prl8a1,0.73396606,-0.068
Prl7b1,0.70037929,0.069
Prl7a1,0.21201149,-0.198
Prl7a2,0.27202611,0.181
Prl7d1,0.29924895,-0.18
Prl7c1,0.72831485,-0.091
Sox4,0.28106161,0.269
Cdkal1,0.60394167,0.074
E2f3,0.91463237,0.026
E2f3,0.79164757,0.084
Affy_10408485,0.56724527,-0.114
Uqcrfs1,0.3805574,0.16
Exoc2,0.20032668,0.213
Hus1b,0.61143344,-0.08
Foxq1,0.045795723,-0.526
1700018A04Rik,0.66957162,-0.083
Affy_10408529,0.50505642,-0.13
Gmds,0.092569077,0.549
Affy_10408541,0.89400578,0.019
Mylk4,0.27069737,-0.185
Wrnip1,0.6739189,-0.084
Serpinb1a,0.52425973,0.598
Serpinb1c,0.99171952,-0.002
Affy_10408572,0.59815584,0.107
Affy_10408574,0.72084294,0.075
Serpinb9c,0.060401753,-0.324
Serpinb6e,0.97470001,-0.004
Serpinb6c,0.64931915,-0.103
Serpinb6a,0.35115669,0.264
Tubb2a,0.1093818,1.174
Tubb2b,0.030721626,0.62
Slc22a23,0.57537826,-0.094
C6orf145,0.01784819,0.358
Gm8231,0.81626703,0.058
1700026J04Rik,0.88026821,0.028
Eci3,0.86370081,0.05
Peci,0.52550566,-0.175
Rpp40,0.50996884,0.552
Lyrm4,0.53092168,-0.106
Tmed10,0.5311361,-0.114
Hmgb1,0.67539369,0.068
Nrn1,0.30909638,-0.52
F13a1,0.57265705,0.15
Ssr1,0.69182358,-0.089
Cage1,0.79004283,0.036
Dsp,0.92362535,-0.022
Txndc5,0.93927109,0.016
Muted,0.2352338,0.278
Eef1e1,0.78660825,-0.05
Slc35b3,0.99612264,-0.001
Ofcc1,0.75077006,-0.051
Affy_10408787,0.24158346,-0.31
Ofcc1,0.6413396,-0.085
Tcfap2a,0.62075035,-0.087
Affy_10408810,0.54712724,-0.144
Mak,0.83933937,-0.039
Gcm2,0.75796351,-0.054
Elovl2,0.67361844,0.126
Affy_10408848,0.91613896,-0.043
Nedd9,0.97828674,-0.009
9530008L14Rik,0.83340881,-0.048
Tbc1d7,0.52717063,0.294
Gfod1,0.84006289,-0.029
Ranbp9,0.60777324,-0.091
Affy_10408898,0.51540737,-0.232
Affy_10408900,0.21456496,-0.272
Ccdc90a,0.70887065,0.055
Dtnbp1,0.34849831,-0.141
Affy_10408926,0.9863592,0.003
Hspb1,0.19056199,1.026
Gm8513,0.91647028,-0.026
Gm10786,0.39966418,-0.368
Atxn1,0.98625461,0.004
Gm10113,0.58590041,-0.095
Affy_10408950,0.65564804,-0.147
Nup153,0.53888455,-0.077
Kif13a,0.9769356,0.005
Snora55,0.77645451,-0.123
Nhlrc1,0.069091389,-0.443
Tpmt,0.22776807,-1.029
Dek,0.77514983,0.061
4931429P17Rik,0.16469724,-0.301
Zfp169,0.22209995,0.206
let-7d,0.35591734,0.238
let-7f-1,0.047589795,0.411
let-7a-1,0.55161014,-0.108
Ptpdc1,0.38607792,0.161
Phf2,0.63256837,-0.083
Fam120a,0.24127388,-0.122
Wnk2,0.984196,-0.004
1110007C09Rik,0.68949302,-0.06
Susd3,0.47018645,-0.115
Fgd3,0.97625269,0.009
Cenpp,0.69037229,0.077
Gapdh,0.83130343,0.03
LTR_Affy_10409202,0.02084807,-1.036
Gm10784,0.068275038,-0.28
Gm6554,0.21628464,-0.231
Gm906,0.78449433,-0.054
Affy_10409212,0.2561244,0.226
mir-683-1,0.66451768,0.077
mir-683-1,0.66451768,0.077
2310081J21Rik,0.64523206,-0.094
Hist2h2aa1,0.37211513,0.157
Shc3,0.59321359,-0.101
Affy_10409236,0.53903558,-0.138
Sema4d,0.59893874,0.131
Affy_10409259,0.87943286,0.05
Diras2,0.71119176,-0.108
Auh,0.7732227,-0.056
Affy_10409276,0.43746676,0.428
Nfil3,0.4153007,0.237
Ror2,0.30835021,-0.322
Sptlc1,0.67370044,0.086
Affy_10409311,0.13862533,0.264
Msx2,0.4505598,-0.157
Drd1,0.18114447,-0.378
Thoc3,0.45389875,-0.133
Kiaa1191,0.79094087,0.034
Nop16,0.44358628,-0.144
Cltb,0.96093999,-0.007
Rnf44,0.41812453,-0.116
Gprin1,0.12266118,-0.353
Sncb,0.15549146,-0.311
Hk3,0.088593028,0.416
Uimc1,0.71363545,0.055
Rab24,0.24093801,-0.176
Mxd3,0.84019787,-0.041
Lman2,0.71615125,-0.064
Pfn3,0.76242628,0.068
F12,0.97723634,-0.008
Dbn1,0.71192937,-0.06
Pdlim7,0.70178964,-0.046
Dok3,0.64771054,-0.112
Ddx41,0.54475012,0.107
Fam193b,0.80352146,0.04
Affy_10409539,0.87653761,0.025
Affy_10409541,0.06629121,-0.436
Caml,0.72767508,-0.076
Affy_10409545,0.69277565,-0.097
4930451E10Rik,0.9384527,-0.018
Pitx1,0.26508622,-0.296
H2afy,0.79274838,0.049
Tifab,0.81524875,0.055
Neurog1,0.45859514,-0.151
Cxcl14,0.12405854,-0.974
Il9,0.92980529,-0.019
Lect2,0.40709408,-0.239
Affy_10409599,0.31445817,-0.154
Trpc7,0.17317215,-0.364
Spock1,0.36541839,0.179
Klhl3,0.9423272,-0.014
Hnrnpa0,0.52192334,-0.115
Ubqln1,0.68178879,0.06
Gkap1,0.57124998,0.143
Kif27,0.27054244,-0.181
C9orf64,0.36306237,0.157
Hnrnpk,0.3341689,-0.104
mir-7a-1,0.35265758,0.204
Affy_10409711,0.87642572,0.038
Slc28a3,0.19866232,0.244
Affy_10409734,0.78367687,0.058
Agtpbp1,0.87462486,0.036
Golm1,0.9804092,0.012
4921517D22Rik,0.59717546,-0.14
1700013B16Rik,0.36080129,-0.261
4932411G14Rik,0.9765767,-0.006
1700014D04Rik,0.60624597,0.13
Isca1,0.79675219,0.036
Zcchc6,0.54270157,-0.112
Gas1,0.32075921,0.232
BC051665,0.18228756,-0.313
Ctsll3,0.70477003,-0.089
4930486L24Rik,0.31458999,-0.195
Ctla2b,0.54615809,0.156
Tpbpb,0.58646597,-0.091
Ctla2a,0.20251918,0.39
Tpbpa,0.75511034,-0.068
Ctsj,0.44121131,0.104
Ctsq,0.50485182,-0.123
Ctsr,0.073798591,-0.358
Cts6,0.94270135,0.01
Cts8,0.20874584,0.175
Cts7,0.60429297,0.095
Ctsm,0.95311491,0.009
Cts3,0.8934546,0.025
mir-713,0.72420536,0.082
Rps18,0.49888208,-0.135
8430426H19Rik,0.45623797,0.262
Zfp808,0.42276534,0.152
C1orf43,0.95000084,-0.012
Taf1d,0.88187329,-0.046
6720489N17Rik,0.17779091,0.454
Affy_10409992,0.89136226,-0.043
Gm5665,0.68209731,-0.066
Fbp2,0.41490445,-0.159
Fbp1,0.85240829,0.028
Fancc,0.25314528,0.288
Ptch1,0.72593286,-0.07
Rpl10a,0.13776719,-0.214
Hsd17b3,0.63658847,-0.061
Slc35d2,0.51331829,-0.269
Zfp367,0.064707301,0.318
Cdc14b,0.23228345,0.23
C9orf21,0.27388243,0.284
Ctsl,0.73473834,-0.079
Gm7712,0.62263177,0.118
LOC674402,0.76467773,0.124
Cntnap3,0.60130331,-0.1
Cntnap3,0.35103848,-0.211
Cntnap3,0.9958136,0.001
Cntnap3,0.64105685,0.089
Cntnap3,0.14904573,-0.335
Cntnap3,0.25458615,-0.24
Prss47,0.33200002,-0.195
Hiatl1,0.4016331,0.212
Nlrp4f,0.89113183,0.016
Nlrp4f,0.028966118,-0.235
Cbx3,0.84805154,0.038
Rybp,0.059900373,-0.476
Zfp640,0.73676689,-0.044
Gm10770,0.35119648,-0.147
Affy_10410216,0.17673076,-0.209
C330022B21Rik,0.61267031,0.08
Vmn2r-ps104,0.58037165,-0.108
LOC100044384,0.37698014,-0.19
2410141K09Rik,0.94038006,0.013
Zfp640,0.26286636,0.268
Zfp640,0.2192768,0.275
Affy_10410252,0.060212321,-0.256
Zfp640,0.4563954,0.127
Uqcrb,0.95015457,0.012
Mterfd1,0.45808678,0.141
Zfp708,0.098162526,0.77
Affy_10410279,0.26900517,0.242
Zfp458,0.18414121,0.306
Zfp93,0.96466346,0.012
Zfp595,0.44362738,0.234
E130120F12Rik,0.010613225,0.798
Affy_10410309,0.84043041,0.057
Zfp456,0.70318759,0.114
Zfp459,0.53292157,0.192
Zfp874,0.1258986,0.684
9630025I21Rik,0.29322184,0.4
Zfp58,0.75480876,-0.1
Zfp87,0.29155641,0.329
Zfp748,0.25614255,0.262
AA987161,0.13493883,0.385
A530054K11Rik,0.15729707,-0.54
6720487G11Rik,0.006388419,0.976
6720487G11Rik,0.01742325,0.66
Zfp738,0.24370165,-0.191
Zfp71-rs1,0.39770367,0.172
Zfp85-rs1,0.22605644,0.497
Affy_10410380,0.18735311,-0.211
E430024C06Rik,0.1934443,3.04
E430024C06Rik,0.1934443,3.04
Affy_10410390,0.71348997,-0.087
Mtrr,0.091929041,-0.554
Adcy2,0.35101946,-0.248
Papd7,0.84844004,-0.035
A530095I07Rik,0.85846496,-0.034
Srd5a1,0.44714363,0.338
Ube2ql1,0.092516178,-0.588
Gm6132,0.44840046,0.279
Kiaa0947,0.18677479,0.186
Kiaa0947,0.31426946,-0.219
Adamts16,0.34686149,-0.146
Irx1,0.16647929,-0.397
Rpl9,0.19550305,-0.158
Ndufs6,0.70978287,0.068
Slc6a18,0.9573302,0.015
Slc6a19,0.54204772,-0.146
Nkd2,0.50163199,-0.164
Trip13,0.13091598,0.203
Cep72,0.5444796,0.115
Exoc3,0.25102447,0.17
Ahrr,0.596919,0.13
Pdcd6,0.6862703,-0.061
Sdha,0.32818384,-0.13
Lrrc14b,0.36837695,0.152
Zfp72,0.039143357,0.49
Zfp825,0.30440314,0.24
Affy_10410654,0.91435755,-0.024
Cast,0.24255245,0.19
Affy_10410687,0.66135014,-0.101
Affy_10410690,0.22772864,-0.276
Rhobtb3,0.32001474,-0.312
Rfesd,0.16459838,0.336
Gpr150,0.62739369,-0.08
Arsk,0.91165576,0.034
Fam81b,0.6132214,-0.114
Mctp1,0.27428916,-0.266
Ankrd32,0.22298255,0.168
Ankrd32,0.20624456,0.203
Nr2f1,0.64579905,-0.074
Rpl21,0.37465723,-0.102
Affy_10410774,0.97126371,0.008
Affy_10410776,0.20021408,0.233
Gpr98,0.5217852,-0.104
Polr3g,0.018612621,0.723
Rps2,0.20526909,0.375
Affy_10410889,0.83320904,0.04
Rasa1,0.44002007,0.135
Gm5666,0.97785674,0.009
Cox7c,0.95215771,-0.007
Affy_10410925,0.12152132,0.294
LOC280487,0.17746195,2.12
Agk,0.70674323,-0.097
Vcan,0.84636361,-0.048
Xrcc4,0.71499485,0.08
Atp6ap1l,0.88988416,-0.029
Atg10,0.071880182,0.254
Hnrnpk,0.8722582,0.023
Affy_10410973,0.22807503,0.288
Zcchc9,0.7591058,-0.049
Ckmt2,0.076692013,-0.308
Rasgrf2,0.4673059,-0.116
Msh3,0.92832622,0.017
Fam151b,0.98379868,-0.004
Zfyve16,0.91518689,-0.026
Spz1,0.28582345,-0.268
Thbs4,0.50105392,-0.126
Gm10753,0.45939472,-0.192
Cmya5,0.13518219,-0.22
Papd4,0.6491521,0.103
Jmy,0.9666683,0.007
Bhmt,0.69540694,-0.149
Bhmt2,0.22616791,-0.337
Scamp1,0.16612312,-0.263
Affy_10411167,0.79729901,-0.07
Gm9776,0.6484636,0.119
Pde8b,0.13944577,-0.286
Aggf1,0.26842543,0.21
Crhbp,0.85701537,-0.036
S100z,0.078611168,-0.329
F2rl1,0.32459182,-0.207
F2r,0.48475583,0.306
Iqgap2,0.44108333,-0.107
Affy_10411272,0.89038694,-0.027
Sv2c,0.89793743,0.026
Btf3l4,0.79749431,0.041
Ankdd1b,0.3836879,-0.158
Polk,0.35719078,0.245
Hmgcr,0.73379915,-0.246
1700029F12Rik,0.64507958,0.087
Plp2,0.33977155,0.242
Nsa2,0.69436492,-0.039
Hexb,0.35058512,0.589
5330416C01Rik,0.26987245,0.115
Rps18,0.10922447,-0.31
Rgnef,0.76083395,-0.059
Utp15,0.59608133,-0.09
Btf3,0.27878678,-0.129
Gapdh,0.70001164,-0.055
Sec61b,0.98621734,0.005
Tmem174,0.10617583,-0.318
Tmem171,0.43034753,-0.2
Fcho2,0.64386905,0.066
Tnpo1,0.39963947,0.158
1700024P04Rik,0.79105425,-0.032
Gm2524,0.69028031,-0.149
Ptcd2,0.16062834,0.289
Mtap1b,0.75123019,-0.056
Cartpt,0.88057348,-0.031
Mccc2,0.89455381,0.03
Bdp1,0.84659979,0.031
Serf1,0.17561812,-0.324
Naip2,0.18941451,0.784
Affy_10411609,0.000642216,-0.817
Naip5,0.3541348,0.469
Naip6,0.23045551,0.602
Naip1,0.098940884,0.583
Gtf2h2,0.4499256,0.162
Ocln,0.54378148,-0.188
Marveld2,0.60171,-0.103
Rad17,0.93404029,-0.019
Cdk7,0.083672311,0.314
Cdk7,0.46041556,0.122
Mrps36,0.078387548,0.342
Cenph,0.69172337,-0.077
Ccnb1,0.95399556,0.015
Slc30a5,0.30262752,-0.237
LOC638361,0.9850606,0.009
H3f3a,0.80708898,0.037
Affy_10411780,0.47615589,-0.139
Pik3r1,0.31332718,-0.163
Mast4,0.74829968,0.061
Srsf12,0.7238096,-0.052
Erbb2ip,0.48800619,-0.119
Nln,0.84610353,0.093
2410002O22Rik,0.48880872,0.086
Ppwd1,0.24677028,0.274
Cwc27,0.12519716,0.296
Fam159b,0.83129931,0.04
Rgs7bp,0.47806852,0.148
Rnf180,0.61440568,0.101
Dph3b-ps,0.0420253,-0.364
Affy_10411972,0.74983312,0.054
Ipo11,0.56779783,0.095
Kif2a,0.29316892,0.215
Apoo-ps,0.22819632,0.31
Zswim6,0.56541252,0.146
Ndufaf2,0.24441875,-0.216
Gm8985,0.56343092,-0.137
Gm6233,0.79282209,0.067
Affy_10412064,0.14369687,-0.22
Rab3c,0.44202515,0.125
Gemin8,0.3637166,-0.268
Gapt,0.3968096,-0.221
Gpbp1,0.33828042,0.212
Rpl41,0.4982867,-0.138
Map3k1,0.14666373,0.43
Ncf2,0.50778576,0.251
Il31ra,0.67291569,-0.068
Ddx4,0.79164364,0.042
Skiv2l2,0.40686783,0.193
Gm10735,0.65537722,0.093
Gpx8,0.93484537,0.022
Gzma,0.30523792,0.228
Gzmk,0.82139501,0.037
Snx18,0.643506,-0.06
Hspb3,0.31403268,0.196
A430090L17Rik,0.64710584,-0.102
Ndufs4,0.9528167,-0.009
Affy_10412258,0.95227848,0.02
Fst,0.32503328,0.217
Itga2,0.4995131,-0.169
Affy_10412296,0.40743413,-0.198
Itga1,0.71192576,0.068
Pelo,0.55266039,-0.107
Gm10733,0.64848313,0.073
Isl1,0.40826667,-0.208
Parp8,0.086399569,0.771
Emb,0.73049962,-0.075
H3f3a,0.48480937,-0.1
Affy_10412380,0.23898268,0.275
Mrps30,0.25762553,0.267
Gm10732,0.19511789,-0.28
Nnt,0.22824909,-0.933
C5orf34,0.75171561,0.08
3110070M22Rik,0.28008658,-0.213
Zfp131,0.31395116,0.456
E130304F04Rik,0.437223,-0.178
Cts3,0.8934546,0.025
Ctsm,0.95311491,0.009
Hmgcs1,0.54547831,0.524
2410127L17Rik,0.4048523,0.202
Affy_10412483,0.41821913,-0.144
Affy_10412488,0.23807539,-0.383
Affy_10412491,0.78947878,-0.035
Affy_10412495,0.86479,-0.02
Affy_10412500,0.3048585,-0.325
Affy_10412503,0.75973141,0.035
Gm5458,0.96098793,-0.008
Gm10021,0.3060964,-0.202
Affy_10412520,0.81934808,-0.025
Gm16440,0.90964596,-0.014
Gm5458,0.95313339,0.006
D830030K20Rik,0.84834029,-0.033
Gm10044,0.11898885,-0.334
Slbp,0.6045914,0.122
Flnb,0.33623911,0.231
Abhd6,0.52356508,0.18
Rpp14,0.3428422,0.229
Pxk,0.61433614,-0.078
Affy_10412646,0.44027655,-0.166
Kctd6,0.58477684,0.068
2610318M16Rik,0.91402151,-0.021
Affy_10412657,0.76630683,-0.223
Affy_10412659,0.19678013,0.293
Affy_10412661,0.53793836,-0.107
Gm8429,0.49963589,-0.19
Rpl21,0.63155949,-0.056
Ptprg,0.46691121,0.156
Ptprg,0.61443737,-0.121
C3orf14,0.29176713,0.261
Uqcrb,0.97321824,0.007
Affy_10412713,0.54178277,-0.118
Synpr,0.35796919,-0.189
Sntn,0.14927061,-0.222
Affy_10412735,0.87163141,-0.029
Atxn7,0.78188992,0.057
Gm8471,0.42142367,0.296
Olfr31,0.64002485,0.08
Il3ra,0.1487908,-0.309
Affy_10412771,0.91919681,0.02
Slc4a7,0.88472872,0.027
Nek10,0.55234438,-0.076
B230110C06Rik,0.32800234,-0.292
Gm10403,0.55043587,-0.134
Affy_10412828,0.31945595,0.268
Ngly1,0.23576834,0.204
Top2b,0.16840452,0.236
Thrb,0.15485428,0.261
Gm7084,0.32396263,-0.25
Nkiras1,0.17454458,-0.602
Affy_10412907,0.19612373,-0.288
Fdft1,0.83631495,-0.112
Fdft1,0.52715513,-0.173
Gm8584,0.43970057,0.222
Affy_10412919,0.78498732,-0.06
Nid2,0.068175264,0.294
Nudt13,0.86786764,0.024
Fam149b,0.35095489,0.126
1810062O18Rik,0.70286946,-0.098
Sec24c,0.81068425,0.034
Fut11,0.69867015,0.076
Fut11,0.27083472,-0.537
Chchd1,0.16916326,0.339
2310021P13Rik,0.77083665,-0.042
Plau,0.51461458,0.184
Vcl,0.66784289,0.08
Adk,0.90801633,0.014
Myst4,0.75410741,-0.069
Samd8,0.089372428,-0.312
Affy_10413136,0.60179622,0.109
Vdac2,0.38522349,-0.15
A430057M04Rik,0.85655078,0.048
C10orf11,0.61754222,-0.234
Cnot1,0.82061738,-0.039
E330034G19Rik,0.92336664,0.014
Affy_10413171,0.64901863,0.083
Rps24,0.13599089,0.234
4931403M11Rik,0.45578835,0.187
Gm10398,0.54787535,-0.171
Zmiz1,0.23956583,0.188
Zmiz1,0.55661128,-0.098
4931406H21Rik,0.99349423,0.002
Gm10397,0.31794128,0.208
Ppif,0.47033149,-0.114
Anxa11,0.8014922,0.04
Cphx,0.60982718,0.148
Duxbl,0.8121197,0.045
Cphx,0.64457971,0.14
Duxbl,0.27143698,0.2
Cphx,0.60982718,0.148
Duxbl,0.27143698,0.2
4933413J09Rik,0.74433546,-0.078
Affy_10413280,0.36541026,-0.199
Fam116a,0.71372976,0.071
Arf4,0.86420421,-0.037
Pde12,0.025352078,-0.457
Dnahc7l,0.52960018,-0.102
Dnahc12,0.51827536,0.12
Dnahc12,0.56631869,-0.116
Affy_10413377,0.26768891,-0.251
Asb14,0.60446042,0.076
Hesx1,0.68500767,-0.074
Il17rd,0.30090954,-0.156
Il17rd,0.85490759,0.034
Arhgef3,0.70383059,0.089
D14Abb1e,0.95986251,0.012
Erc2,0.67466916,-0.091
Wnt5a,0.65335247,-0.121
Lrtm1,0.56457084,0.435
Selk,0.58292222,0.179
Actr8,0.58136728,-0.085
Chdh,0.21876583,0.257
Affy_10413528,0.1474005,-0.451
Dcp1a,0.29938649,0.213
Tkt,0.050320469,0.645
Rft1,0.22846827,0.19
Sfmbt1,0.28092771,-0.139
Sfmbt1,0.69278684,-0.106
Tmem110,0.29076858,0.218
Mustn1,0.054373274,0.664
Itih4,0.71740409,-0.065
Nek4,0.57820741,0.106
Glt8d1,0.68056359,0.067
Pbrm1,0.73443294,0.072
Pbrm1,0.49936186,-0.116
Pbrm1,0.77704943,-0.05
Nt5dc2,0.18198662,-0.447
Tnnc1,0.61941493,0.115
Sema3g,0.41206569,-0.148
Bap1,0.8391129,0.027
Capn7,0.57809999,0.098
Eaf1,0.44705163,-0.096
Btd,0.25604476,0.204
Affy_10413808,0.71086569,0.067
D830044D21Rik,0.34177921,-0.24
Galntl2,0.75124523,0.072
Oxnad1,0.047103119,0.437
Msmb,0.22932709,-0.268
Ncoa4,0.689448,-0.048
Parg,0.40112855,0.152
Ogdhl,0.37811451,0.15
Ercc6,0.50648062,-0.092
Prrxl1,0.76082534,-0.067
1810011H11Rik,0.9178868,0.025
Fam170b,0.34262041,-0.268
E130203B14Rik,0.45164737,-0.157
Lrrc18,0.56819776,-0.103
Lrrc18,0.047942237,-0.362
Arhgap22,0.68324585,-0.087
Gm626,0.1275606,-0.328
Gm626,0.45062642,-0.178
Gm626,0.79108599,-0.053
Gm626,0.65289114,-0.11
Gm626,0.66724792,-0.11
Gm626,0.65323597,-0.081
Gm626,0.54648444,-0.154
Gm626,0.8857478,-0.034
Gm626,0.80545689,-0.049
Gm626,0.19772142,-0.326
Gm626,0.89203094,-0.023
Gm626,0.84970848,-0.043
Gm626,0.40825616,-0.163
Gm626,0.94943259,0.011
Gm626,0.81076862,-0.049
Ptpn20,0.11455623,-0.243
Affy_10414023,0.29078168,0.136
Gdf10,0.077624978,0.418
Gdf2,0.83557665,-0.048
Rbp3,0.48951575,-0.172
Gm5460,0.37530627,-0.174
Antxrl,0.99441916,-0.001
Anxa8,0.074673645,-0.413
Rpl23a,0.93277427,0.008
Syt15,0.55308178,-0.109
Glud1,0.2880791,-0.24
Mmrn2,0.70768533,-0.077
Wapal,0.87054152,0.03
Grid1,0.014436258,0.723
Mir346,0.32918451,-0.231
4930474N05Rik,0.33093414,0.263
Affy_10414161,0.67473622,0.106
Lrit1,0.51745415,-0.157
Lrit2,0.75851413,0.091
Gm5203,0.77030312,-0.066
Gm10713,0.94961633,0.012
Affy_10414177,0.97951863,-0.004
Affy_10414179,0.7887693,-0.094
Dydc1,0.52492428,0.109
Mat1a,0.68222734,0.086
Sftpa1,0.13489108,-0.401
Mbl1,0.84573675,-0.045
4930503E14Rik,0.83303294,-0.025
Gm5622,0.91751766,-0.009
Gm5622,0.8094914,-0.022
1700024B05Rik,0.35945857,0.116
4930503E14Rik,0.29069098,0.13
4930503E14Rik,0.71453635,0.038
Rbmxrt,0.069182514,0.216
Affy_10414258,0.68927726,0.206
Ang3,0.54417788,-0.152
Ear2,0.82272519,0.188
BC061237,0.46533887,-0.323
Bnip3,0.9387908,-0.031
Ptger2,0.56565999,0.086
Gpr137c,0.059932697,-0.361
Psmc6,0.028951616,0.312
Styx,0.81742968,-0.036
Ubb,0.1433849,-0.186
Cdkn3,0.8705623,0.038
Cgrrf1,0.48147992,0.125
Samd4,0.73117663,-0.098
Socs4,0.72605926,-0.084
Mapk1ip1l,0.7707478,-0.044
Lgals3,0.38365899,0.283
Fbxo34,0.14890958,-0.3
Gm6616,0.90250574,-0.02
Ktn1,0.20035975,0.244
Peli2,0.12831855,0.327
Gm6498,0.11320713,0.446
Gapdh,0.56004241,0.116
C14orf101,0.19319191,0.906
Ap5m1,0.43675978,-0.374
Naa30,0.49796041,-0.174
Olfr727,0.65979569,0.07
Tlr11,0.43127378,0.153
Olfr736,0.89006246,-0.042
Olfr738,0.44582765,-0.164
Olfr739,0.77690972,-0.065
Olfr740,0.39446587,-0.148
Olfr741,0.91958044,-0.017
Olfr742,0.60889917,-0.126
Olfr264,0.9520957,0.012
Olfr744,0.64577556,-0.116
Olfr745,0.53491372,-0.121
Olfr746,0.7502344,0.056
Olfr748,0.57093067,-0.145
Affy_10414495,0.89438451,-0.028
Parp2,0.33485336,0.215
Pnp,0.4172275,0.186
Apex1,0.78228724,-0.051
Pnp2,0.32441572,0.225
Rnase10,0.71238051,0.074
Ang,0.80665713,-0.062
Eddm3b,0.759873,-0.053
Rnase6,0.16160763,0.399
Ear5,0.21383471,-0.211
Ear14,0.9014699,-0.025
Gm7247,0.25243343,-0.219
Vmn2r89,0.80931177,-0.023
Gm5622,0.3566977,-0.338
AY358078,0.54367831,0.096
Ear6,0.25433326,-0.262
Mett11d1,0.21984062,0.263
Slc39a2,0.33993878,-0.606
Tppp2,0.52701325,-0.154
Arhgef40,0.13216323,-0.728
G630016D24Rik,0.66158932,-0.084
Snord58b,0.20880389,0.277
Gm8586,0.337249,-0.146
Rpgrip1,0.46973234,-0.183
Tox4,0.18139967,0.299
Affy_10414697,0.14913744,-0.373
Olfr1509,0.31901247,0.161
Affy_10414703,0.89752961,0.025
Affy_10414706,0.32481389,-0.432
Affy_10414708,0.1086554,-0.247
Affy_10414711,0.8588209,-0.04
Trcra,0.074277605,-0.365
Affy_10414717,0.2166946,0.204
Affy_10414720,0.89281254,0.021
Gm13955,0.39449325,0.208
Affy_10414726,0.33455338,-0.169
Gm7174,0.5778118,0.114
LOC100045878,0.43650557,-0.202
Gm13959,0.7204347,-0.109
Affy_10414736,0.75450345,-0.093
LOC547323,0.84764633,-0.033
Gm8736,0.77761841,-0.055
Gm13970,0.79353343,0.059
Affy_10414747,0.14403829,-0.427
Trav13n-1,0.20370077,-0.257
Tcra,0.60888713,-0.084
Gm13979,0.26517709,-0.218
Gm13907,0.29096316,-0.334
Rps19,0.67446022,0.047
Tcra-V8,0.44390196,-0.216
Gm10890,0.12643204,-0.317
Gm17006,0.069581841,-0.336
Tcra,0.57776647,-0.108
Gm13926,0.60043254,-0.13
Gm26,0.34802881,-0.192
ENSMUSG00000076817,0.52714343,0.098
Affy_10414790,0.067370802,-0.294
C920008G01Rik,0.069892623,-0.328
Affy_10414796,0.39301936,-0.195
Affy_10414799,0.30887239,-0.296
Gm10893,0.38547612,-0.426
Trav13d-4,0.08651149,-0.522
Tcra,0.78369884,-0.088
Gm13969,0.20055018,-0.226
Gm13969,0.99264784,-0.002
Tcra,0.97591324,0.004
Tcra,0.60888713,-0.084
Gm13979,0.26517709,-0.218
Gm13907,0.16319143,-0.424
Rps19,0.67446022,0.047
Tcra-V8,0.44390196,-0.216
Gm10890,0.12643204,-0.317
Gm17006,0.069581841,-0.336
Tcra,0.57776647,-0.108
Gm13926,0.60043254,-0.13
A130082M07Rik,0.33159854,-0.283
Gm26,0.34802881,-0.192
ENSMUSG00000076817,0.52714343,0.098
Affy_10414900,0.067370802,-0.294
C920008G01Rik,0.069892623,-0.328
Trav13n-1,0.39301936,-0.195
Affy_10414909,0.46548604,-0.209
Trav13-3,0.25591796,-0.235
Affy_10414914,0.74395807,0.055
Affy_10414917,0.89281254,0.021
Gm16483,0.31075787,-0.313
Gm13955,0.39449325,0.208
Affy_10414926,0.5778118,0.114
Gm13949,0.7573526,-0.045
Affy_10414932,0.59963271,-0.187
LOC547323,0.84764633,-0.033
Gm13969,0.20055018,-0.226
Gm8736,0.60673489,-0.112
Gm8740,0.97968403,0.006
Gm10888,0.34336152,-0.199
Affy_10414950,0.59708415,-0.104
Affy_10414953,0.87657015,-0.048
Gm13907,0.62647495,-0.144
Tcra-V8,0.91164071,0.03
Gm6033,0.10470739,-0.289
Gm13926,0.32138892,0.18
Affy_10414965,0.71870956,-0.144
Gm17006,0.31534771,-0.212
A730076H11Rik,0.18608932,-0.493
B230359F08Rik,0.26949758,-0.316
Gm13894,0.44035191,-0.134
Gm13893,0.99236759,0.002
Gm13892,0.2986996,-0.247
Gm13895,0.68602049,0.113
Affy_10414990,0.3352197,-0.265
A630038E17Rik,0.056836329,-0.339
Gm16768,0.054634833,-0.567
Affy_10415013,0.15011719,-0.456
Gm13949,0.3147164,0.138
Affy_10415017,0.052470886,-0.615
Affy_10415019,0.17271648,0.386
Abhd4,0.1164412,0.267
Oxa1l,0.30896976,-0.16
Mrpl52,0.83790741,0.041
Mmp14,0.24868753,0.364
Lrp10,0.92741154,0.015
Rem2,0.99224712,0.002
EG665955,0.073109175,-3.849
Affy_10415084,0.098929071,0.382
Psmb11,0.45365133,-0.207
Cdh24,0.72264369,0.063
4930579G18Rik,0.44389312,-0.175
Acin1,0.25065477,0.259
Affy_10415099,0.88334363,-0.041
Bcl2l2,0.20814573,0.195
Pabpn1,0.75654175,-0.053
Il25,0.90652576,0.025
Cmtm5,0.8063151,-0.057
Myh7,0.35662993,-0.249
Ngdn,0.75977183,-0.052
Gm10364,0.5848889,-0.177
Thtpa,0.95183484,0.01
Dhrs2,0.98862979,0.003
Dhrs4,0.93271109,0.018
Lrrc16b,0.42972548,-0.139
Cpne6,0.21468757,-0.256
Pck2,0.7110272,0.074
Dcaf11,0.64488888,0.055
Fitm1,0.31980582,0.761
Psme1,0.80527113,-0.057
Rnf31,0.87975517,0.023
Irf9,0.7925097,0.1
Rec8,0.64490007,0.1
Tssk4,0.26171419,-0.208
Gmpr2,0.48672921,0.114
2610027L16Rik,0.21072014,0.226
Ltb4r2,0.99245917,0.002
Ltb4r1,0.38704195,-0.168
Nfatc4,0.96757776,-0.009
Nynrin,0.75716282,-0.055
Nynrin,0.79167294,-0.077
Nynrin,0.48253665,0.13
Khnyn,0.001578224,0.538
Cma2,0.37719292,-0.152
Mcpt1,0.25861136,-0.229
Mcpt2,0.91199369,-0.044
Affy_10415444,0.86467384,-0.024
Atp12a,0.19968112,-0.243
Rnf17,0.11875196,-0.292
Parp4,0.83162638,-0.034
Pspc1,0.29914271,-0.215
2410022M11Rik,0.9707095,0.009
Ccni,0.6488981,-0.099
Zmym2,0.74575913,-0.06
Affy_10415601,0.29202067,-0.284
Gjb2,0.4689407,0.227
Affy_10415606,0.3301434,0.193
Ift88,0.51852843,-0.118
Il17d,0.23749973,-0.142
Snora65,0.89300835,-0.032
Sap18,0.3181097,0.195
Mrp63,0.11592511,0.191
Zdhhc20,0.45283161,-0.153
Fgf9,0.089618333,-0.368
Rpl13,0.78734411,-0.036
Rcbtb1,0.50051053,-0.108
Cab39l,0.91906215,0.019
Shisa2,0.36596551,-0.193
Mtmr6,0.007520109,0.516
Fam123a,0.85197337,-0.048
Affy_10415721,0.3325617,0.228
Affy_10415723,0.23460949,-0.243
Spata13,0.72304145,0.086
C1qtnf9,0.5820556,-0.128
Mipep,0.3273656,0.199
Sacs,0.84470444,0.033
Arl11,0.91638481,-0.024
Arl11,0.26361802,0.272
Trim13,0.53734001,0.28
Kcnrg,0.28638742,0.183
Rnaseh2b,0.69363031,0.075
Affy_10415804,0.82808334,0.038
Fam124a,0.403184,-0.208
Serpine3,0.63699641,-0.086
Wdfy2,0.64422525,-0.089
Defb47,0.26187381,-0.255
Defb43,0.071798828,-0.295
Defb42,0.95386001,-0.012
Affy_10415842,0.9356851,0.017
Ctsb,0.77197913,-0.05
Fam167a,0.63851387,0.108
Xkr6,0.87531181,-0.027
Mir598,0.24402162,-0.285
Pinx1,0.64587682,-0.105
Sox7,0.70794065,0.069
Gm10867,0.24952701,-0.292
Rp1l1,0.24115706,-0.212
Prss51,0.45527045,-0.174
Prss52,0.97579389,-0.007
mir-124-1,0.48234079,0.122
Kif13b,0.70372019,0.058
Affy_10415952,0.23234669,0.551
Affy_10415955,0.31218027,0.305
Gm4573,0.57372992,-0.162
Ints9,0.4189285,0.129
Fbxo16,0.65838509,-0.082
Zfp395,0.9221417,0.021
Zfp395,0.72303471,0.12
Gm600,0.09931218,-0.626
Scara5,0.16668594,-0.544
Pbk,0.95586959,0.013
Ccdc25,0.65935318,-0.118
Clu,0.72285645,-0.051
Timm23,0.66274695,-0.06
Chrna2,0.86530858,-0.072
Trim35,0.15009389,0.175
Stmn4,0.60487676,-0.109
Adra1a,0.51017626,0.15
Gm10032,0.69556202,-0.15
Gm5464,0.54047916,0.186
Pnma2,0.53956624,-0.102
4930578I07Rik,0.45300708,-0.188
Affy_10416122,0.64276004,-0.085
Affy_10416124,0.21574448,-0.223
Ebf2,0.33959936,-0.145
Gm10861,0.80291753,-0.05
Kctd9,0.61525013,0.11
Gnrh1,0.81122821,0.046
Nefl,0.74716076,-0.087
Stc1,0.19330793,-0.231
Rps2,0.27815546,0.31
Nkx2-6,0.080954536,-0.466
Nkx3-1,0.1212269,-0.294
Entpd4,0.46959423,0.363
Loxl2,0.19084722,0.396
Tnfrsf10b,0.84423547,-0.066
Pebp4,0.63094124,-0.09
Egr3,0.34454511,-0.221
Bin3,0.99310082,0.002
Ppp3cc,0.59106371,-0.13
Ppp3cc,0.062349812,0.407
Mir320,0.2765018,-0.303
Phyhip,0.62302679,-0.13
Lgi3,0.75702144,0.056
Reep4,0.65278137,0.091
Hr,0.48113714,-0.169
Nudt18,0.74585514,-0.06
B930095I24Rik,0.79969763,-0.056
Dok2,0.83718625,0.035
Gfra2,0.33265777,0.167
Affy_10416353,0.1251429,-0.309
Rcbtb2,0.085769491,1.075
Lpar6,0.37155031,0.194
Med4,0.7248783,-0.09
Sucla2,0.7529408,0.048
Gm6986,0.72179283,-0.074
Affy_10416400,0.64064554,-0.082
Htr2a,0.51571053,-0.162
Esd,0.4170501,0.114
Gm10847,0.85246162,0.042
Lrch1,0.10547653,-0.341
5031414D18Rik,0.80473697,0.059
Lcp1,0.44630719,0.262
Cpb2,0.89626237,0.021
Zc3h13,0.33811068,0.172
Siah3,0.96358608,-0.008
4930564B18Rik,0.53591902,0.131
Cog3,0.064612416,-0.432
Tpt1,0.33638512,-0.083
Tpt1,0.84780506,0.117
Kctd4,0.6503685,-0.085
Nufip1,0.38914877,0.15
Tsc22d1,0.58430641,-0.222
Affy_10416531,0.89095877,0.033
Ccdc122,0.28137701,0.361
Enox1,0.34616922,-0.158
Epsti1,0.22561682,0.329
Gm4821,0.72503676,0.109
Kiaa0564,0.78014373,-0.058
Mtrf1,0.10828175,0.354
Kbtbd7,0.092675384,0.295
Gm5465,0.05251846,-0.498
Elf1,0.17448872,0.226
Sugt1,0.37464903,0.17
Pcdh8,0.35879559,-0.188
Gm6999,0.35494252,-0.21
Olfm4,0.6788852,-0.096
Hmgcs2,0.17746195,2.12
Hmgcs2,0.17746195,2.12
Pcdh17,0.29974106,0.389
Gm9264,0.36062516,-0.328
Affy_10416707,0.73517846,0.06
Tdrd3,0.57332207,-0.069
Tdrd3,0.49154828,-0.29
4921530L21Rik,0.99556864,0.001
Affy_10416730,0.32355109,0.16
Snora30,0.93468584,0.02
Affy_10416734,0.40555658,-0.158
6720463M24Rik,0.35537004,0.246
Pibf1,0.21158513,0.401
Klf5,0.30142019,0.218
4930517O19Rik,0.056674281,0.368
Affy_10416791,0.50937129,0.121
Uchl3,0.62258143,0.124
Lmo7,0.048774605,0.474
Rpl17,0.59396893,0.072
Irg1,0.7055587,0.156
Cln5,0.51163733,0.111
Affy_10416848,0.30160952,-0.234
Scel,0.94841737,-0.011
Slain1,0.81066313,-0.038
Affy_10416897,0.043309783,0.667
Ndfip2,0.13776721,-0.352
4930449E01Rik,0.87846693,-0.033
Rpl41,0.83912559,-0.038
Trim52,0.60866953,-0.11
Gm6219,0.43680863,-0.158
Affy_10416921,0.98390027,0.003
Affy_10416923,0.32945726,0.208
Affy_10416925,0.41168714,-0.131
Affy_10416927,0.75556999,0.066
Gm6280,0.096428224,-0.327
Slitrk5,0.089321199,-0.33
Gm4822,0.72198619,0.087
Tpm3,0.25051606,0.304
Affy_10416942,0.58087013,-0.108
Mir17hg,0.2626523,-0.294
mir-17,0.2442258,0.311
mir-18a,0.59908613,0.146
mir-19a,0.49641455,0.139
mir-20a,0.85261737,-0.028
mir-19b-1,0.92692552,0.021
mir-92a-1,0.82990877,-0.058
Gpc5,0.77866901,0.062
Gpc6,0.47566531,0.166
Gpr180,0.65556106,0.075
Affy_10417000,0.41839162,-0.11
A830021K08Rik,0.068109978,-0.494
Dzip1,0.28423953,-0.169
Dnajc3,0.61870052,-0.123
Cldn10,0.027714395,-0.475
Dnajc3,0.61870052,-0.123
Hs6st3,0.075338211,-0.389
Mbnl2,0.97545298,-0.007
Rap2a,0.63617586,0.085
Affy_10417068,0.79094057,-0.2
Ipo5,0.66993271,0.058
Farp1,0.47075622,-0.184
B930095G15Rik,0.55095591,-0.148
Affy_10417128,0.05813398,-0.343
Ubac2,0.35485512,-0.116
Timm8a2,0.18565702,0.302
Tm9sf2,0.21052851,-0.151
Clybl,0.95767797,-0.011
Zic2,0.98200023,0.005
Gm10837,0.74739877,-0.064
Pcca,0.87384225,0.03
Tmtc4,0.02980328,-0.386
Itgbl1,0.61968926,0.114
Affy_10417226,0.92909851,-0.013
Gm3264,0.96993394,0.007
Affy_10417239,0.92913615,-0.013
Affy_10417245,0.96263118,0.009
1700001E04Rik,0.84185732,0.024
544988,0.8749258,-0.02
544988,0.82904561,-0.027
Affy_10417269,0.9194002,0.02
Esd,0.40727301,0.152
Affy_10417275,0.46077962,-0.171
Gm5458,0.84185732,0.024
Affy_10417286,0.73747671,-0.044
544988,0.8379911,-0.022
Gm8160,0.55935034,-0.086
Gm3264,0.96993394,0.007
D830030K20Rik,0.89837931,-0.022
D830030K20Rik,0.50149974,-0.064
Hn1l,0.88540447,-0.02
Gm10406,0.84437785,-0.028
ENSMUSG00000068790,0.88826398,0.025
ENSMUSG00000079376,0.54916497,-0.066
Gm8160,0.69844308,-0.06
D830030K20Rik,0.96969695,-0.01
ENSMUSG00000079376,0.57356145,-0.087
Gm5458,0.61559956,0.055
Hn1l,0.74675138,-0.042
D830030K20Rik,0.92489096,-0.014
D830030K20Rik,0.92489096,-0.014
Gm5458,0.64614936,-0.084
D830030K20Rik,0.41078749,-0.081
D830030K20Rik,0.53463076,-0.071
Gm5458,0.5916807,-0.085
Gm8160,0.24870506,-0.238
Gm5458,0.64918533,-0.068
1700001E04Rik,0.85902222,0.024
Gm10044,0.29977536,0.218
Gm10044,0.83132141,-0.045
Dnase1l3,0.68112103,0.116
Pdhb,0.76469511,-0.06
Acox2,0.15407938,-0.249
Fam107a,0.075931943,-0.483
Oit1,0.36133861,0.172
C3orf67,0.64585123,-0.086
LTR_BXD001,0.068174428,1.284
Ptma,0.63227329,0.068
Fhit,0.97631709,0.006
Gapdh,0.57795209,-0.081
Fezf2,0.63996566,-0.104
Cadps,0.27171614,-0.215
Gm5087,0.64283157,0.087
Rpl19,0.84553807,0.027
Gm281,0.70175374,0.076
Thoc7,0.33816704,-0.212
Psmd6,0.21341803,0.317
Olfr720,0.66928086,0.096
Gm8483,0.51894277,0.144
Affy_10417702,0.029737795,-0.54
Lrrc3b,0.41407388,-0.149
Oxsm,0.028033334,0.512
Rarb,0.22381674,0.315
Affy_10417725,0.85247298,0.052
Affy_10417728,0.94863794,-0.012
Affy_10417730,0.8268369,0.038
Affy_10417732,0.87510842,-0.026
Nr1d2,0.26501919,-0.348
Rpl15,0.10177795,-0.27
Ube2e1,0.28988991,0.186
Vps4b,0.60918171,0.09
Ube2e2,0.52516186,0.16
Affy_10417766,0.85153228,0.044
544988,0.27801273,-0.165
Gm5458,0.68704304,0.055
C14orf166,0.1822722,0.208
Gng2,0.52653982,0.133
1810063B07Rik,0.68880107,-0.079
Kcnk5,0.19589695,0.464
Kcnk16,0.51459278,-0.146
Ecd,0.47407072,0.099
Dnajc9,0.24749453,0.178
Mrps16,0.70133679,-0.064
Ttc18,0.79797142,-0.056
Anxa7,0.16998284,0.281
Zmynd17,0.35767479,-0.211
Ppp3cb,0.27670997,0.16
Usp54,0.48281266,0.098
Usp54,0.66544974,-0.064
Myoz1,0.41682682,-0.181
Synpo2l,0.96309459,-0.012
Sec24c,0.026202466,0.291
Ndst2,0.47265757,0.122
Camk2g,0.40586757,0.151
Affy_10417998,0.1150028,-0.312
Gm6128,0.32868627,-0.278
Ap3m1,0.80686414,-0.066
Dupd1,0.14825988,-0.316
Dusp13,0.56048847,-0.1
Comtd1,0.19937837,-0.303
Zfp503,0.58862137,-0.121
Gm10248,0.42292307,-0.133
Kcnma1,0.61792359,-0.085
A830039N20Rik,0.30178636,-0.152
Dlg5,0.90809019,0.017
Affy_10418129,0.01729071,-0.392
Polr3a,0.7456334,-0.04
4930542C16Rik,0.69705509,0.086
Ppif,0.50484657,-0.153
1700054O19Rik,0.79948147,0.065
Zcchc24,0.97180986,0.007
Gm9872,0.43377865,-0.14
Plac9,0.92055407,0.03
D14Ertd449e,0.63442822,0.238
Plac9,0.81446115,0.07
D14Ertd449e,0.65319247,0.226
Plac9,0.92055407,0.03
D14Ertd449e,0.61237471,0.255
Slmap,0.74177362,0.043
Fam116a,0.39626294,-0.18
Pde12,0.17577857,-0.201
Appl1,0.87306694,-0.057
Ccdc66,0.82563356,-0.055
Affy_10418295,0.69552909,-0.059
Gm7604,0.24477641,-0.439
Cacna2d3,0.61672669,-0.074
Gm10245,0.065750193,-0.258
Il17rb,0.96076879,0.014
Cacna1d,0.84604872,0.054
Prkcd,0.61678394,0.132
Itih3,0.77489552,0.08
Itih1,0.65225437,-0.087
Spcs1,0.99408239,-0.001
Gnl3,0.9482774,-0.017
Rpl7a,0.85128769,-0.022
Pbrm1,0.52714014,-0.126
Stab1,0.23590577,0.294
Nisch,0.67081354,0.05
Phf7,0.29419824,-0.235
Dnahc1,0.10229346,-0.256
Sh3bp5,0.85480344,0.032
Affy_10418718,0.56506592,-0.196
Mettl6,0.87515584,-0.026
Colq,0.30551019,-0.24
Hacl1,0.97837025,0.008
Ankrd28,0.17387802,-0.244
Dph3,0.90892522,-0.013
Timm23,0.84151788,-0.025
1700024G13Rik,0.47859145,-0.175
Chat,0.95154093,0.012
Slc18a3,0.59599979,-0.116
9430077A04Rik,0.99691409,-0.001
3425401B19Rik,0.33301094,-0.172
3425401B19Rik,0.56819119,-0.127
Wdfy4,0.59142403,0.161
Wdfy4,0.14884268,0.384
Mapk8,0.99619368,0.001
Zfp488,0.29037132,-0.276
Ppyr1,0.85513562,0.048
Gprin2,0.27601414,-0.28
Gprin2,0.40429912,-0.159
Fam35a,0.44806911,-0.242
2200001I15Rik,0.003278255,-0.521
Sncg,0.5313816,-0.147
Bmpr1a,0.53222343,0.107
9230112D13Rik,0.53267438,-0.128
Ldb3,0.1121455,-0.292
Opn4,0.78257934,-0.051
4930596D02Rik,0.73833794,-0.097
Affy_10418986,0.19665236,0.32
Affy_10418989,0.60896613,0.135
Gcap14,0.37757354,-0.126
Rgr,0.7988975,-0.044
Cdhr1,0.10242759,-0.394
2610528A11Rik,0.38393741,-0.217
Ghitm,0.83147128,0.038
Nrg3,0.11079725,-0.26
Nrg3,0.82290056,-0.065
Sh2d4b,0.7289125,0.071
Tspan14,0.20781294,0.262
Fam213a,0.082536681,-1.052
Dydc2,0.84751516,-0.05
Sftpd,0.80879863,0.069
Gm9890,0.81147974,0.049
Gm10375,0.76905572,0.038
Gm10375,0.83551406,0.034
Gm8020,0.5995671,0.072
Gm8020,0.67872443,0.058
Gm5929,0.73628207,0.067
Gm10375,0.97759536,-0.004
Gm10375,0.97759536,-0.004
Cdv3,0.3813052,-0.116
Gm10375,0.95911085,-0.007
Gm10375,0.83470545,-0.03
Ear1,0.51891962,0.233
Ear1,0.99558735,-0.003
Ear10,0.88461532,-0.086
Ang6,0.83147117,-0.06
Affy_10419160,0.97130253,-0.01
4930503E14Rik,0.85531573,-0.025
Ptgdr,0.89355255,-0.036
Txndc16,0.054358989,0.345
Ero1l,0.36589238,0.13
Gnpnat1,0.87473192,0.029
Fermt2,0.5934709,-0.1
Ddhd1,0.30601242,0.457
Bmp4,0.1220163,-0.576
Cnih,0.64313834,-0.091
Gmfb,0.57385525,0.107
Gm10101,0.38634277,0.287
Gm10371,1,0
Gch1,0.022002174,0.867
Wdhd1,0.40820265,0.117
Affy_10419321,0.89078979,0.019
Dlgap5,0.2325138,0.276
Atg14,0.80773173,0.071
Map1l3cb,0.86616987,0.041
Otx2,0.31867774,-0.124
Gm8393,0.12784752,-0.305
Gm534,0.93571265,0.014
Affy_10419368,0.93635747,-0.021
Exoc5,0.39075418,-0.29
Rpl19-ps3,0.43336529,-0.203
C14orf105,0.70084831,0.105
Slc35f4,0.23019358,-0.206
Affy_10419414,0.87753479,-0.031
C14orf37,0.39727727,-0.232
Olfr722,0.61224562,-0.085
Olfr723,0.68563052,0.069
Olfr723,0.46799166,-0.129
Olfr725,0.24971714,-0.287
Olfr726,0.092477071,-0.352
Olfr728,0.90386046,0.028
Olfr729,0.75690259,0.068
Olfr730,0.8291843,0.047
Olfr731,0.082585483,-0.3
Olfr732,0.4808149,0.122
Olfr733,0.1573975,-0.257
Olfr734,0.63983145,-0.101
Olfr735,0.87530547,-0.036
Olfr747,0.49557095,-0.139
Olfr749,0.49091945,0.124
Ttc5,0.42049946,0.165
Ccnb1ip1,0.45459213,-0.276
Rpph1,0.59407087,0.15
Tep1,0.09431248,0.219
A930018M24Rik,0.1953454,-0.413
Osgep,0.9813717,0.006
Tmem55b,0.62062991,0.065
Ccdc12,0.26289533,0.348
Rnase9,0.60476064,-0.087
Rnase11,0.52003426,-0.157
Rnase12,0.11941784,-0.335
Olfr750,0.61814712,-0.074
Rnase1,0.11384508,-0.879
Ang2,0.34236819,0.163
Ear11,0.010786829,-4.063
Gm5800,0.85857795,0.036
Ang4,0.64412454,-0.132
Ndrg2,0.79354859,0.048
Rnase13,0.53237887,0.148
Zfp219,0.46182027,0.113
Olfr1514,0.5049207,-0.098
Hnrnpc,0.83264053,0.045
Supt16h,0.64217516,-0.064
Chd8,0.21312542,0.166
Snord8,0.46743268,-0.163
Rab2b,0.2570085,-0.561
Mettl3,0.25584037,0.202
Sall2,0.58093023,0.116
Olfr1513,0.2136936,-0.274
Psma3,0.64197508,0.096
Psma3,0.55146701,-0.132
Olfr1511,0.7427862,-0.119
Olfr1510,0.387588,-0.267
Olfr1508,0.80040505,-0.053
Olfr1507,0.41080203,-0.172
Affy_10419726,0.35491508,-0.212
Nrbf2,0.80981964,0.064
Nrbf2,0.80981964,0.064
Gm6683,0.42577934,-0.186
Dad1,0.63024201,-0.123
Olfr49,0.34775737,-0.19
Slc7a7,0.93644083,-0.041
Gm10366,0.75443351,-0.057
Prmt5,0.1983702,0.236
Haus4,0.30106361,-0.401
Jub,0.67201352,0.181
4931414P19Rik,0.2246504,0.231
Psmb5,0.9963945,-0.001
Cdh24,0.11057282,-0.273
Acin1,0.665686,0.062
Cebpe,0.41185407,0.641
Slc7a8,0.44873249,0.33
Homez,0.60029618,0.093
Affy_10419872,0.58327889,-0.156
Slc22a17,0.19512549,-0.268
Efs,0.17372629,-0.323
Myh6,0.61302943,0.113
mir-208a,0.33811441,-0.196
Myh7,0.55579443,-0.111
Zfhx2,0.31899081,0.204
Ap1g2,0.70892884,0.052
Jph4,0.64134133,-0.079
Affy_10420009,0.40170904,-0.362
Myl6,0.55312403,0.104
Nrl,0.27054881,-0.201
Gm10876,0.48936041,-0.111
Dcaf11,0.69796432,-0.094
Fam158a,0.38436899,0.194
Psme2,0.27571337,0.232
Ipo4,0.56736604,-0.085
Tm9sf1,0.71826017,-0.046
Mdp1,0.95677102,0.011
Nedd8,0.80500112,-0.049
Tinf2,0.66493466,0.084
Tgm1,0.49410201,0.21
Rabggta,0.68095599,0.064
Dhrs1,0.69375927,0.082
Cideb,0.59354564,-0.072
Adcy4,0.42472185,0.194
Ripk3,0.23309216,-0.238
Cbln3,0.99031533,0.003
Sdr39u1,0.2455733,0.366
Cma1,0.23210251,-0.257
Ube2j2,0.39300083,0.202
Mcpt9,0.060815757,-0.303
Mcpt4,0.1612092,-0.306
Mcpt8,0.87838145,0.037
Ctsg,0.72953974,-0.068
Gzme,0.47837535,-0.149
Gzmd,0.7094627,-0.102
Gzmg,0.51291465,0.115
Gzmn,0.56681372,-0.142
Gzmf,0.27607177,-0.207
Gzmc,0.16972513,0.218
Gzmb,0.69732942,0.086
Atp12a,0.59979021,-0.093
Cenpj,0.75451198,0.066
Pspc1,0.62248853,-0.112
Zmym5,0.57094489,0.121
Affy_10420357,0.1146129,-0.252
Gja3,0.45317737,-0.173
Gjb2,0.28323336,-0.262
Gjb6,0.32318931,-0.148
Cryl1,0.66276972,0.172
AU040096,0.13209247,0.262
N6amt2,0.45593756,-0.414
Xpo4,0.4629651,-0.112
Lats2,0.82118673,0.041
F630043A04Rik,0.28703742,0.163
Zdhhc20,0.17052013,0.25
Zdhhc20,0.47250329,0.163
Efha1,0.85077345,-0.069
Gm9022,0.72224187,-0.078
1700129C05Rik,0.23029675,0.191
Gm5142,0.63698767,-0.085
Phf11,0.078402754,0.709
D14Ertd668e,0.63319461,0.162
Gm6907,0.97415519,-0.009
Setdb2,0.54790588,-0.167
Cdadc1,0.7114556,0.059
Atp8a2,0.33967863,-0.197
Nupl1,0.74920936,0.044
Fam123a,0.15968683,-0.289
Affy_10420591,0.37291846,-0.205
Affy_10420594,0.3362045,-0.36
Tnfrsf19,0.66951766,-0.142
Sacs,0.37901233,-0.217
Sgcg,0.68066331,-0.088
Affy_10420628,0.91709832,0.017
Ebpl,0.98053139,0.008
Kpna3,0.4755635,0.106
Rps12,0.75086774,0.074
6330409N04Rik,0.12863648,0.822
mir-16-1,0.013417222,0.509
mir-15a,0.030882275,0.775
Dleu2,0.40433059,0.149
Dleu7,0.80726588,0.058
Gucy1b2,0.59816702,-0.084
Ints6,0.24038777,-0.258
Defb48,0.75102912,0.062
Defb30,0.77114316,0.074
Fdft1,0.85097805,-0.103
Neil2,0.59093927,-0.107
Gata4,0.76648965,0.055
Blk,0.92429782,0.024
Affy_10420775,0.42372825,-0.133
Tdh,0.59212272,-0.13
Mtmr9,0.85900803,0.034
Mtmr9,0.68865058,0.057
4930578I06Rik,0.52398969,-0.16
Prss55,0.8468424,-0.039
Msra,0.44367628,-0.105
Hmbox1,0.7465329,0.067
Extl3,0.36769407,-0.194
Fzd3,0.27390034,-0.27
Pnoc,0.90035986,-0.034
Elp3,0.96942213,0.006
Esco2,0.50107577,-0.214
1110020C17Rik,0.21568449,-0.282
Scara3,0.61306373,0.136
Gulo,0.16318146,-0.356
Adam2,0.97039883,0.008
Ephx2,0.89092036,-0.031
Ptk2b,0.19984333,0.323
Rpl21,0.64594184,0.054
Dpysl2,0.38726413,0.254
Bnip3l,0.72630735,0.068
Ppp2r2a,0.37385879,0.165
Gm6878,0.71995208,-0.077
Ebf2,0.16842345,-0.211
Cdca2,0.87088431,0.026
Dock5,0.677107,0.05
Nefm,0.83524021,-0.054
Adam7,0.68256133,-0.06
Adamdec1,0.79072486,-0.115
Adam28,0.76696045,-0.054
Slc25a37,0.44958997,0.194
Synb,0.19457076,-0.34
Loxl2,0.9716691,0.008
Gm10002,0.14575532,1.852
R3hcc1,0.59672137,0.115
Chmp7,0.74151296,0.052
Chmp7,0.92853406,-0.016
Rhobtb2,0.45908451,-0.124
2610301G19Rik,0.77159575,0.034
9930012K11Rik,0.38427734,-0.189
Pdlim2,0.93300367,0.014
Sorbs3,0.81411975,-0.088
Ppp3cc,0.48593839,-0.169
Slc39a14,0.20517284,-0.317
Piwil2,0.44580063,-0.132
Affy_10421349,0.15658832,-0.332
Polr3d,0.70301384,-0.079
Bmp1,0.39782683,-0.147
Sftpc,0.34334229,-0.26
Fam160b2,0.62682087,-0.063
Epb4.9,0.097596118,-0.307
Fgf17,0.41760614,-0.146
Npm2,0.97075905,-0.008
Xpo7,0.27116847,0.186
F630201L12Rik,0.61814615,-0.096
Fndc3a,0.35995352,-0.154
Gm9198,0.56349407,-0.172
Cysltr2,0.21303265,0.312
LTR_BXD001,0.068174428,1.284
Rb1,0.26124908,0.317
Mir687,0.52548353,0.156
Itm2b,0.94728992,0.007
Nudt15,0.59405394,-0.18
Rps6,0.062028938,-0.183
Cbx3,0.98013574,0.006
Gm9779,0.56737648,-0.117
Lrch1,0.092517747,0.43
Lrrc63,0.64211588,-0.062
Spert,0.50940779,-0.135
Affy_10421622,0.8509502,0.068
Cog3,0.53006261,-0.087
Slc25a30,0.62504055,-0.366
Gtf2f2,0.89723811,0.022
Affy_10421670,0.31715005,-0.181
1200011I18Rik,0.9293589,0.016
Rps2,0.22618437,0.35
Serp2,0.26220052,-0.256
Affy_10421694,0.8719086,0.044
9030625A04Rik,0.36419165,0.467
Rpl23a,0.99157257,-0.001
Gm6994,0.030904444,-0.459
Gm1587,0.48528911,-0.194
Dnajc15,0.060899856,0.326
AU021034,0.042723236,-0.259
Tnfsf11,0.15768053,-0.314
Akap11,0.70821252,0.071
Akap11,0.30673042,0.326
Akap11,0.24106366,0.26
Dgkh,0.54017932,-0.142
AU017455,0.19903709,-0.25
Rgcc,0.031596399,-0.359
Naa16,0.40240323,0.176
Wbp4,0.69852191,-0.064
Lect1,0.9433684,0.014
Pcdh8,0.98525952,-0.003
Gm10845,0.75245676,-0.068
Gm10845,0.62387254,-0.098
Affy_10421875,0.85150058,0.043
Diap3,0.40374376,0.185
Diap3,0.3113844,-0.261
Rps3a,0.78714699,0.036
Pcdh20,0.32377343,-0.229
Pabpc4,0.22785533,-0.22
Affy_10421920,0.16717888,0.264
Affy_10421922,0.94902959,-0.019
Pcdh9,0.85114983,0.068
Affy_10421930,0.76061018,0.062
Pcdh9,0.65238854,0.163
Klhl1,0.2489162,-0.191
Affy_10421948,0.16477154,-0.548
Dach1,0.46412035,-0.101
Affy_10421970,0.72850006,0.061
Rpl36a,0.59840815,0.146
Mzt1,0.64242083,0.165
Dis3,0.45581269,-0.169
Affy_10422005,0.74372455,-0.087
Affy_10422007,0.10752861,-0.343
Affy_10422009,0.24287146,-0.463
Affy_10422011,0.79822806,0.048
Klf12,0.89170525,0.044
Gm10843,0.70914768,-0.119
Affy_10422024,0.88872276,-0.035
1700110M21Rik,0.35847699,-0.152
Tbc1d4,0.79152471,0.076
Commd6,0.73341968,0.057
Gm9922,0.38441457,-0.214
Rpl7a,0.77542477,0.035
Kctd12,0.93820687,-0.019
Fbxl3,0.97715928,0.003
Mycbp2,0.91174809,0.013
Gapdh,0.62413125,-0.07
Ednrb,0.49298691,0.221
D130079A08Rik,0.52812571,0.144
Pou4f1,0.062046445,-0.347
Rnf219,0.62336206,-0.076
Rbm26,0.55041483,-0.105
Affy_10422219,0.8047678,0.042
Affy_10422225,0.13187734,0.364
Spry2,0.21393663,-0.259
Gm6219,0.19514627,-0.271
Affy_10422234,0.60091703,0.142
Affy_10422236,0.54505137,0.117
Rpl27a-ps2,0.73714738,-0.054
Slitrk1,0.84442377,-0.06
Affy_10422242,0.42574524,0.112
Slitrk6,0.55193061,0.099
LOC280487,0.17746195,2.12
Dct,0.036160061,-0.64
Tgds,0.87704347,0.042
Sox21,0.1360615,-0.194
Abcc4,0.48727415,0.284
Cldn10,0.016829083,-0.495
Dzip1,0.75008644,-0.055
Ugcgl2,0.59379015,-0.072
Oxgr1,0.2968796,0.198
Affy_10422393,0.76767962,0.096
Stk24,0.34715364,0.159
Slc15a1,0.96255885,-0.007
Dock9,0.87974752,-0.028
Gpr18,0.85947028,0.047
Gpr183,0.253725,0.242
Gm5089,0.7828502,-0.062
Zic5,0.69897868,-0.092
Affy_10422509,0.31952045,-0.232
A2ld1,0.29895755,-0.17
Tmtc4,0.41296867,-0.156
Nalcn,0.44586252,-0.129
Fgf14,0.95860808,0.01
Sepp1,0.54579676,-0.063
Fbxo4,0.77435985,-0.058
Oxct1,0.95390335,0.015
Plcxd3,0.50698,0.132
C6,0.23384793,-0.629
Gapdh,0.72192956,-0.052
Heatr7b2,0.96744675,-0.007
Affy_10422699,0.78566442,0.048
Rpl37,0.49959648,0.102
Prkaa1,0.93724538,0.016
Ttc33,0.28202109,0.147
Affy_10422725,0.9518302,-0.012
Dab2,0.52117576,0.182
Affy_10422744,0.43566134,0.133
C9,0.03958509,-0.684
Fyb,0.47637841,0.516
Affy_10422776,0.91236818,-0.018
Rictor,0.59748959,0.077
Lifr,0.15667998,-0.793
Gdnf,0.11205717,-0.362
Rpl19,0.65568821,-0.052
Nup155,0.83503265,-0.043
2410089E03Rik,0.35927917,0.229
2410089E03Rik,0.59702763,-0.109
Affy_10422942,0.37818592,-0.27
Affy_10422944,0.42684538,-0.17
Ranbp3l,0.4576666,0.203
Nadk2,0.10276318,-0.223
Lmbrd2,0.98860223,-0.003
Ugt3a1,0.18279819,-0.209
Ugt3a1,0.10252432,-0.358
Ugt3a2,0.87131348,0.023
Affy_10423017,0.58718735,0.106
Capsl,0.90665348,-0.025
Prlr,0.38162474,0.477
Prlr,0.4611766,0.409
Agxt2,0.39958476,-0.157
Rad1,0.43772492,0.196
Gm10389,0.63694957,-0.091
C1qtnf3,0.1445327,-0.306
Amacr,0.013199668,-0.437
Slc45a2,0.093064354,-0.378
Adamts12,0.27695927,0.169
Zfr,0.83743146,-0.027
Mtmr12,0.42487033,0.163
Golph3,0.68424143,-0.048
Gapdh,0.72430776,-0.051
Drosha,0.00451091,0.579
Affy_10423225,0.94280815,0.011
Nsa2,0.23433212,-0.126
Cdh9,0.56657057,-0.116
Cdh10,0.5541781,-0.098
Cdh12,0.69882279,0.072
Cdh18,0.37613317,0.276
Cdh18,0.73787502,0.162
Cdh18,0.60586506,0.144
Gm6533,0.46047476,-0.155
Gm5468,0.9899813,-0.003
Myo10,0.57968435,-0.105
Fam134b,0.32708896,0.239
Zfp622,0.67077533,-0.067
11-Mar,0.57462455,-0.142
11-Mar,0.58456761,-0.104
Rps2,0.29466455,0.278
Ank,0.16299917,-0.196
Tiaf2,0.77324201,-0.067
Affy_10423383,0.14510494,0.282
Gm9891,0.78782296,0.061
Dnahc5,0.48998376,-0.082
Affy_10423469,0.30387647,-0.215
Ctnnd2,0.98721019,0.003
Affy_10423496,0.29996594,0.198
Dap,0.95293589,-0.01
Gm6624,0.28292474,0.233
Cmbl,0.65479135,0.102
Fam173b,0.46065739,0.145
Tas2r119,0.10007862,-0.315
Sema5a,0.95148559,-0.01
Sdc2,0.96961688,0.008
Pgcp,0.91714082,-0.018
5730407I07Rik,0.47439213,0.168
Affy_10423570,0.17354877,-0.22
Gm9643,0.98115188,-0.004
Mtdh,0.87995462,0.024
Laptm4b,0.54521253,-0.125
Matn2,0.50390465,0.099
BC030476,0.90420739,-0.028
Pop1,0.33348135,0.209
Kcns2,0.59303911,-0.083
Osr2,0.43750303,-0.177
Vps13b,0.40576345,0.099
Affy_10423731,0.079370449,0.344
Vps13b,0.23196666,-0.335
Affy_10423738,0.30268641,-0.226
Affy_10423740,0.80020398,-0.037
Polr2k,0.3974474,-0.216
Spag1,0.31743465,-0.126
Gm10385,0.31897872,0.201
Grhl2,0.19976665,-0.272
4930447A16Rik,0.71030572,0.09
Affy_10423796,0.21653255,0.399
Odf1,0.17927858,-0.239
Gm5213,0.31069342,-0.313
Atp6v1c1,0.36050981,0.162
Baalc,0.20691691,-0.274
Fzd6,0.46044196,0.117
Gm7194,0.94195627,-0.022
Cthrc1,0.39621919,-0.127
Dcaf13,0.44088366,0.126
Rims2,0.34562018,-0.153
Tm7sf4,0.99326994,-0.002
Zfpm2,0.66540421,0.079
Affy_10423917,0.88376878,0.032
4930555K19Rik,0.59554852,-0.169
Oxr1,0.56613337,-0.117
Ttc35,0.47786673,-0.174
Affy_10423951,0.91879892,-0.019
Trhr,0.53436919,0.115
Eny2,0.39615112,-0.112
Pkhd1l1,0.59705809,0.088
Ebag9,0.64750939,0.101
A930017M01Rik,0.74677313,-0.119
A930017M01Rik,0.64224043,-0.109
4930548G14Rik,0.3629628,0.193
Affy_10424066,0.54856604,0.078
Affy_10424068,0.74177804,-0.046
Ewsr1,0.73404831,0.071
Affy_10424073,0.82802659,-0.021
LOC100044384,0.42046332,-0.146
Utp23,0.59746848,0.112
Aard,0.27413931,-0.287
Slc30a8,0.10935212,-0.304
Med30,0.79104448,0.039
Gm7489,0.16101797,-0.288
Colec10,0.4883129,-0.328
Mal2,0.38139863,-0.27
Nov,0.04082878,-0.347
Deptor,0.57072425,-0.063
Col14a1,0.70362137,0.132
Mtbp,0.48875627,0.147
Gm10370,0.84844462,0.072
Zhx2,0.21356806,0.189
Wdr67,0.35446051,0.476
Fam83a,0.64879588,-0.14
Snrpd2,0.83615239,-0.037
Wdyhv1,0.022060759,0.425
Fam91a1,0.57674777,-0.074
Fer1l6,0.37700576,0.181
Trmt12,0.8141423,0.05
Rnf139,0.73972392,-0.058
Ndufb9,0.33595398,-0.169
Gm5045,0.17964844,-0.329
Gm7691,0.53155846,0.311
Sqle,0.63939848,-0.469
Nsmce2,0.24632814,0.222
Trib1,0.4839246,-0.197
Hmgcs2,0.17746195,2.12
Sfrs3,0.523031,0.129
Affy_10424381,0.64613623,-0.097
Affy_10424383,0.88859575,0.032
9930014A18Rik,0.80406506,-0.052
Affy_10424398,0.91654913,-0.017
Myc,0.017260124,-1.353
Pvt1,0.46911632,-0.285
Tsg101,0.87377988,-0.024
Hmgb1,0.8134265,0.035
Affy_10424416,0.57603014,-0.14
Gsdmcl1,0.081374476,-0.292
Gsdmcl1,0.036301535,-0.3
Gsdmcl-ps,0.85603303,0.05
Affy_10424435,0.62791924,-0.081
Affy_10424437,0.079571595,-0.308
Efr3a,0.58830894,0.067
Phf20l1,0.43977668,-0.129
Phf20l1,0.88503698,0.035
Tg,0.37392,-0.194
Wisp1,0.66428699,-0.093
Rpl21,0.73522248,-0.037
Affy_10424555,0.47282384,0.249
Gm7125,0.96969604,-0.013
Khdrbs3,0.95807348,0.016
Khdrbs3,0.30332141,0.25
Affy_10424575,0.55830834,0.092
Chrac1,0.42361215,0.203
Affy_10424582,0.039613599,0.407
Dennd3,0.87783964,-0.023
Ptp4a3,0.24193523,-0.271
Affy_10424622,0.015626757,-0.566
Bai1,0.81457848,-0.046
4933427E11Rik,0.2900765,-0.268
Psca,0.19479891,-0.32
C8orf55,0.48075295,-0.171
Hemt1,0.35400031,-0.198
Gml,0.78003116,0.054
Ly6e,0.46690219,-0.357
Ly6g,0.13810105,0.311
BC025446,0.37377916,0.236
Ly6f,0.35507518,0.203
Gpihbp1,0.090199988,0.283
Zfp41,0.52192078,0.128
2810039B14Rik,0.68140548,-0.082
Rhpn1,0.47691884,-0.134
Gsdmd,0.60558512,-0.098
Tigd5,0.25988315,-0.219
Zfp623,0.4760455,-0.132
Zfp707,0.68322271,-0.076
Mapk15,0.12830573,0.382
K230010J24Rik,0.6420095,-0.083
Cks2,0.59064498,0.103
Grina,0.1438019,-0.298
Spatc1,0.33608085,-0.222
Gm10345,0.99016677,0.002
Exosc4,0.82173058,-0.041
Gpaa1,0.92469096,-0.017
Rps6,0.028466268,-0.199
Cyc1,0.37767434,-0.133
Maf1,0.54654299,0.086
Gm6661,0.47733762,-0.152
Brp16,0.27723172,-0.18
Heatr7a,0.49531535,-0.118
Heatr7a,0.65234894,-0.076
Scx,0.60076362,-0.125
Hsf1,0.98756575,0.002
Gpr172b,0.47538535,0.124
Adck5,0.48551858,0.188
Kifc2,0.71830956,-0.055
Ppp1r16a,0.96349972,0.005
Gpt,0.20055035,0.303
Mfsd3,0.32967879,-0.173
Lrrc14,0.29479314,0.15
Zfp7,0.093240764,-0.333
Commd5,0.50899709,0.101
Rpl8,0.76332841,-0.054
1110038F14Rik,0.55771271,0.121
Apol6,0.41843321,-0.227
Apol10a,0.91483377,0.029
Apol7e,0.13508529,0.266
LOC626711,0.58234439,0.161
Apol9b,0.4473924,-0.535
Ncf4,0.83405761,-0.065
Csf2rb,0.6987843,0.143
Affy_10425076,0.22483268,-0.183
Mpst,0.98379123,-0.005
Kctd17,0.25982382,-0.275
Cyth4,0.38628062,0.475
Elfn2,0.98315809,-0.005
Tmed2,0.86835433,-0.02
Cdc42ep1,0.68097973,0.101
Gga1,0.81205811,-0.026
Sh3bp1,0.89741041,0.027
Pdxp,0.7399297,-0.081
Lgals1,0.088728163,2.102
Nol12,0.062741502,-0.284
Triobp,0.91669637,-0.013
H1f0,0.22340087,0.247
Gcat,0.66817419,-0.098
Galr3,0.49097943,-0.185
Eif3l,0.2676956,0.255
Micall1,0.21370938,-0.19
Polr2f,0.96856703,0.006
Gm10864,0.52485905,-0.148
Gm10863,0.49536792,-0.143
Pick1,0.88832946,0.022
Maff,0.56846072,-0.13
Kdelr3,0.82488662,0.044
Cby1,0.40354472,-0.137
Tomm22,0.47466534,0.231
Gtpbp1,0.89465778,-0.019
Affy_10425317,0.24529548,0.328
Gm10856,0.39028981,-0.2
Apobec3,0.18644342,0.65
Apobec3,0.22837038,0.347
Syngr1,0.10730222,-0.334
Tab1,0.95579368,-0.01
Mgat3,0.39566498,0.16
Smcr7l,0.82563978,-0.041
Atf4,0.69555423,-0.099
Cacna1i,0.73204583,-0.072
Grap2,0.081524053,0.345
Fam83f,0.87098356,-0.045
Tnrc6b,0.44557979,-0.1
Adsl,0.82905771,0.037
Sgsm3,0.81879571,-0.04
Affy_10425501,0.83941731,0.045
4930483J18Rik,0.9361634,-0.016
Mchr1,0.44069788,-0.21
Xpnpep3,0.67364892,0.062
Rbx1,0.90108826,0.017
Ep300,0.89245578,-0.021
L3mbtl2,0.50128254,0.121
Zc3h7b,0.18532883,-0.206
Tef,0.49561586,-0.282
Aco2,0.92850146,-0.019
Csdc2,0.85648509,-0.044
Gm5805,0.76442465,-0.059
1700029P11Rik,0.40246649,-0.17
Xrcc6,0.53792815,0.102
4930407I10Rik,0.68476821,-0.096
4930407I10Rik,0.21875083,-0.288
Mei1,0.76431038,-0.062
Ccdc134,0.69725489,-0.078
Srebf2,0.84087396,-0.047
mir-33,0.74326828,-0.068
1500009C09Rik,0.79266793,-0.046
03-Sep,0.50466049,-0.122
Wbp2nl,0.17373766,-0.171
Fam109b,0.60083053,-0.068
Affy_10425755,0.33647586,-0.247
1500032L24Rik,0.27334651,-0.189
Affy_10425761,0.014668099,-0.564
Cyp2d9,0.30054365,-0.356
Cyp2d12,0.058502552,-0.892
Serhl,0.80252921,-0.042
Rnu12,0.57845989,0.193
Bik,0.42396734,0.262
Tspo,0.8693439,0.048
Mpped1,0.020533573,-0.358
Pnpla3,0.66161676,0.11
Samm50,0.58529555,0.104
Parvb,0.95347828,0.011
Parvg,0.59163913,0.135
Prr5,0.10297,0.278
Arhgap8,0.95244707,0.011
Gapdh,0.80643708,0.044
Nup50,0.43915373,-0.086
Upk3a,0.30430195,-0.193
Fam118a,0.10412898,-0.352
Ribc2,0.81426691,0.057
Fbln1,0.49877777,-0.137
Atxn10,0.56961931,0.096
Gm4825,0.99343409,0.002
let-7c-2,0.17433773,-0.283
let-7b,0.21920155,-0.227
Ppara,0.20452548,-0.332
Ttc38,0.11056639,1.117
Gtse1,0.64486825,-0.074
Trmu,0.76884548,-0.047
Gramd4,0.75461279,0.067
Tbc1d22a,0.81882842,0.042
Affy_10426079,0.31413005,-0.152
Fam19a5,0.044157569,-0.514
Zdhhc25,0.52565009,-0.132
Zbed4,0.21801304,0.174
Creld2,0.82079984,0.13
Pim3,0.4656731,-0.284
Mov10l1,0.22325087,-0.248
Affy_10426148,0.46912536,0.202
Panx2,0.17522904,-0.26
Trabd,0.49130553,0.136
Selo,0.93102811,0.015
Ppp6r2,0.34498707,0.133
Adm2,0.77346619,0.061
Miox,0.031105358,-0.415
Ncaph2,0.45392098,0.126
Klhdc7b,0.62796339,0.124
Chkb,0.27997767,0.251
Mapk8ip2,0.19380136,-0.301
Shank3,0.912171,0.018
Acr,0.50097745,0.168
Alg10b,0.90330145,0.025
Gm10839,0.71750115,-0.07
Affy_10426298,0.28089449,-0.221
Tcea1,0.65968811,-0.064
Affy_10426304,0.90953104,0.016
Lrrk2,0.092669734,0.372
Lrrk2,0.32651846,0.215
Smgc,0.96046446,0.012
Muc19,0.8515504,-0.045
Muc19,0.38524641,-0.123
Cntn1,0.50776719,-0.134
Pdzrn4,0.31843705,-0.239
Gm12070,0.94486314,-0.01
Affy_10426437,0.15684341,-0.161
Pphln1,0.5854381,-0.072
Irak4,0.044884422,0.625
Tmem117,0.90354448,-0.028
Snrpc,0.6628979,-0.074
Ano6,0.8611311,0.063
Rpl29,0.30649192,-0.253
Gm4371,0.96066545,-0.011
Arid2,0.50474019,0.083
Affy_10426533,0.50025865,-0.138
Amigo2,0.20906096,-0.243
Rapgef3,0.69704199,0.112
Slc48a1,0.75638314,-0.072
Tmem106c,0.049448692,-0.42
Pfkm,0.16175044,0.206
C12orf68,0.1875075,-0.342
1700031M16Rik,0.070932295,-0.416
Olfr282,0.47998482,-0.184
Olfr281,0.1857484,-0.334
Affy_10426598,0.32996797,-0.225
Olfr234,0.026132419,-0.593
Ccnt1,0.42385669,-0.22
4930415O20Rik,0.61372947,0.053
Cacnb3,0.29355917,-0.206
Ccdc65,0.76930225,-0.057
Wnt1,0.3627126,-0.156
Prkag1,0.70666019,0.078
B430209F14Rik,0.84690267,0.041
Rpl36,0.28965034,-0.175
Tuba1c,0.69366093,0.144
Prph,0.077599941,-0.37
Troap,0.3798966,-0.22
Dnajc22,0.97437693,-0.005
Spats2,0.32631519,0.209
Kcnh3,0.33504097,-0.228
Prpf40b,0.99282462,-0.002
Tmbim6,0.15904136,-0.173
Aqp2,0.36289676,-0.208
Aqp5,0.57442484,-0.123
Aqp6,0.10946568,-0.376
Accn2,0.53096921,-0.118
Smarcd1,0.59705037,0.12
Gpd1,0.97443242,-0.009
Cox14,0.54725523,0.101
Larp4,0.90026118,0.03
Dip2b,0.99384709,-0.001
Atf1,0.54254018,0.121
Tmprss12,0.86881189,-0.028
Sec61b,0.95153609,0.014
Mettl7a1,0.63831478,-0.108
Gm10035,0.95225712,-0.012
Higd1c,0.39495239,0.134
Gm5475,0.78364809,0.059
Letmd1,0.35306807,-0.17
Dazap2,0.59695462,0.085
Slc4a8,0.98090594,-0.006
Scn8a,0.29917136,-0.186
Ankrd33,0.07196566,-0.356
Acvrl1,0.41340049,-0.14
Acvr1b,0.54837373,0.114
Grasp,0.8686687,-0.03
Nr4a1,0.52422953,0.31
9430023L20Rik,0.3789473,0.172
6030408B16Rik,0.36859624,-0.261
Krt7,0.77970627,0.069
1700011A15Rik,0.55448435,-0.176
Krt86,0.24635695,-0.334
Krt18,0.50956525,0.174
Eif4b,0.64870089,-0.09
Tenc1,0.46166215,-0.232
Igfbp6,0.21920934,-0.215
Soat2,0.78120232,0.067
Zfp740,0.87217955,-0.03
Gm9918,0.40275246,-0.223
Mfsd5,0.24785513,-0.177
Espl1,0.63673593,-0.084
Pfdn5,0.89078546,0.036
Myg1,0.64493828,0.068
Sp1,0.30380822,0.158
Amhr2,0.69902515,0.082
Prr13,0.12481081,0.397
Pcbp2,0.058417976,-0.269
Map3k12,0.76041076,0.074
Tarbp2,0.71391433,-0.052
Rpl39,0.72298032,-0.044
Hoxc13,0.68404147,-0.097
Hoxc12,0.008386789,-0.486
Hoxc11,0.31477927,-0.22
Hoxc10,0.024553054,-0.424
Mir196a-2,0.14236979,-0.268
Hoxc9,0.19099985,-0.252
Hoxc8,0.1616404,-0.445
Hoxc6,0.82536315,-0.052
Hoxc5,0.69539638,-0.116
mir-615,0.23236041,-0.244
Hoxc4,0.73365488,-0.074
Gm10830,0.13046497,-0.398
Hnrnpa1,0.52223179,0.132
Copz1,0.94369061,-0.013
mir-148b,0.31370545,0.214
Nckap1l,0.64134284,0.265
Pde1b,0.78505389,0.05
Hmgcs2,0.17746195,2.12
LOC100044414,0.59257534,0.147
Ccdc152,0.4427398,0.311
Ghr,0.49609963,-0.123
Affy_10427418,0.83791709,-0.088
Fbxo4,0.43076296,0.153
AW549877,0.73817189,0.06
C7,0.80862803,0.104
Card6,0.76303099,0.064
Card6,0.40162466,0.255
Ptger4,0.5476503,0.166
Affy_10427468,0.36435045,-0.219
Osmr,0.55582376,0.209
Gm10050,0.59862778,-0.111
Affy_10427494,0.41694331,-0.2
Egflam,0.27257362,0.182
Wdr70,0.96318773,0.008
Nipbl,0.44349886,0.118
Slc1a3,0.58204157,-0.116
Gm5210,0.38951291,0.335
Skp2,0.51689923,-0.142
LOC100045342,0.40649194,-0.152
Ugt3a1,0.16007434,-0.22
Il7r,0.76294544,0.066
Affy_10427640,0.31958393,-0.181
Affy_10427653,0.9213563,0.015
Affy_10427655,0.84519541,-0.026
Affy_10427657,0.054289019,-0.404
Affy_10427659,0.10159617,-0.529
Affy_10427661,0.074374486,0.298
Affy_10427663,0.53525913,-0.144
Affy_10427665,0.33670258,-0.186
Affy_10427667,0.95063725,-0.013
Affy_10427669,0.53633572,0.106
Affy_10427671,0.66069651,-0.108
Affy_10427673,0.50793369,0.13
Spef2,0.93892865,0.018
Spef2,0.75494932,0.056
Spef2,0.63756942,-0.103
Spef2,0.13737441,-0.282
Spef2,0.98880885,-0.003
Spef2,0.073070096,0.214
Spef2,0.61210695,-0.142
Spef2,0.70482279,-0.077
Spef2,0.78633467,-0.05
Spef2,0.69129284,0.068
Dnajc21,0.63681098,0.095
Brix1,0.84937234,0.053
Ttc23l,0.21667541,-0.182
Gm8174,0.80492529,0.096
Rai14,0.51636906,-0.106
Rxfp3,0.64769661,0.097
Tars,0.17823489,0.402
Affy_10427792,0.46874654,-0.174
Npr3,0.7837532,-0.055
Sub1,0.83762088,-0.034
Golph3,0.006968793,-0.498
Pdzd2,0.92650181,-0.014
F830212C03Rik,0.31869808,-0.208
LOC669751,0.51155764,0.129
C5orf22,0.52014356,-0.188
Cdh6,0.22661916,-0.227
ENSMUSG00000072643,0.19326558,-0.28
Affy_10427879,0.49735038,0.159
Gm8341,0.80481822,-0.054
Acot10,0.66073825,0.13
Hnrnpa1,0.36861957,0.178
Affy_10427888,0.74258851,0.049
9230109A22Rik,0.063519788,-0.331
Basp1,0.7760536,0.086
Fbxl7,0.71135599,0.071
Fbxl7,0.022549691,0.536
D130046C19Rik,0.34594937,0.222
Gm9948,0.084852254,0.342
Fam105b,0.57766698,-0.095
Fam105a,0.6336266,0.142
Trio,0.70409984,-0.054
Trio,0.50839201,-0.162
Affy_10427993,0.80404406,-0.048
rRNA,0.78078048,0.072
Ankrd33b,0.36473225,0.182
Ankrd33b,0.33687744,-0.205
Ankrd33b,0.28916188,0.238
Ankrd33b,0.24215256,0.212
Ropn1l,0.93359158,0.023
Ube2v2,0.47108957,0.192
06-Mar,0.26037338,-0.218
Cct5,0.94110401,-0.011
1700084J12Rik,0.45634896,0.162
Tspyl5,0.48213361,-0.128
9430069I07Rik,0.37272601,-0.287
Rpl30,0.67810739,-0.079
Hrsp12,0.42141876,-0.169
Nipal2,0.67346763,-0.072
Stk3,0.53140374,0.114
Affy_10428117,0.21792256,-0.196
Cox6c,0.24954223,-0.145
Rgs22,0.9045744,-0.022
Fbxo43,0.76885456,-0.066
Rnf19a,0.7910744,0.051
Rpl7a,0.70955781,0.044
Ankrd46,0.45231039,0.117
Snx31,0.4037561,-0.172
Pabpc1,0.19537603,-0.252
Ywhaz,0.38970824,-0.157
Gm10384,0.92751523,-0.022
Zfp706,0.98925624,-0.002
Affy_10428215,0.18363732,-0.306
Affy_10428217,0.94350717,-0.016
Ncald,0.6496441,-0.08
Rrm2b,0.66697268,-0.094
Ubr5,0.56037564,-0.088
LOC675708,0.9682837,0.009
Klf10,0.39547482,-0.314
G930009F23Rik,0.98331746,0.005
Azin1,0.76147733,-0.075
Affy_10428326,0.062573633,-0.485
Slc25a32,0.63096115,-0.096
Ftl2,0.23579009,-0.211
Dpys,0.62982377,0.109
Lrp12,0.74810641,0.051
Gm16294,0.91184689,0.019
Gm10383,0.30658494,-0.231
Affy_10428368,0.075298224,0.252
Abra,0.083293547,-0.314
Gm5470,0.71238104,-0.123
Angpt1,0.8974539,0.026
Rspo2,0.9402682,-0.014
Affy_10428396,0.94835704,-0.019
Eif3e,0.57587127,-0.189
Gm10373,0.54365703,0.103
Tmem74,0.28928205,-0.148
Nudcd1,0.20771987,0.343
Sybu,0.74294406,-0.058
Affy_10428439,0.80473181,-0.095
Gm5471,0.87483512,0.047
Kcnv1,0.4146799,-0.19
Gm5472,0.38441734,0.346
Affy_10428449,0.60433437,0.121
Affy_10428451,0.31512173,-0.148
Csmd3,0.8469186,-0.034
Csmd3,0.82768601,-0.046
Csmd3,0.071664787,0.408
Csmd3,0.45989999,-0.154
Csmd3,0.49333424,-0.104
Csmd3,0.77934769,0.041
Csmd3,0.88269384,-0.024
Trps1,0.2702512,0.425
Trps1,0.28512445,0.419
Eif3h,0.71644462,-0.05
Rad21,0.78343934,0.036
Rpl15,0.070496608,-0.319
Ext1,0.93930526,-0.013
Samd12,0.75872813,-0.066
Affy_10428602,0.13143746,-0.253
Tnfrsf11b,0.50644174,0.132
Gm5215,0.98610969,-0.003
Affy_10428615,0.037407575,0.3
Enpp2,0.45922339,-0.27
Taf2,0.9084032,0.026
Dscc1,0.82866314,-0.036
Gm9920,0.74369595,0.077
Affy_10428685,0.69434209,-0.052
1700040F17Rik,0.33731118,-0.17
Mrpl13,0.54421081,0.12
Sntb1,0.55361319,0.142
Has2,0.079413063,0.342
BC026439,0.16438907,0.213
9330154K18Rik,0.87096288,0.033
Derl1,0.66899603,-0.063
9130401M01Rik,0.65718496,0.087
Affy_10428753,0.25518554,-0.135
Zhx1,0.62451194,-0.052
Atad2,0.14522188,0.27
Fbxo32,0.030206213,0.367
Klhl38,0.99299958,0.002
Anxa13,0.54302833,-0.136
Affy_10428825,0.65220095,0.089
Tmem65,0.36134228,0.206
Affy_10428837,0.75259239,0.08
Gm5959,0.6479696,0.104
Tatdn1,0.71371904,0.087
Mtss1,0.50990222,-0.183
E430025E21Rik,0.34016489,-0.111
Affy_10428908,0.62168004,-0.094
4933412E24Rik,0.30239849,-0.255
Fam84b,0.96203994,-0.009
Fam84b,0.79270779,-0.063
A1bg,0.70354067,0.095
Affy_10428931,0.57710825,-0.135
H2afy3,0.11391279,-0.237
Affy_10428936,0.31244314,-0.168
Affy_10428938,0.68339415,-0.065
Gm4942,0.22798703,0.39
Gsdmc,0.4519552,-0.124
Gsdmc2,0.061400125,-0.437
Gsdmc3,0.48889321,-0.079
Gsdmc2,0.41778043,0.148
Gsdmc2,0.3484142,-0.229
Fam49b,0.63794154,0.215
Asap1,0.4889329,0.142
Adcy8,0.29976255,0.178
Oc90,0.26662264,-0.187
Hhla1,0.76143046,-0.058
Snrpc,0.46327395,-0.107
Kcnq3,0.3585332,-0.163
Lrrc6,0.83241004,0.04
Tmem71,0.36724033,0.261
Sla,0.40774698,0.383
Ndrg1,0.076536005,-0.742
St3gal1,0.96511884,0.01
St3gal1,0.36267804,-0.186
Zfat,0.37894059,0.164
mir-30b,0.2906074,-0.199
mir-30d,0.55766092,-0.128
Nfu1,0.48153388,0.202
Fam135b,0.31418748,-0.172
Fam135b,0.64940658,-0.084
Fam135b,0.75177177,0.061
Fam135b,0.27041571,-0.304
Fam135b,0.8535431,-0.028
Affy_10429234,0.49007446,-0.144
Kcnk9,0.052162272,-0.477
Trappc9,0.03218703,0.336
Affy_10429325,0.72088152,-0.054
Ago2,0.33277339,-0.174
Ago2,0.82149902,0.042
Ptk2,0.24211795,-0.121
mir-151,0.634708,-0.132
Ptplb,0.50599732,0.283
Rpl17,0.60776743,-0.056
Slc45a4,0.01332293,-0.452
Affy_10429400,0.85501008,0.031
Gpr20,0.52378532,-0.149
Affy_10429407,0.41341355,-0.174
Gm628,0.32998712,-0.233
Affy_10429424,0.27181887,-0.27
Gm628,0.11567681,-0.396
Gm628,0.32450145,-0.23
Gm628,0.25115037,-0.272
Gm628,0.50342211,-0.139
Gm628,0.76661515,-0.07
Gm628,0.17605785,-0.253
Gm628,0.11745832,-0.377
Affy_10429448,0.29641122,0.191
Sf3b4,0.71800057,0.051
Hmgb1,0.67788313,0.059
7120482A17Rik,0.85973311,-0.036
1700016M24Rik,0.38381771,-0.177
Arc,0.40679056,-0.217
Jrk,0.58890292,-0.104
Slurp1,0.13295474,-0.327
Lypd2,0.40843023,-0.169
2300005B03Rik,0.66151195,0.086
Lynx1,0.85515383,0.044
Ly6d,0.49510608,0.721
D730001G18Rik,0.1897709,-0.346
Ly6k,0.25135121,-0.263
Gml,0.16232474,-0.448
Cyp11b1,0.28604601,-0.241
Cyp11b2,0.93560868,-0.014
2010109I03Rik,0.36404648,-0.203
Ly6i,0.82151852,0.06
Ly6a,0.36844891,0.94
Ly6c1,0.32828829,0.484
Ly6c2,0.4240841,0.274
I830127L07Rik,0.88936237,-0.043
Affy_10429584,0.34881732,-0.19
9030619P08Rik,0.17792441,1.004
Ly6h,0.65428869,-0.104
Top1mt,0.47004612,0.132
Mafa,0.15101995,-0.37
Zc3h3,0.87791407,-0.024
Gm9568,0.43458871,0.284
Naprt1,0.45013877,0.124
Eef1d,0.21542774,-0.23
Pycrl,0.69603664,0.132
Tsta3,0.67321693,0.054
2410075B13Rik,0.53827368,0.119
Fam83h,0.56031756,0.112
Scrib,0.0982063,-0.207
Puf60,0.67640016,0.047
Nrbp2,0.46316265,-0.214
Eppk1,0.56755925,0.11
BC024139,0.81924614,0.031
Plec,0.98994603,0.002
Parp10,0.92701727,-0.017
Spatc1,0.57879894,0.176
Oplah,0.98487926,-0.005
Sharpin,0.6749304,0.062
Tssk5,0.7530594,-0.069
Bop1,0.69961527,0.07
Dgat1,0.96994459,0.006
Scrt1,0.88909695,0.034
Rpl29,0.7367754,-0.065
Gm8140,0.53638625,0.138
Fbxl6,0.48801051,0.116
Affy_10429968,0.43621839,-1.264
Adck5,0.18805694,-0.271
Cpsf1,0.71264786,-0.05
Slc39a4,0.41638215,-0.654
Vps28,0.88495129,0.023
Nfkbil2,0.3901279,0.212
Cyhr1,0.47492768,-0.09
Foxh1,0.1952718,-0.34
Recql4,0.64625627,-0.08
Lrrc24,0.57353775,-0.115
C030006K11Rik,0.98858446,-0.003
Arhgap39,0.20997118,0.163
Zfp251,0.2885587,-0.22
Zfp647,0.23132276,-0.21
Mb,0.25166912,-0.377
Rbfox2,0.36033936,0.156
Apol7a,0.14750051,0.448
Apol9a,0.44337668,-0.584
Apol7b,0.28811237,0.17
Apol7c,0.18136775,-0.482
Apol10b,0.65044893,0.096
Apol8,0.10629464,-0.262
Myh9,0.60912942,0.132
Affy_10430245,0.64682227,0.14
Txn2,0.9744333,-0.004
Foxred2,0.37481247,-0.264
Eif3d,0.22408097,0.158
Affy_10430280,0.2065702,-0.203
Cacng2,0.74997697,-0.064
Ift27,0.26402873,0.231
Pvalb,0.22296105,-0.32
Csf2rb2,0.87182183,-0.058
1700061J05Rik,0.92780984,-0.016
Tst,0.7949457,-0.084
Tmprss6,0.4707635,-0.137
Il2rb,0.93648857,0.016
C1qtnf6,0.21853467,-0.256
Sstr3,0.49063748,-0.192
Gm6723,0.69052582,-0.102
Rac2,0.62367066,0.257
Affy_10430382,0.55793964,-0.106
Elfn2,0.48789241,-0.177
Mfng,0.10761632,-0.299
Card10,0.49206324,-0.152
Lgals2,0.37861028,0.207
Gm10866,0.032237041,-0.441
1700027A07Rik,0.77845633,-0.064
Gm10865,0.7027526,-0.08
Ankrd54,0.37664641,-0.122
Micall1,0.88560099,0.026
Sox10,0.27654556,-0.264
Slc16a8,0.84038128,-0.043
Baiap2l2,0.073521225,-0.363
Pla2g6,0.44395966,-0.282
Tmem184b,0.42042299,-0.171
Csnk1e,0.51925717,0.105
Kcnj4,0.29041179,-0.235
Ddx17,0.9402113,-0.012
Dmc1,0.71768127,-0.066
Affy_10430572,0.22489474,-0.366
4933432B09Rik,0.86174081,0.032
Josd1,0.5062418,0.155
Sun2,0.99641346,-0.001
Dnalc4,0.56595579,0.104
Cbx6-Nptxr,0.91413559,0.024
D730005E14Rik,0.82172639,0.07
Affy_10430647,0.46787452,-0.133
Cbx7,0.96301247,0.014
Pdgfb,0.99184928,0.003
Rpl3,0.35280684,0.279
Affy_10430679,0.83249012,-0.088
Rps19bp1,0.33305562,-0.147
Enthd1,0.28164211,-0.195
Mkl1,0.18997258,0.236
Slc25a17,0.55623662,-0.162
Slc25a17,0.32967168,0.219
St13,0.8062695,0.034
Dnajb7,0.20769606,-0.211
Gm8580,0.43154297,-0.164
Chadl,0.32853501,-0.194
Rangap1,0.1807654,-0.54
Gm8444,0.18243774,0.365
Tob2,0.8866129,0.035
Phf5a,0.76601282,0.066
Polr3h,0.78921318,0.051
Pmm1,0.76093157,-0.077
Pppde2,0.13408528,-0.184
Nhp2l1,0.99518193,-0.001
Tnfrsf13c,0.69171482,-0.113
Cenpm,0.72102219,-0.121
Naga,0.62949181,-0.087
Ndufa6,0.40243523,0.155
Cyp2d22,0.71067503,-0.082
Cyp2d11,0.67531762,0.129
Cyp2d10,0.47232756,-0.173
Tdg,0.69549009,-0.104
Cyp2d34,0.67292588,-0.091
Cyp2d13,0.32146685,-0.28
Pcdhb11,0.38149672,-0.245
Cyp2d40,0.83688183,-0.088
Affy_10430904,0.85622898,-0.054
Cyp2d26,0.27852063,-0.154
Tcf20,0.54146343,-0.094
Tbrg3,0.20545726,0.342
Nfam1,0.42384313,0.346
Rrp7a,0.15366077,-0.237
Poldip3,0.18956115,-0.466
Cyb5r3,0.46984355,0.294
A4galt,0.53098153,-0.168
Arfgap3,0.32186418,0.181
1700001L05Rik,0.97667548,0.013
Pacsin2,0.90982754,0.013
Vkorc1l1,0.42540589,-0.107
Ttll1,0.80550073,0.052
Mcat,0.22762682,-0.275
Ttll12,0.44920513,-0.148
Scube1,0.97955002,-0.006
Efcab6,0.71228951,-0.082
Sult4a1,0.26666637,-0.188
Pnpla5,0.43536107,-0.187
Affy_10431137,0.29625335,-0.182
1810041L15Rik,0.41200937,-0.191
Ldoc1l,0.36875837,-0.185
Phf21b,0.677368,-0.065
Kiaa0930,0.45347303,0.22
Smc1b,0.45582013,-0.157
Affy_10431208,0.86951766,0.032
Wnt7b,0.8897854,-0.022
Cdpf1,0.033816867,0.527
Pkdrej,0.66157198,-0.119
Celsr1,0.97970182,-0.007
Cerk,0.08944483,0.353
2810001A02Rik,0.10516832,0.418
Brd1,0.39384485,-0.121
Alg12,0.55098112,0.174
Ttll8,0.28829201,0.238
Mlc1,0.21552255,-0.22
Selo,0.46395778,-0.119
Tubgcp6,0.64584609,0.076
Hdac10,0.7482565,0.042
Mapk12,0.86811347,0.023
Mapk11,0.70850178,0.071
Plxnb2,1,0
Fam116b,0.76622784,-0.037
Sbf1,0.81332889,-0.033
Lmf2,0.45479761,0.103
Tymp,0.37845649,-0.492
Odf3b,0.96055979,0.015
Cpt1b,0.39593764,0.367
Chkb,0.062065009,0.48
Arsa,0.52600705,-0.216
Rabl2,0.15712415,0.438
Syt10,0.565119,-0.127
Affy_10431635,0.17867852,-0.356
Cpne8,0.96046562,0.015
Rpl31,0.42644762,0.103
Kif21a,0.24220099,0.372
Abcd2,0.20088194,1.985
Slc2a13,0.60387152,-0.09
Gxylt1,0.46469334,0.134
Yaf2,0.99154044,-0.002
Zcrb1,0.83736741,-0.038
Prickle1,0.3086587,-0.184
Adamts20,0.91631561,-0.022
Pus7l,0.44364745,0.192
Twf1,0.56468642,0.102
Nell2,0.55487198,-0.114
LOC100043315,0.79837041,0.062
Dbx2,0.27973869,-0.23
A130051J06Rik,0.43852912,-0.172
D030018L15Rik,0.16059461,-0.324
Srsf2ip,0.98083912,-0.003
Slc38a1,0.58114186,-0.104
Slc38a1,0.15672264,0.458
Slc38a2,0.33928635,-0.258
Slc38a2,0.24240172,-0.265
Slc38a4,0.17083732,-0.153
Amigo2,0.17545481,-0.416
Gm4383,0.31383375,-0.4
5830453K13Rik,0.68670312,0.101
Rpap3,0.36136397,-0.36
Endou,0.04306615,-0.448
Rapgef3,0.67858645,0.084
Hdac7,0.68377956,0.058
Vdr,0.26341994,-0.218
Col2a1,0.26005616,-0.238
Senp1,0.10822517,0.239
Asb8,0.77021955,-0.042
Olfr288,0.34709479,-0.321
Olfr286,0.22898266,-0.271
H1fnt,0.17887716,-0.247
Zfp641,0.08030015,-0.318
Olfr285,0.80462175,0.044
Olfr284,0.1408931,-0.251
Olfr283,0.3413307,0.156
Lalba,0.65855112,-0.101
C12orf41,0.44884709,0.103
Snora34,0.32952356,0.572
Snora2b,0.49192531,0.158
Ccnt1,0.79626773,-0.066
Adcy6,0.63923649,0.117
Ddx23,0.92574432,0.014
Rnd1,0.45579522,0.199
Fkbp11,0.044624323,-0.487
Arf3,0.31855902,-0.154
5830427D03Rik,0.27264056,-0.225
Wnt10b,0.9170108,-0.026
Ddn,0.72211859,0.082
Prkag1,0.1473358,-0.425
Mll2,0.84710545,0.052
Mll2,0.4117161,-0.114
Rhebl1,0.26483834,-0.178
Dhh,0.56375301,-0.118
Lmbr1l,0.64068432,0.08
Tuba1b,0.6959825,0.151
Tuba1a,0.018922693,0.558
C1ql4,0.50527998,-0.193
Mcrs1,0.96804249,0.005
Affy_10432429,0.61483858,0.09
Fam186b,0.040656324,-0.332
Fmnl3,0.16866192,-0.292
Affy_10432471,0.84147184,-0.085
Nckap5l,0.96101475,-0.012
Bcdin3d,0.75467727,-0.052
Faim2,0.063884671,-0.401
Uxt,0.39778373,0.134
Racgap1,0.8839099,0.038
Lass5,0.87639448,-0.039
Lima1,0.84803992,0.034
Affy_10432554,0.54694347,0.161
Gm9763,0.27781104,0.392
LOC100046692,0.42806536,-0.176
1700030F18Rik,0.8007695,-0.046
Affy_10432566,0.2320148,-0.228
2310068J16Rik,0.5870841,-0.131
Slc11a2,0.92106504,0.029
Csrnp2,0.029877353,-0.348
Tcfcp2,0.4158458,-0.089
Pou6f1,0.64023403,0.075
Smagp,0.74953951,0.062
Bin2,0.72235159,0.124
Cela1,0.003668654,-0.809
Galnt6,0.51326384,0.153
I730030J21Rik,0.60005189,-0.09
Fignl2,0.26596349,-0.257
Krt80,0.23962159,-0.206
Krt83,0.56874284,-0.123
Krt84,0.96645708,0.01
Krt82,0.39455289,-0.151
4732456N10Rik,0.084611799,-0.409
Krt75,0.73389368,-0.082
Gm5414,0.83813934,-0.047
Gm5478,0.27681731,-0.234
Krt6b,0.20167666,-0.27
Krt6a,0.49491365,-0.184
Krt5,0.9962967,-0.001
Krt71,0.16574832,-0.205
Krt74,0.96579595,0.009
Krt72-ps,0.72052457,-0.061
Krt73,0.31831026,-0.229
Krt2,0.5139693,0.135
Krt1,0.22704328,-0.2
Krt77,0.81387069,-0.05
Krt76,0.5561739,0.14
Krt4,0.10836017,-0.303
Krt79,0.3844458,-0.203
Krt78,0.50534733,0.129
Krt8,0.10715563,0.504
Spryd3,0.38661376,-0.156
Csad,0.95378754,-0.039
Itgb7,0.46359406,-0.148
Rarg,0.79492171,-0.039
Aaas,0.20596849,0.295
Sp7,0.84115204,-0.051
Map3k12,0.008272366,0.408
Npff,0.85960622,-0.04
Atf7,0.53638887,0.151
Atf7,0.9030068,-0.017
Affy_10433047,0.83955033,0.034
Atp5g2,0.89650301,0.021
mir-688,0.30176853,-0.243
Calcoco1,0.39023227,0.172
Gm10831,0.14257476,0.281
5730585A16Rik,0.93613799,-0.013
Smug1,0.76024073,-0.04
Cbx5,0.40813135,0.19
Nfe2,0.36159889,-0.213
Gpr84,0.96256479,-0.013
Zfp385a,0.99594162,0.001
Itga5,0.27708649,0.328
Gtsf1,0.47953443,-0.135
BC048502,0.81237214,-0.033
BC048502,0.28113382,-0.302
Ppp1r1a,0.23769805,-0.168
Glycam1,0.82241667,0.043
Gm9108,0.74065877,-0.098
Mucl1,0.53765276,0.119
Spt1,0.81166362,0.058
Affy_10433190,0.87720344,0.043
Olfr161,0.6864244,0.072
Olfr161,0.11065046,-0.401
Olfr161,0.87107314,-0.053
Zfp263,0.48895655,-0.123
Affy_10433207,0.96594392,0.008
Olfr15,0.39523022,0.204
Zfp174,0.84446762,0.041
Naa60,0.074423686,-0.26
Cluap1,0.24661538,0.19
Dnase1,0.27435696,-0.193
Gm5766,0.40149417,0.096
Glis2,0.089321829,-0.302
Vasn,0.76938314,0.04
Dnaja3,0.20399954,-0.228
Hmox2,0.30655272,-0.158
Affy_10433300,0.63126467,-0.15
4930562C15Rik,0.87194931,0.036
Mgrn1,0.79908573,-0.039
Nudt16l1,0.93219123,-0.012
C16orf71,0.80188811,-0.053
Ubn1,0.34019588,0.167
Sec14l5,0.85019027,0.037
Alg1,0.71945033,-0.051
Rbfox1,0.37253169,-0.133
Affy_10433428,0.14641721,0.271
Affy_10433431,0.69876741,0.074
Mettl22,0.85721964,-0.029
Abat,0.93253027,0.021
Pmm2,0.81194382,-0.033
C16orf72,0.39447788,-0.128
Affy_10433478,0.72660789,0.068
Rpl39l,0.73605795,-0.061
Atf7ip2,0.29739689,0.209
Atf7ip2,0.22516884,-0.202
Nubp1,0.87854668,0.024
Ciita,0.90625668,-0.024
Clec16a,0.1227848,-0.174
Rpl30,0.5551985,-0.117
A630055G03Rik,0.72885341,0.06
Affy_10433573,0.50500217,0.111
Gm10832,0.60627887,-0.115
Snn,0.84024276,0.032
Tnfrsf17,0.44115808,-0.158
Affy_10433589,0.65581624,-0.093
Snx29,0.005412552,-0.81
Gm9961,0.1372696,0.266
Shisa9,0.28283913,-0.234
Ercc4,0.50560036,0.123
Mkl2,0.15053035,0.353
Mkl2,0.20156149,0.24
Mkl2,0.14781973,1.243
mir-365-1,0.028027515,-0.464
Bfar,0.61105394,-0.115
Rrn3,0.36626048,-0.128
Ntan1,0.63613211,0.107
Mpv17l,0.11582286,-0.623
2900011O08Rik,0.48669151,-0.145
Affy_10433717,0.13431846,-0.302
mir-484,0.64604315,-0.087
Nde1,0.26684503,0.194
Abcc1,0.7148935,0.102
Gm1758,0.76720082,-0.06
A630010A05Rik,0.54997779,0.149
Snai2,0.56720632,0.18
Efcab1,0.7896476,-0.044
Affy_10433792,0.28919887,0.136
Affy_10433795,0.64381262,0.095
Prkdc,0.64855584,0.099
Cebpd,0.97480619,-0.009
Pkp2,0.20076444,0.29
Rpl30,0.55863583,-0.116
Yars2,0.48401153,-0.112
Top3b,0.32575434,0.13
Ppm1f,0.50934453,0.107
Ppm1f,0.20929523,0.269
Mapk1,0.32597153,-0.081
Ypel1,0.66958762,0.065
Ydjc,0.76358809,-0.074
Rimbp3,0.59141079,-0.115
Hic2,0.39933358,-0.197
Tmem191c,0.122414,-0.395
Serpind1,0.3193088,-0.159
Snap29,0.33736073,0.17
Crkl,0.53500536,-0.094
Aifm3,0.050224561,-0.386
Lztr1,0.48006051,0.11
P2rx6,0.16985719,-0.253
Smpd4,0.46618628,0.13
Ccdc74a,0.75234251,-0.052
Klhl22,0.75018461,0.055
Scarf2,0.29924048,-0.192
B830017H08Rik,0.42283624,-0.196
Tssk1,0.88999558,0.035
Tssk2,0.49453569,-0.134
Vpreb2,0.28227981,-0.326
AA066038,0.97668372,-0.006
Dgcr6,0.99529797,0.001
Rtn4r,0.15780865,-0.332
Trmt2a,0.75781425,0.056
Arvcf,0.70701156,-0.065
Affy_10434189,0.22118575,-0.223
Txnrd2,0.26637307,0.186
Gnb1l,0.65041883,-0.08
Gnb1l,0.43960948,0.172
4930588K23Rik,0.12894181,-0.37
Cldn5,0.81946758,-0.047
Ufd1l,0.58677682,0.08
2510002D24Rik,0.59467456,-0.101
Hira,0.88109289,0.028
LOC635992,0.20289115,0.242
LOC635992,0.48455211,-0.164
Affy_10434285,0.077667787,-0.396
Olfr166,0.6948134,0.147
Affy_10434289,0.52668957,-0.279
B3gnt5,0.55669266,0.1
Klhl24,0.16327169,-0.268
Yeats2,0.91063579,-0.018
Eif2b5,0.1682782,0.225
Dvl3,0.82059021,-0.032
Ap2m1,0.49304599,-0.126
Abcf3,0.61468359,0.091
Vwa5b2,0.55409196,-0.136
Vwa5b2,0.56484792,-0.111
Ece2,0.69779961,-0.092
Ece2,0.16306445,-0.268
Psmd2,0.62874892,0.078
Eif4g1,0.62785961,-0.063
Fam131a,0.83646617,-0.044
Polr2h,0.21091803,-0.272
Chrd,0.069492384,0.237
Affy_10434552,0.14774128,-0.275
Affy_10434554,0.67316645,0.07
Gm9697,0.1140882,-0.495
Ephb3,0.91042575,-0.019
Vps8,0.69214275,-0.047
Map3k13,0.67343927,0.175
Psmb3,0.2636625,-0.107
Senp2,0.76876735,0.051
Ndufa11,0.41020703,0.169
Affy_10434666,0.22212099,-0.41
Tmem97,0.40292246,-0.225
Gm8095,0.94472684,-0.012
Gng5,0.20135735,0.261
Dnajb11,0.73929091,-0.11
Ahsg,0.14123886,-0.151
Fetub,0.69979608,-0.111
Hrg,0.94700602,-0.01
Affy_10434717,0.56150687,0.097
Kng1,0.24351645,-0.132
Eif4a2,0.43586903,0.186
Affy_10434741,0.99691317,-0.001
Affy_10434743,0.77088079,-0.053
Affy_10434745,0.17859779,0.636
Adipoq,0.20028596,-0.257
BC106179,0.5320442,-0.17
St6gal1,0.27802418,-0.263
Rtp1,0.94492829,0.013
Rtp4,0.87760224,0.121
Lpp,0.52867638,0.108
Affy_10434799,0.24271106,0.223
Lpp,0.55228454,0.167
Mir28a,0.65061195,-0.108
Lpp,0.43123648,0.152
Tprg,0.62010879,-0.106
Trp63,0.40796745,-0.147
Leprel1,0.071895992,-0.356
Cldn16,0.75459894,0.054
Il1rap,0.27735898,-0.264
Ostn,0.224479,-0.244
Ccdc50,0.65632563,0.118
Gm10823,0.57176412,0.138
Hrasls,0.35730111,-0.154
Opa1,0.8764141,0.017
Affy_10434922,0.2321385,-0.266
Hes1,0.9515658,0.012
1700025H01Rik,0.37329127,-0.284
Fam43a,0.34623976,-0.206
Bdh1,0.22710126,-0.373
Dlg1,0.19108645,-0.179
Mfi2,0.27411858,-0.202
Pigz,0.5145764,-0.121
Ncbp2,0.53914418,0.109
1500031L02Rik,0.48065687,0.128
Bex6,0.65392918,-0.076
Wdr53,0.59811088,0.114
2310010M20Rik,0.46557186,-0.19
Rnf168,0.80728656,0.038
Ubxn7,0.5820194,-0.113
Tm4sf19,0.11489609,-0.399
Tctex1d2,0.2395798,-0.332
Pcyt1a,0.61143648,0.095
Zdhhc19,0.43262358,-0.188
Tfrc,0.68394873,0.18
Tnk2,0.55842917,0.093
Muc4,0.5888644,0.094
Fyttd1,0.75901624,-0.047
Lrch3,0.40985891,-0.101
Rn5s,0.78902479,0.112
Rpl35a,0.74273521,0.064
Lmln,0.48773812,-0.109
Osbpl11,0.79142736,-0.044
Snx4,0.33164167,0.181
Zfp148,0.54437645,-0.078
Slc12a8,0.63053769,-0.098
Heg1,0.38537884,0.209
Heg1,0.46327316,0.215
Muc13,0.9366365,0.014
Itgb5,0.3441704,0.196
Ropn1,0.53664964,-0.11
Ccdc14,0.84764473,0.033
Mylk,0.14665047,0.261
Ptplb,0.55210514,0.268
Adcy5,0.97909311,-0.005
Affy_10435413,0.76992546,-0.06
Sema5b,0.77648078,-0.107
Hspbap1,0.95265689,0.014
Affy_10435453,0.28180937,0.331
Rpl35a,0.79280492,-0.048
Parp9,0.37701326,0.363
Kpna1,0.23222525,-0.202
Wdr5b,0.045241328,0.394
Ccdc58,0.86138589,0.034
Affy_10435494,0.38097795,-0.118
Stfa2l1,0.47743877,0.147
Stfa1,0.15076169,-0.483
Gm5416,0.013789725,-0.553
2010005H15Rik,0.64709542,-0.097
Ildr1,0.33036091,-0.204
Iqcb1,0.004006418,0.793
Golgb1,0.53007471,0.114
Hcls1,0.30137633,0.434
Polq,0.7373853,0.053
Rabl3,0.4794687,-0.254
Hgd,0.1653922,0.237
Fstl1,0.37219568,0.36
Lrrc58,0.25641521,0.197
Gpr156,0.076822972,-0.376
Affy_10435674,0.72446157,-0.068
Gsk3b,0.57449341,0.088
Cox17,0.18898311,0.261
Popdc2,0.43111298,-0.143
Cd80,0.64662557,0.134
Cd80,0.47221791,0.166
Tmem39a,0.31682227,-0.316
B4galt4,0.29694243,0.156
Igsf11,0.19390392,-0.337
Affy_10435743,0.98153913,0.005
Gm16498,0.84761698,0.039
D930030D11Rik,0.90367444,-0.025
Lsamp,0.58708751,-0.129
Affy_10435765,0.974923,0.006
Affy_10435767,0.9393177,-0.014
Zbtb20,0.802051,0.055
BC002163,0.95320945,0.013
Affy_10435787,0.67095671,-0.141
Zbtb20,0.9971124,0.001
mir-568,0.95589251,0.018
Drd3,0.39659525,-0.143
2610015P09Rik,0.93665373,-0.013
Naa50,0.92385316,0.019
Gm608,0.52340527,-0.106
Ccdc52,0.59049346,0.117
Wdr52,0.83360584,-0.046
BC027231,0.58850281,-0.101
Cd200r1,0.62309819,0.173
Cd200r4,0.25129759,0.274
Cd200r2,0.53075184,-0.131
Cd200r3,0.78758006,-0.048
Ccdc80,0.61700851,0.218
Gm10808,0.076185155,0.408
Atg3,0.28123637,0.21
Rps24,0.22854465,0.218
Btla,0.039799041,0.562
Gm5406,0.72666198,0.089
Slc9a10,0.67240571,-0.083
Gcet2,0.78190096,-0.059
Affy_10436034,0.15275222,-0.368
Affy_10436037,0.1411924,-0.34
Affy_10436041,0.77278509,-0.033
Gm7275,0.9325378,0.028
Affy_10436046,0.36737323,0.212
Prdx1,0.28455559,0.167
Dppa4,0.96866,-0.01
Dppa2,0.4482419,-0.186
Morc1,0.79551458,-0.054
Retnlb,0.35833046,-0.193
Retnla,0.45301727,-0.134
Retnlg,0.099532246,0.27
C330027C09Rik,0.3971097,0.184
Myh15,0.33139725,-0.152
Ift57,0.18698829,0.291
Cd47,0.85959003,-0.03
Affy_10436196,0.84926282,-0.045
Affy_10436198,1,0
Gm8824,0.43438515,-0.285
Gm4416,0.36375339,-0.224
1700116B05Rik,0.2476994,-0.264
Cblb,0.3056092,0.232
Affy_10436228,0.64401396,0.063
Affy_10436230,0.65482781,0.076
Rpl24,0.80405726,0.035
2310061J03Rik,0.16815947,-0.271
Affy_10436251,0.97587901,0.006
Senp7,0.24154848,0.221
Impg2,0.15940475,0.484
Abi3bp,0.90830917,-0.044
Tomm70a,0.56772547,-0.096
Filip1l,0.6364509,-0.112
Filip1l,0.89985823,-0.03
Dcbld2,0.63568196,-0.064
Cpox,0.31670467,-0.256
Cldnd1,0.98641567,-0.004
Olfr183,0.24360941,0.178
Olfr195,0.92461293,0.019
Olfr203,0.91811577,-0.019
Gabrr3,0.13204,-0.442
Orai2,0.68899249,0.099
Mina,0.18420722,0.27
Fam60a,0.60142205,-0.135
Affy_10436444,0.51459274,-0.115
Gps1,0.92250508,-0.014
Affy_10436449,0.51698785,0.223
Stx19,0.74427377,-0.07
Pros1,0.54362571,0.185
Cggbp1,0.8036436,-0.034
Pou1f1,0.97604572,0.004
Vgll3,0.56194612,0.131
Affy_10436493,0.85728339,-0.018
4933411O13Rik,0.93212906,-0.019
Gbe1,0.4604534,0.284
Affy_10436517,0.25244846,-0.182
Robo1,0.29100125,1.08
Affy_10436550,0.84513148,-0.054
Rbm11,0.30231922,-0.197
Usp25,0.80461979,0.044
2810055G20Rik,0.24134982,-0.3
2810055G20Rik,0.26428926,0.46
Affy_10436594,0.20234025,0.304
2810055G20Rik,0.79507316,-0.073
2810055G20Rik,0.56171716,0.198
mir-99a,0.46950548,0.191
let-7c-1,0.78684663,0.09
mir-125b-2,0.3591192,0.142
Affy_10436606,0.31149356,0.192
Cxadr,0.042661379,0.733
Affy_10436621,0.70669966,-0.11
Chodl,0.25912818,-0.147
Gm16509,0.65899744,0.075
Ncam2,0.95517031,0.031
7120432I05Rik,0.83998246,-0.077
mir-155,0.083750662,-0.27
Affy_10436664,0.53760915,-0.11
Jam2,0.73123059,-0.114
Gabpa,0.96350547,0.007
Gm10791,0.27956985,-0.218
Rplp0,0.49212965,0.247
Affy_10436696,0.76430755,0.039
N6amt1,0.86719649,0.03
Usp16,0.2653935,-0.204
ORF63,0.71303754,-0.076
Bach1,0.66895596,0.094
2810407A14Rik,0.47206371,-0.145
Krtap13-1,0.36850371,-0.222
2310034C09Rik,0.38501348,0.111
Gm5965,0.58005119,0.157
Krtap15,0.47850962,-0.102
ENSMUSG00000068075,0.91415824,0.015
Krtap6-1,0.46085108,0.125
Affy_10436762,0.75977096,-0.061
Krtap6-3,0.74454152,-0.068
Gm6358,0.43392291,-0.171
Gm10061,0.54763886,0.123
Gm9789,0.58528234,-0.083
Gm7735,0.36681011,-0.163
1110057P08Rik,0.53319227,-0.12
Affy_10436777,0.20158638,-0.163
LOC100048581,0.29706647,0.222
Gm10789,0.1557482,-0.325
Sod1,0.5997994,-0.112
Hunk,0.083103955,-0.552
1110008E08Rik,0.19430668,-0.328
Affy_10436802,0.82622158,0.048
Mrap,0.93841583,-0.02
4931408A02Rik,0.33735931,-0.209
Olig2,0.86088879,-0.037
LTR_BXD001,0.068174428,1.284
Olig1,0.12676597,1.003
Ifnar2,0.89573081,-0.024
Il10rb,0.40166722,0.347
Ifnar1,0.6780075,-0.066
Ifngr2,0.75579091,-0.097
Son,0.75881347,0.045
Gm10785,0.4307984,0.377
Itsn1,0.73830704,-0.055
Mrps6,0.70731802,-0.064
Slc5a3,0.39396568,-0.258
Kcne2,0.97476039,0.006
Fam165b,0.45160621,-0.134
2410124H12Rik,0.61137789,0.086
Clic6,0.94582859,-0.014
Cbr1,0.099636146,0.778
Gm5678,0.40250488,-0.236
Affy_10436976,0.26167247,-0.177
Cbr3,0.37514794,0.205
Dopey2,0.34498677,0.354
Morc3,0.19207481,0.417
Chaf1b,0.51359241,0.122
Sim2,0.43475158,-0.164
Ripply3,0.33477706,0.186
Ttc3,0.33965191,-0.259
Affy_10437132,0.28406755,0.244
Dyrk1a,0.22246703,-0.282
Dyrk1a,0.98563687,0.003
Affy_10437149,0.1507049,-0.44
Kcnj15,1,0
Ets2,0.79887384,0.083
1700093J21Rik,0.18275487,-0.352
Wrb,0.78694808,0.062
Sh3bgr,0.23538582,-0.267
B3galt5,0.28014872,-0.268
Igsf5,0.25116981,-0.155
Pcp4,0.58177543,-0.118
Bace2,0.65935639,0.099
Hnrnpa3,0.83114368,0.062
Mx2,0.3851813,-0.714
B230307C23Rik,0.092500579,0.508
Affy_10437239,0.42896884,-0.252
Affy_10437241,0.52181224,-0.087
Mefv,0.59205399,-0.093
Zfp597,0.50853019,-0.141
C16orf90,0.89197354,0.024
Cluap1,0.45582071,-0.138
Nlrc3,0.26675721,-0.171
Btbd12,0.67725809,-0.072
Trap1,0.62258792,-0.064
Crebbp,0.28270958,-0.164
Crebbp,0.70258177,-0.045
Adcy9,0.41434802,0.134
Srl,0.31172828,-0.219
Tcfap4,0.15118274,-0.275
Pam16,0.86720019,0.026
Coro7,0.41517766,0.148
Nmral1,0.11942087,-0.362
5730403B10Rik,0.61378923,0.118
Fam100a,0.31926791,-0.205
Anks3,0.67961132,0.065
12-Sep,0.73020982,-0.067
Rogdi,0.14057828,0.412
Glyr1,0.77268143,0.03
Ppl,0.1975071,0.427
Nagpa,0.63104612,-0.076
AU021092,0.63911428,-0.091
Fam86,0.25722987,-0.194
Affy_10437573,0.25255111,-0.274
Tmem114,0.74915157,0.084
Affy_10437580,0.016045225,0.714
Affy_10437582,0.90579757,-0.022
Tmem186,0.40327602,-0.156
Carhsp1,0.17105394,0.274
Usp7,0.75544217,0.042
Affy_10437625,0.43663638,-0.143
Rpl35a,0.99136173,0.002
Grin2a,0.32716847,-0.264
Emp2,0.9808947,-0.012
Tekt5,0.69213923,-0.09
Fam18a,0.78773914,-0.05
Dexi,0.989712,-0.004
Socs1,0.53578335,-0.181
Tnp2,0.72897704,-0.05
Prm3,0.2026843,-0.287
Prm2,0.79420041,-0.059
Prm1,0.98383673,-0.003
Litaf,0.79523749,0.06
Gm9861,0.14318279,-0.307
Txndc11,0.93721546,0.021
Zc3h7a,0.91660881,-0.022
Affy_10437735,0.25219891,-0.226
Rsl1d1,0.70573739,0.07
Gspt1,0.2020799,-0.195
Cpped1,0.46468028,0.095
Affy_10437773,0.40159655,0.19
2310015D24Rik,0.64386778,-0.102
Parn,0.93196633,0.014
Pla2g10,0.21335832,-0.29
Affy_10437813,0.78022383,0.061
Pdxdc1,0.30031153,0.222
Ifitm7,0.8132612,-0.052
4921513D23Rik,0.52270774,-0.094
Myh11,0.69585627,-0.08
0610037P05Rik,0.75165705,-0.051
Rpsa,0.52026614,-0.201
F830005K03Rik,0.65001659,-0.101
Affy_10437940,0.18164059,-0.275
Ube2v2,0.39023728,0.214
Mcm4,0.33604539,0.227
Mzt2,0.89851531,0.023
2310008H04Rik,0.19676752,0.177
Dnm1l,0.75510084,-0.054
Fgd4,0.36913168,0.154
Olfr19,0.30056807,0.156
4933404G15Rik,0.45715662,-0.137
Spag6,0.52515228,-0.112
Igll1,0.4714777,-0.162
Vpreb1,0.99738302,0.001
Ypel1,0.60142219,0.106
Ppil2,0.60668453,0.053
2610318N02Rik,0.98339769,0.008
Mir130b,0.35317768,-0.236
mir-301b,0.98919493,0.003
Sdf2l1,0.74399801,-0.228
Ccdc116,0.23896623,-0.268
Ube2l3,0.92439889,0.021
Pi4ka,0.72993412,0.066
Affy_10438169,0.92333346,0.022
Thap7,0.45363713,0.114
4930451C15Rik,0.85253508,-0.035
Slc7a4,0.27654824,-0.215
Med15,0.4459215,0.109
Car15,0.59498721,-0.087
Dgcr2,0.95914333,-0.007
Dgcr14,0.56264812,0.091
Gsc2,0.48307099,-0.132
Slc25a1,0.81547426,0.038
Prodh,0.98477941,-0.008
4933432I09Rik,0.47346328,-0.12
Zdhhc8,0.78954732,0.04
Ranbp1,0.81374385,0.034
Dgcr8,0.78873259,0.039
D16H22S680E,0.62094339,0.14
mir-185,0.57032679,-0.131
Comt,0.40156831,-0.234
Tbx1,0.24261698,-0.196
05-Sep,0.41146376,-0.151
Rps2,0.24408788,0.331
Cdc45,0.94697616,0.009
Mrpl40,0.68187347,0.058
Igl-V1,0.13826749,0.595
Igl-V2,0.80739816,-0.083
Olfr164,0.74065973,-0.062
Olfr165,0.88249357,-0.022
Olfr167,0.20093822,-0.31
Olfr168,0.49424726,-0.146
Olfr169,0.47256422,0.159
Olfr170,0.94415481,0.012
Olfr171,0.30202877,0.278
Lamp3,0.38034316,-0.199
A930003A15Rik,0.19969688,-0.311
Klhl6,0.5259798,0.2
Sumo2,0.97381376,0.005
Map6d1,0.98071004,0.006
Parl,0.25966426,0.157
Cyp2ab1,0.32812782,-0.223
Abcc5,0.7185653,0.074
Gm15760,0.6612256,-0.1
Alg3,0.50733172,-0.195
Camk2n2,0.66917319,-0.088
Clcn2,0.94326944,0.014
Thpo,0.66920647,0.096
Rps10,0.64721695,-0.058
2310042E22Rik,0.2475552,0.385
Magef1,0.8914549,0.024
2510009E07Rik,0.78433868,-0.038
Ehhadh,0.66305508,0.271
Rpl12,0.71394377,-0.06
Tmem41a,0.62120796,0.116
Liph,0.92329453,0.02
Igf2bp2,0.94748716,-0.017
Tra2b,0.77378893,0.067
Etv5,0.77240778,-0.066
Dgkg,0.61791029,-0.078
Affy_10438666,0.52542713,0.22
Crygs,0.56008075,-0.119
Tbccd1,0.81604852,-0.043
Kng2,0.79266473,-0.046
Rfc4,0.10621431,0.395
St6gal1,0.32499127,-0.159
Masp1,0.030907418,-0.397
Masp1,0.56721107,0.138
Sst,0.14784558,-0.263
Rtp2,0.30782663,-0.225
Bcl6,0.18796973,-0.811
Affy_10438749,0.38254178,0.11
Affy_10438751,0.12999858,0.412
Leprel1,0.89312515,0.037
Cldn1,0.69123316,-0.15
Tmem207,0.35291513,-0.168
Gm606,0.30963614,-0.184
Uts2d,1,0
Fgf12,0.22330197,-0.234
mir-690,0.42009444,0.144
1600021P15Rik,0.60506701,0.084
Atp13a5,0.26749975,-0.241
Atp13a4,0.59586316,-0.102
9530020O07Rik,0.18849676,-0.344
Gm1968,0.69814117,-0.089
Cpn2,0.90468219,-0.023
Lrrc15,0.38979058,-0.185
Gp5,0.7401284,-0.065
Atp13a3,0.75733267,0.127
Atp13a3,0.42497536,-0.144
Tmem44,0.69110466,-0.062
Lsg1,0.3291828,-0.14
AI480653,0.8128475,-0.044
Acap2,0.81317991,-0.038
Ppp1r2,0.89452295,-0.026
Apod,0.45141712,-0.167
4930444G20Rik,0.82092012,0.036
0610012G03Rik,0.17881327,0.184
Senp5,0.66609072,0.141
Pak2,0.49467357,0.112
Pigx,0.2749992,0.546
Lrrc33,0.64649379,-0.122
Fbxo45,0.32773878,-0.201
Osta,0.098626847,-0.326
Osta,0.14874198,0.276
Gm10818,0.59816883,-0.154
Muc20,0.8753375,0.028
Kiaa0226,0.24245628,0.16
Iqcg,0.091971725,-0.427
Affy_10439126,0.28729914,0.23
Umps,0.68030306,0.126
Kalrn,0.41931648,-0.116
Rpl15,0.085939486,-0.284
Affy_10439206,0.95232717,0.011
Sec22a,0.56046584,-0.085
Affy_10439216,0.37823367,0.138
Pdia5,0.62802802,-0.136
Rps21,0.85258748,0.046
Dirc2,0.087855904,-0.338
Parp14,0.88275379,0.074
Dtx3l,0.28023795,0.33
Fam162a,0.32962264,0.204
Csta,0.69287735,0.084
Gm6815,0.61781667,-0.192
Affy_10439287,0.75239097,0.074
BC117090,0.92248785,-0.037
BC100530,1,0
Stfa2,0.50134791,-0.274
Stfa3,0.36230181,0.178
Casr,0.39942526,-0.191
Cd86,0.30536063,0.448
Slc15a2,0.59946507,0.704
Eaf2,0.32441241,0.132
Fbxo40,0.071635519,-0.506
Stxbp5l,0.066311754,0.358
Gtf2e1,0.70369886,0.097
Ndufb4,0.70215965,-0.064
Rpl9,0.23072791,-0.17
Gm4324,0.087202574,0.551
BC031361,0.74454336,0.078
Nr1i2,0.090876772,0.408
4932425I24Rik,0.40169436,-0.165
Pla1a,0.29129134,0.526
Adprh,0.93522715,-0.012
4930455C21Rik,0.81519749,-0.046
Poglut1,0.50823515,0.117
Arhgap31,0.62030971,0.08
Affy_10439498,0.51973707,-0.107
Upk1b,0.95672286,0.012
4930435E12Rik,0.9024964,-0.029
Gap43,0.47512233,-0.178
Gm10809,0.8460345,-0.035
Gm9968,0.08403554,0.381
Tigit,0.84476263,-0.049
Qtrtd1,0.26624927,-0.235
Zdhhc23,0.19198984,-0.317
Gramd1c,0.81258865,0.057
Atp6v1a,0.4346629,-0.114
Sidt1,0.85880982,0.038
Boc,0.19811213,-0.248
Gtpbp8,0.81061834,0.063
Slc35a5,0.4466396,0.226
Cd200,0.20385885,-0.284
Gm609,0.5662538,0.166
BC016579,0.67443191,-0.082
Tmprss7,0.82970339,-0.032
Tagln3,0.69901298,-0.081
Abhd10,0.40284561,0.399
Phldb2,0.2967547,0.165
Plcxd2,0.32659064,-0.307
Affy_10439742,0.69818695,0.06
Cd96,0.86290139,-0.034
Ahcy,0.65861003,-0.104
Pvrl3,0.72794765,-0.061
6430553K19Rik,0.32347395,-0.142
Affy_10439788,0.450139,-0.159
Trat1,0.86364449,0.074
Dzip3,0.69042032,0.102
Affy_10439830,0.76414195,0.054
Affy_10439832,0.4460395,-0.226
Gm4802,0.52455781,0.187
Affy_10439837,0.6381889,-0.072
Gm5486,0.65737768,-0.096
Gm4827,0.21076017,-0.234
Bbx,0.40775209,0.187
Ccdc54,0.34339252,-0.22
Psmc1,0.27980175,0.232
5330426P16Rik,0.66307151,0.143
Affy_10439885,0.64455534,-0.075
Affy_10439887,0.79823386,-0.051
Affy_10439889,0.10470542,0.448
Gm6767,0.80338239,0.041
Alcam,0.78176599,-0.089
Affy_10439915,0.58861349,0.092
Zpld1,0.35110026,-0.18
Affy_10439932,0.25388573,0.365
Affy_10439934,0.70666224,-0.12
Nfkbiz,0.3450007,0.317
Fam55c,0.94454148,0.016
Cep97,0.30328154,0.228
Gm8900,0.5168768,0.132
2310061J03Rik,0.929697,-0.019
Pcnp,0.9618107,0.01
Rg9mtd1,0.74300772,-0.06
Affy_10439989,0.90018276,-0.041
Tfg,0.73035357,0.073
Gpr128,0.79883975,-0.076
Tmem45a,0.29687495,-0.489
2310005G13Rik,0.21799372,-0.207
Nit2,0.19372911,-0.366
Tbc1d23,0.62182675,-0.175
Tmem30c,0.41107828,0.141
Cmss1,0.8718977,-0.034
Col8a1,0.80677577,-0.056
Affy_10440097,0.24398544,-0.293
St3gal6,0.55810694,0.111
Affy_10440118,0.76279918,-0.074
Gm813,0.63758053,-0.092
E330017A01Rik,0.25023191,-0.173
Gpr15,0.095563301,-0.374
Olfr172,0.91849722,0.028
Olfr173,0.72040519,0.069
Olfr174,0.64227055,-0.067
Olfr177,0.57354057,0.115
Olfr178,0.65341435,0.071
Olfr180,0.86640922,0.044
Olfr181,0.25499057,0.17
Olfr186,0.69487411,-0.061
Olfr187,0.8909758,0.03
Affy_10440154,0.95003148,0.012
Olfr190,0.58395184,-0.122
Olfr191,0.75883625,-0.092
Olfr192,0.19840075,-0.312
Olfr193,0.42110863,-0.162
Olfr194,0.82508496,-0.041
Olfr196,0.94689156,-0.009
Olfr197,0.63970917,-0.089
Olfr198,0.78754384,-0.095
Olfr199,0.90706547,0.013
Olfr201,0.71046473,0.115
Olfr202,0.84507528,-0.036
Olfr204,0.44044969,0.086
Olfr205,0.68273863,-0.071
Olfr206,0.97902511,-0.005
Olfr208,0.56183605,-0.116
Crybg3,0.077340155,1.041
Arl6,0.062535331,0.413
Epha6,0.78437907,-0.043
Affy_10440236,0.7635747,0.04
Nsun3,0.6525582,-0.11
Arl13b,0.48032568,0.235
Epha3,0.071734089,0.394
Csnka2ip,0.42378464,0.155
4930453N24Rik,0.90091504,-0.031
Zfp654,0.95774409,-0.014
Gm5488,0.90763018,-0.024
Affy_10440300,0.29575537,0.244
Htr1f,0.62194411,-0.077
Chmp2b,0.73375923,0.079
Cadm2,0.033485201,-0.359
9330155M09Rik,0.29727568,0.187
Speer2,0.31626393,-0.242
4930423O20Rik,0.25166223,-0.137
Affy_10440340,0.22260336,0.208
Affy_10440342,0.57900967,-0.122
Robo2,0.23831337,0.398
Lipi,0.74108921,-0.044
Hspa13,0.70635036,0.11
Samsn1,0.93088358,0.03
Nrip1,0.44545542,0.114
Fau,0.86542977,0.037
9430053O09Rik,0.82312081,-0.045
Btg3,0.1646687,0.672
Affy_10440425,0.9146216,-0.028
C21orf91,0.60564291,0.116
Tmprss15,0.79605738,0.041
LOC436427,0.78845701,-0.046
Affy_10440465,0.43116021,0.148
Rpl21,0.8220885,-0.026
Gm6032,0.49527255,0.153
Mrpl39,0.27419995,-0.107
Atp5j,0.32535225,-0.092
Gm311,0.71688525,-0.063
App,0.54239094,-0.283
Cyyr1,0.12217677,0.33
Adamts1,0.75345372,0.096
Adamts5,0.090493086,-0.676
Ltn1,0.1604685,0.312
Ltn1,0.95598404,-0.008
Ltn1,0.77323502,0.051
Ltn1,0.88135165,0.024
Ltn1,0.24547982,0.175
Ltn1,0.25586124,-0.185
Ltn1,0.3196412,0.237
Ltn1,0.45906334,0.269
Ltn1,0.25613306,0.357
Ltn1,0.84041041,0.045
Ltn1,0.80411734,0.065
Ltn1,0.93192083,0.013
Ltn1,0.22282209,0.264
Ltn1,0.34054532,0.153
Ltn1,0.50591543,0.132
Ltn1,0.070167911,0.309
Affy_10440591,0.1577317,0.505
Rwdd2b,0.69814804,0.084
Cct8,0.92314484,0.016
Affy_10440617,0.98035088,0.007
Affy_10440619,0.40349431,-0.24
Grik1,0.62381898,-0.081
Cldn17,0.59401508,-0.104
Cldn8,0.22835999,0.19
Krtap24-1,0.79728529,0.065
Affy_10440653,0.44123892,-0.155
2310079G19Rik,0.2724366,-0.213
Krtap26-1,0.11944094,0.241
Rpl13,0.89096265,-0.021
2310061N02Rik,0.43416718,-0.142
Krtap13,0.6252803,0.068
2310057N15Rik,0.48788746,-0.116
Krtap14,0.85995808,-0.035
Krtap16-9,0.46682076,0.15
Krtap16-1,0.44439945,-0.11
Krtap16-5,0.53789482,-0.129
Krtap16-4,0.12140301,-0.303
Krtap8-2,0.9796681,-0.004
Affy_10440698,0.88761242,-0.024
AY026312,0.42311552,-0.148
Krtap16-10,0.8614137,-0.023
Krtap19-7,0.19854618,-0.335
Gm10228,0.96462786,-0.01
Krtap16-8,0.75402869,0.061
Krtap6-1,0.07678811,-0.396
Affy_10440719,0.66214935,-0.082
Krtap16-7,0.58626956,-0.107
Krtap6-2,0.83673358,-0.035
Krtap8-1,0.25470908,-0.184
Krtap7-1,0.67574299,0.097
Krtap11-1,0.53124988,-0.123
LOC640684,0.24369095,-0.195
Tiam1,0.4275492,-0.22
Scaf4,0.80181857,0.035
2610039C10Rik,0.20541343,0.312
Urb1,0.85336803,0.026
1110004E09Rik,0.95424599,-0.017
Synj1,0.92067212,-0.014
Gcfc1,0.6196804,0.12
C21orf62,0.33457735,-0.186
C21orf62,0.29350777,-0.288
Affy_10440911,0.42756834,-0.257
Gm9881,0.17568342,0.254
Affy_10440916,0.38349398,-0.139
Tmem50b,0.80796637,-0.077
Dnajc28,0.39138534,-0.19
Gart,0.72196447,-0.045
Donson,0.1626867,0.315
Cryzl1,0.58910586,0.108
Atp5o,0.50870889,-0.104
4930563D23Rik,0.80916773,-0.061
Kcne1,0.77336422,0.07
Rcan1,0.54682045,0.21
Runx1,0.78838788,0.103
Setd4,0.84133778,0.036
Cldn14,0.42776596,-0.151
Hlcs,0.98924553,0.004
Affy_10441053,0.45732699,-0.143
Pigp,0.45978222,-0.178
Dscr3,0.69772425,0.092
Kcnj6,0.50751272,-0.094
6530402D11Rik,0.05351241,-0.344
Erg,0.70088365,-0.064
Psmg1,0.90466007,-0.018
Brwd1,0.66164845,-0.064
Hmgn1,0.95513127,0.01
Lca5l,0.94309198,-0.012
Itgb2l,0.33965014,-0.204
Dscam,0.75899051,-0.066
Bace2,0.92387332,0.021
Mx1,0.8023779,0.063
Fam3b,0.33322614,-0.196
Tmprss2,0.3286038,-0.529
Ripk4,0.20813129,-0.254
Prdm15,0.81256631,-0.034
C2cd2,0.68488725,0.073
Zfp295,0.63867373,0.109
A630089N07Rik,0.041836003,1.084
Synj2bp,0.26700715,-0.233
Rbm16,0.71916618,-0.044
Affy_10441359,0.93697906,-0.023
Tiam2,0.31400741,0.672
Cldn20,0.46078475,0.242
Affy_10441394,0.77765526,0.062
Ppia,0.63744017,-0.05
Gm10515,0.23360167,-0.322
Arid1b,0.86439215,-0.019
Zdhhc14,0.81759098,-0.043
Snx9,0.62948919,0.065
Synj2,0.029424245,-1.219
Gtf2h5,0.58933375,-0.121
Tulp4,0.59001385,0.091
Tulp4,0.29765674,-0.272
Ppp1r2,0.74875164,0.062
Affy_10441511,0.92351575,0.026
Sytl3,0.22426346,-0.313
Rnaset2a,0.026137954,-0.472
Affy_10441554,0.80453289,-0.044
Gm1604b,0.52097333,-0.133
Rps6ka2,0.65540882,0.1
Tcp10b,0.3001308,0.182
Tagap,0.44910806,-0.321
Rsph3a,0.15913115,0.555
Fgfr1op,0.79063118,-0.055
Ccr6,0.42808621,0.177
Brp44l,0.099962353,0.949
Sft2d1,0.99051847,-0.002
Prr18,0.60045061,-0.096
T2,0.043092206,-0.381
T,0.030307369,-0.466
Pde10a,0.44323594,-0.167
1700010I14Rik,0.58474292,0.13
Park2,0.20003358,-0.255
Agpat4,0.2139157,-0.216
Affy_10441751,0.90116844,-0.028
Plg,0.19277473,-0.205
Slc22a2,0.34414027,-0.202
Airn,0.53844008,0.258
Airn,0.94068092,0.015
Mrgprh,0.50346511,0.144
Tcp1,0.43780243,-0.122
Affy_10441811,0.52786884,0.151
Tcp1,0.14743711,0.702
Sod2,0.51622499,0.075
Tcp10c,0.76294999,0.052
Gm10512,0.067435101,-0.408
Smok2a,0.76077853,0.072
Smok2b,0.34509897,-0.122
Mllt4,0.91293252,0.012
Gm7168,0.94856995,-0.019
Smoc2,0.89740026,0.027
Gm7372,0.34357697,-0.278
1600012H06Rik,0.74225911,0.072
Ermard,0.85587049,-0.037
Ermard,0.47583304,-0.455
Ermard,0.58709387,-0.23
Ermard,0.38055015,-0.242
Fam120b,0.86143768,0.027
Tbp,0.6159258,-0.094
Chd1,0.11353416,-0.419
Gm9943,0.14497178,-0.241
Gm9943,0.72801239,0.105
Gm7483,0.76765194,-0.063
BC002059,0.45806187,0.212
Zfp97,0.68551343,-0.094
Gm6712,0.68051629,0.104
Riok2,0.16457771,0.493
Lix1,0.53454719,-0.153
Vmn2r90,0.59035538,0.104
mir-99b,0.063047235,-0.406
let-7e,0.5641123,-0.103
mir-125a,0.73399064,-0.096
Ncrna00085,0.73079955,0.078
Fpr3,0.98563331,0.006
Fpr-rs4,0.49491427,-0.113
Vmn2r101,0.55371233,-0.101
Vmn2r93,0.54636808,-0.267
Vmn2r96,0.80053857,-0.081
Affy_10442120,0.96278889,0.007
Affy_10442123,0.16710233,-0.364
Vmn2r99,0.56174502,0.14
Affy_10442127,0.35529037,-0.217
Vmn2r107,0.42099461,-0.161
Vmn1r224,0.27260378,-0.192
Vmn1r225,0.72721698,-0.054
Gm5145,0.60114083,0.123
Vmn1r226,0.90957444,-0.016
Vmn1r227,0.63378364,-0.093
Vmn1r229,0.81712199,0.044
Vmn1r230,0.19901229,-0.261
Affy_10442153,0.29094668,-0.171
Ppp2r1a,0.73050853,-0.041
Zfp160,0.19681824,0.366
Zfp160,0.52792658,-0.115
Vmn1r234,0.9720361,-0.007
Vmn1r235,0.20648242,-0.266
Vmn1r236,0.83366763,0.035
Vmn1r237,0.78355533,0.037
Zfp677,0.26036097,0.253
Zfp54,0.26941085,0.213
Zfp51,0.26127745,0.401
Zfp53,0.069075737,0.363
Zfp52,0.34026835,0.295
BC049807,0.16230465,0.329
Affy_10442231,0.26482338,0.514
3110052M02Rik,0.2578025,0.463
Zfp51,0.12188325,0.574
Zfp760,0.69797146,0.122
Zfp229,0.040846387,0.674
Affy_10442254,0.18402946,-0.334
Affy_10442256,0.38131659,0.189
4930432O21Rik,0.20279108,0.658
Zfp758,0.038199381,0.755
1300003B13Rik,0.30163674,0.259
Vmn2r112,0.27647356,0.252
Gm9805,0.56958061,0.124
Gm5224,0.41920366,-0.18
Vmn2r113,0.72739312,-0.072
Vmn2r113,0.71689243,-0.056
Vmn2r116,0.88068526,-0.033
LOC638149,0.76618439,0.073
Zscan10,0.14512259,-0.299
Ccdc64b,0.45318543,-0.168
Hcfc1r1,0.1350266,0.322
Cldn6,0.58495286,-0.144
Pkmyt1,0.84185167,-0.037
Srrm2,0.82957711,-0.058
Prss32,0.12784581,-0.325
Prss21,0.68247836,0.088
Dcpp1,0.31957701,0.287
Dcpp2,0.77132736,-0.082
Dcpp3,0.5398752,-0.222
Sbp,0.44930656,0.169
Prss27,0.43865461,-0.159
Gm10507,0.77317171,0.052
Ntn3,0.51571865,-0.155
Abca3,0.21258466,-1.254
Rnps1,0.17899369,0.269
Eci1,0.75371263,0.08
Pgp,0.64268648,-0.113
Mlst8,0.68599451,0.093
Caskin1,0.85749119,-0.037
Affy_10442493,0.90157799,-0.081
Pkd1,0.47561174,0.116
Nthl1,0.41055339,0.142
Zfp598,0.50924381,-0.099
Noxo1,0.22677851,-0.264
Rps2,0.39171746,0.342
Rpl3l,0.93286173,-0.018
Sepx1,0.68125528,-0.079
Hs3st6,0.075990225,-0.382
4930528F23Rik,0.39747379,-0.793
Hagh,1,0
Igfals,0.36228814,-0.273
Spsb3,0.72303112,0.097
Mrps34,0.30472339,0.183
Nme3,0.16507206,0.365
Mapk8ip3,0.16247321,-0.305
Ift140,0.94581553,0.015
Ptx4,0.54077113,-0.165
Clcn7,0.026113701,-0.334
Ccdc154,0.8251028,-0.059
C16orf91,0.37039128,-0.193
Unk1,0.22546861,0.239
C16orf42,0.790494,0.062
Prss34,0.40724825,-0.143
Affy_10442769,0.71606951,-0.092
Prss28,0.24174835,-0.267
Prss29,0.12907683,-0.356
Tpsb2,0.31659474,-0.182
Tpsg1,0.18335521,-0.315
Tekt4,0.85089065,0.041
Lmf1,0.52124534,-0.143
Affy_10442827,0.93151288,0.017
Gng13,0.020125331,-0.311
Rpusd1,0.41929758,-0.127
Mslnl,0.2375576,-0.237
Narfl,0.55097916,-0.096
Ccdc78,0.47190267,-0.172
Fbxl16,0.86448148,0.036
Wdr24,0.28213769,0.144
Jmjd8,0.98912027,-0.002
0610011F06Rik,0.94524207,0.014
Cox7c,0.85247004,-0.021
Solh,0.85079506,-0.042
Tmem8,0.68454635,-0.105
Mrpl28,0.58984007,-0.087
Axin1,0.82920394,0.035
Rgs11,0.77991618,0.074
Luc7l,0.20049295,-0.176
Neurl1B,0.99173099,-0.003
Neurl1B,0.96151952,-0.01
Ergic1,0.74288056,-0.102
Atp6v0e,0.91691413,0.021
Crebrf,0.76045473,0.058
Bnip1,0.342067,0.141
Kifc5b,0.67582161,-0.077
Phf1,0.942442,-0.008
Syngap1,0.89741709,-0.027
Affy_10443087,0.14430318,-0.376
Syngap1,0.18586551,-0.409
Syngap1,0.34027256,-0.189
Syngap1,0.31331945,-0.189
Syngap1,0.95223629,0.015
Syngap1,0.43272928,-0.151
Zbtb9,0.22260564,-0.17
Bak1,0.82464141,-0.037
Ggnbp1,0.4570532,0.168
Ggnbp1,0.46662992,-0.112
Itpr3,0.36508416,0.111
Gm10505,0.6435824,-0.088
Rpl30,0.62075355,-0.102
Hmga1,0.14135107,-0.364
C130040N14Rik,0.86812055,0.038
Pacsin1,0.26139203,-0.229
Snrpc,0.62948991,0.135
Uhrf1bp1,0.37227311,-0.135
Anks1,0.65081463,-0.07
Scube3,0.74223573,-0.091
Zfp523,0.83173557,0.025
Def6,0.76230347,-0.075
Ppard,0.15477159,0.327
Affy_10443344,0.7322592,0.062
Fance,0.099211292,-0.33
Rpl10a,0.09153047,-0.232
E230001N04Rik,0.8771979,0.042
Armc12,0.050265512,-0.357
Clpsl2,0.71140194,-0.069
Lhfpl5,0.59874621,-0.109
Mapk14,0.49611375,0.076
Mapk13,0.62520956,-0.102
Brpf3,0.7138805,-0.056
Pnpla1,0.81023427,0.05
Kctd20,0.83901852,-0.026
Sfrs3,0.3014834,0.455
Cdkn1a,0.51807431,0.691
Rab44,0.64247553,-0.098
Affy_10443479,0.82116207,-0.036
BC004004,0.40486447,0.135
Rpl21,0.83060312,-0.023
Pi16,0.30363877,-0.193
Fgd2,0.69008731,0.096
Pim1,0.18837122,0.34
Tbc1d22b,0.68390537,-0.099
Rnf8,0.54599523,0.074
Ftsjd2,0.76806171,-0.04
Zfand3,0.93520102,-0.01
Gm9874,0.97238179,0.007
Dnahc8,0.16559248,-0.404
Glp1r,0.748671,0.079
Umodl1,0.13657509,-0.264
Abcg1,0.7983693,0.069
Ubash3a,0.79037571,-0.05
Slc37a1,0.82421766,-0.067
Pde9a,0.078522984,0.567
Ndufv3,0.98394485,-0.004
4833413E03Rik,0.50890656,-0.146
Pknox1,0.030182123,0.292
Cryaa,0.67560628,-0.108
Rrp1b,0.99607627,0.001
Rasal3,0.12903,-0.443
Cyp4f39,0.25727182,0.164
Cyp4f16,0.57971489,-0.15
Gm9705,0.55082347,0.117
Cyp4f40,0.99235504,0.002
Cyp4f15,0.35217043,0.172
Zfp472,0.65808293,-0.092
C920016K16Rik,0.7141342,0.074
Zfp563,0.91442911,-0.026
Gm10103,0.89286488,-0.027
Zfp422-rs1,0.4707961,-0.23
Actl9,1,0
Adamts10,0.74956958,0.07
Myo1f,0.51505795,0.326
Zfp414,0.60484113,-0.082
Pram1,0.85859745,0.038
Kank3,0.39702964,0.178
Ndufa7,0.30172422,0.167
Cd320,0.6720242,0.082
Daxx,0.21043621,0.245
Zbtb22,0.35268784,0.16
Tapbp,0.6162689,0.118
Rgl2,0.57686152,0.066
Wdr46,0.71909406,-0.067
Vps52,0.88255064,-0.037
H2-Q10,0.39572237,0.195
Rxrb,0.94163023,0.01
Col11a2,0.25516911,-0.243
Affy_10444218,0.21608085,-0.244
H2-Oa,0.48423038,-0.152
H2-DMa,0.22338371,0.566
H2-DMb2,0.90250843,0.047
Tap1,0.90056223,0.056
Psmb8,0.15696662,-0.515
Tap2,0.49939206,-0.155
H2-Ob,0.073950923,0.449
H2-Ab1,0.19379949,1.298
H2-Eb1,0.50611831,0.465
H2-Eb2,0.44542025,-0.187
Btnl2,0.72260691,0.088
Btnl3,0.064609527,-0.33
BC051142,0.40665851,-0.17
Notch4,0.76661576,-0.045
Gpsm3,0.79850368,-0.066
Pbx2,0.10852269,0.176
Ager,0.75500909,0.066
Agpat1,0.61039807,-0.065
Prrt1,0.73577909,0.092
Fkbpl,0.89334135,0.033
Atf6b,0.81307099,0.05
Tnxb,0.045023902,0.378
Dom3z,0.5901768,-0.059
Rdbp,0.070150992,0.289
Zbtb12,0.44334916,0.165
Ehmt2,0.28196028,0.13
Slc44a4,0.65435608,-0.085
Neu1,0.24380083,-0.222
Affy_10444587,0.095794188,-0.496
Hspa1a,0.5025893,-0.223
Hspa1l,0.17722724,-0.302
Lsm2,0.3730524,0.122
Vars,0.8250273,-0.035
D17H6S56E-3,0.19862575,-0.236
Affy_10444656,0.47256058,0.208
Clic1,0.78220431,0.098
Ddah2,0.4628998,-0.145
Ly6g6c,0.95833517,0.01
Ly6g6e,0.86325974,-0.049
Abhd16a,0.85355678,0.025
Ly6g5c,0.21321904,-0.298
Bat4,0.99525197,-0.001
D17H6S53E,0.17491673,-0.229
Bat3,0.80353459,0.036
Affy_10444747,0.35002776,-0.19
Ltb,0.7467953,-0.09
Atp6v1g2,0.42559527,-0.182
Bat1a,0.57641285,0.09
Affy_10444778,0.52621807,-0.219
H2-D1,0.32968838,0.335
H2-Q1,0.54971553,0.187
Nhp2l1,0.88619578,0.023
H2-Q2,0.42569282,-0.18
H2-Q1,0.78509815,-0.078
H2-gs10,0.54801273,0.271
H2-Q8,0.47126221,-0.357
H2-Q6,0.18983177,0.728
H2-Q7,0.52063705,0.137
H2-Q10,0.15679318,0.786
Pou5f1,0.80997854,-0.069
Cchcr1,0.80271827,-0.04
Psors1c2,0.22972786,-0.207
Cdsn,0.61682816,-0.107
2300002M23Rik,0.40409125,-0.188
Ier3,0.50358405,0.152
Flot1,0.56937967,0.139
Mdc1,0.36636386,0.162
Nrm,0.22118025,0.276
Ppp1r18,0.53777957,0.156
Dhx16,0.8696449,-0.026
Ppp1r10,0.6152372,-0.166
Gnl1,0.52412554,0.104
Gm6034,0.33295252,-0.324
Gm6034,0.66808549,0.135
2410017I17Rik,0.2884697,-0.21
Akirin1,0.76462065,-0.04
Lsm5,0.82336996,0.035
H2-M11,0.44948929,-0.116
Affy_10445016,0.86651835,-0.028
H2-M10.5,0.58617544,-0.118
H2-M10.6,0.81605236,0.05
Trim26,0.30229102,-0.333
Trim10,0.80550088,0.076
Trim31,0.56068093,0.104
Rnf39,0.36241238,-0.256
Znrd1as,0.62590013,-0.106
Zfp57,0.70683981,0.054
Gabbr1,0.62928674,-0.071
Gm4831,0.47069328,0.221
Affy_10445109,0.30563837,0.23
Ubd,0.7527633,-0.18
Olfr96,0.93139149,0.016
H2-M3,0.68241652,0.104
Olfr104,0.21718581,0.221
Olfr105,0.72495737,0.08
Olfr106,0.54331402,0.136
Olfr107,0.796524,-0.068
Olfr108,0.8235175,0.042
Olfr109,1,0
Olfr110,0.09446274,-0.348
Olfr111,0.59564574,0.139
Olfr122,0.17551344,0.358
Olfr118,0.39318868,-0.248
Olfr119,0.20607533,0.374
Olfr120,0.022051926,-0.369
Olfr121,0.45075675,-0.212
Olfr123,0.16614359,-0.273
Olfr124,0.66813117,-0.092
Olfr125,0.93154907,0.015
Olfr126,0.96152995,-0.007
Olfr127,0.83963829,-0.046
Olfr128,0.72885435,0.054
Olfr130,0.11866972,-0.266
Olfr133,0.20640691,0.221
Olfr134,0.39626864,-0.225
Olfr135,0.28356406,0.191
Olfr138,0.34625501,-0.109
Olfr136,0.75179507,0.048
Rn18s,0.26210252,-0.114
Gm6084,0.6552208,-0.067
Rhag,0.42617145,-0.151
LOC677414,0.57561861,0.087
Mut,0.19315719,-0.156
Affy_10445229,0.84938432,0.06
3110082D06Rik,0.06917012,-0.358
Gm9753,0.5198234,-0.16
3110082D06Rik,0.14951368,-0.281
Rps2,0.31980229,0.269
Tnfrsf21,0.78109568,-0.084
Gpr110,0.91680068,-0.096
Gpr116,0.15631593,0.243
Affy_10445291,0.037263902,0.831
Pla2g7,0.47473534,-0.687
Cyp39a1,0.13242208,2.299
Affy_10445323,0.44734532,0.151
Rcan2,0.14284902,0.881
Enpp5,0.12003183,-0.593
Clic5,0.069528855,-0.821
Runx2,0.19933124,-0.197
Supt3h,0.09331781,0.364
B230354K17Rik,0.10487541,0.416
Gm9104,0.89706884,0.015
Affy_10445378,0.30351489,-0.197
Aars2,0.76636119,-0.039
Tcte1,0.46862655,0.197
Nfkbie,0.90915599,0.048
Slc35b2,0.15136765,-0.194
Affy_10445428,0.97280019,-0.017
Mrpl14,0.75074697,-0.051
Mrps18a,0.85709307,0.034
Gtpbp2,0.40331884,0.157
Xpo5,0.4800191,-0.112
mir-693,0.20680555,-0.339
Yipf3,0.19579824,-0.214
Gm88,0.66766691,-0.106
Dlk2,0.21421698,-0.275
BC040756,0.73169896,-0.065
Zfp318,0.20027274,-0.224
Affy_10445542,0.57328179,0.152
Crip3,0.43231096,-0.132
BC048355,0.4868691,0.155
Mrpl2,0.40470152,-0.139
Cul7,0.7953742,0.059
Mea1,0.86799113,0.036
Pex6,0.825376,0.042
2310039H08Rik,0.10552306,0.313
Tbcc,0.013064781,0.401
Prph2,0.58602944,-0.124
Ubr2,0.83574561,0.042
Trerf1,0.16860108,-0.246
Guca1b,0.94630018,0.012
Mrps10,0.85651069,0.041
Mrfap1,0.66689817,0.057
AI661453,0.63150458,-0.092
Ccnd3,0.44773515,0.155
Med20,0.11219369,-0.231
Usp49,0.47244798,0.15
Frs3,0.88206564,-0.026
Pgc,0.14321545,-0.29
Tcfeb,0.80440641,0.04
Rn5s,0.89375654,0.086
1700067P10Rik,0.16832296,-0.263
Trem1,0.65731057,0.098
Trem3,0.50111593,-0.156
Treml4,0.76655194,0.141
Treml2,0.32697265,0.173
B430306N03Rik,0.11495654,0.425
Trem2,0.4245805,0.199
Treml1,0.47678456,-0.186
AI314976,0.1119609,0.341
Unc5cl,0.43856614,-0.149
Lrfn2,0.37752215,-0.21
Affy_10445824,0.83670422,0.043
Mocs1,0.31249436,-0.226
Kif6,0.3696285,-0.191
Kif6,0.33874602,-0.255
AY702103,0.3864899,0.167
Plcl2,0.28308201,0.542
Btg3,0.15043976,0.725
Gm16489,0.4133148,0.164
Kcnh8,0.76298392,-0.037
Kcnh8,0.48742722,-0.182
Erh,0.3993393,0.154
Affy_10445896,0.47899215,-0.144
Rab5a,0.36102952,0.195
Kat2b,0.73574244,0.062
4932415M13Rik,0.39656254,0.14
4932415M13Rik,0.86621726,-0.028
Gm4471,0.5926944,0.153
St6gal2,0.82445422,-0.051
Emr4,0.55953094,0.346
BC011426,0.8898193,0.033
Ebi3,0.9968714,-0.001
Ccdc94,0.7069545,0.088
Shd,0.31737781,-0.211
Fsd1,0.41663164,-0.119
Mpnd,0.77119134,-0.052
Chaf1a,0.40058004,-0.136
Hdgfrp2,0.79321226,0.034
Tnfaip8l1,0.80296071,0.076
Shank2,0.459315,-0.158
mir-7b,0.53900128,-0.119
Fem1a,0.25234394,0.198
Uhrf1,0.53337507,0.178
Kdm4b,0.40910542,0.101
Safb,0.60160461,-0.102
Rpl36,0.37729464,-0.132
Tmem146,0.055583637,-0.525
Ranbp3,0.25671473,-0.142
Ndufa11,0.80174137,0.046
Dus3l,0.28235277,0.151
1700061G19Rik,0.34021667,-0.225
Clpp,0.55813654,-0.11
Alkbh7,0.54718046,0.112
Affy_10446220,0.92545892,0.022
Crb3,0.9671675,0.008
Tnfsf9,0.9752349,-0.006
Trip10,0.99531254,0.001
Vav1,0.50767649,0.396
Emr1,0.37092539,0.735
Affy_10446307,0.97727289,0.004
Cntnap5c,0.75229224,-0.075
Cntnap5c,0.89410549,-0.022
Glcci1,0.20826059,-0.37
Nudt12,0.64578431,0.101
4930505H01Rik,0.047665376,-0.34
Affy_10446344,0.79633518,-0.052
Affy_10446346,0.39453328,-0.173
Fert2,0.67282313,0.086
Man2a1,0.35120812,-0.157
Gm4701,0.5795894,-0.121
Ppp4r1,0.23860251,-0.169
5430411C19Rik,0.66886663,-0.102
Affy_10446425,0.98939765,-0.004
ORF19,0.7422476,0.047
Ddx11,0.56733318,0.144
Gm9984,0.58620286,-0.114
Lama1,0.1776489,0.242
L3mbtl4,0.36911974,-0.232
L3mbtl4,0.45590642,0.178
Tmem200c,0.36981532,-0.276
Epb4.1l3,0.050013603,0.495
Zfp161,0.32276557,0.2
C030034I22Rik,0.13970421,0.378
Affy_10446589,0.31921261,-0.176
Dlgap1,0.16388191,-0.254
Affy_10446594,0.44455253,-0.207
Dlgap1,0.23205953,-0.268
Gm16519,0.45954023,-0.179
Rps24,0.21974891,0.172
Gm4947,0.69092748,-0.135
Myom1,0.81359767,-0.056
Lpin2,0.12893918,0.647
Spdya,0.60380284,0.068
Wdr43,0.134298,-0.271
Snord53,0.20717148,-1.814
Fam179a,0.095887727,-0.315
Clip4,0.5672498,-0.082
Ypel5,0.20177635,0.175
Lbh,0.44240036,0.208
Affy_10446769,0.4690768,-0.198
Lclat1,0.61958156,-0.092
Ehd3,0.22068353,0.387
Spast,0.41459813,0.124
Slc30a6,0.15881632,0.278
Rps6,0.025413262,-0.209
Yipf4,0.71634843,-0.065
Birc6,0.9082094,0.011
Ttc27,0.24283346,0.316
Ltbp1,0.33762911,0.184
Rasgrp3,0.32529946,0.237
Affy_10446984,0.40632343,0.149
Crim1,0.19358908,0.813
Hdac1,0.098604098,0.57
Vit,0.89273555,-0.028
Heatr5b,0.38173782,0.201
Ccdc75,0.78855065,0.044
Affy_10447036,0.7195007,0.121
1110001A16Rik,0.19671388,0.324
2410091C18Rik,0.59189482,0.098
Qpct,0.11959509,1.036
Fam82a1,0.25400714,0.25
4921513D11Rik,0.59673734,0.207
Cyp1b1,0.43563252,0.198
Galm,0.53199129,-0.117
Ttc39d,0.51581551,-0.143
Gemin6,0.57966245,0.172
Morn2,0.65996922,0.104
Arhgef33,0.72823314,-0.079
Gm9959,0.8952195,-0.034
Tmem178,0.64363304,-0.076
Affy_10447125,0.65877997,-0.146
Gm6594,0.36901134,-0.202
Pkdcc,0.95440299,-0.012
Rpl21,0.67148094,-0.053
Eml4,0.54066153,0.11
Mta3,0.43335743,0.26
Mta3,0.6190877,-0.097
Plekhh2,0.59224343,0.127
Affy_10447222,0.37998358,0.12
Dync2li1,0.75321566,0.057
Abcg8,0.36626318,-0.233
Ppm1b,0.084443254,0.434
Slc3a1,0.56753481,-0.302
Camkmt,0.59493891,0.116
Rpl31,0.18229117,0.188
Six3,0.46744838,-0.148
Prkce,0.58958041,0.089
Affy_10447315,0.5692892,0.14
Epas1,0.3084034,0.194
1700090G07Rik,0.20190137,-0.282
Rhoq,0.57508257,0.189
Cript,0.90491297,0.024
Tmx2,0.87472671,0.042
Socs5,0.26256015,-0.213
Ttc7,0.91602992,-0.017
Epcam,0.86947359,-0.035
Msh2,0.11474825,0.39
Affy_10447412,0.79874485,-0.051
Gm9405,0.924638,-0.027
Msh6,0.96104672,0.011
Gm4832,0.12053931,0.311
Foxn2,0.95387533,-0.01
Klraq1,0.96933853,0.006
Ston1,0.70455991,-0.09
Gtf2a1l,0.18143386,-0.207
Gm10493,0.50810176,-0.176
Nrxn1,0.35375243,-0.193
Nanp,0.61887728,0.092
Affy_10447486,0.5889534,-0.109
Pja2,0.36389837,0.122
Adcyap1,0.29546019,-0.23
Amd1,0.86374881,0.038
2610044O15Rik,0.67565779,0.084
U2af1,0.38618563,0.216
Pisd-ps2,0.84171679,0.061
Tfb1m,0.82008635,0.057
Nox3,0.726875,-0.07
4930470H14Rik,0.40478827,-0.165
5730437N04Rik,0.43253538,-0.211
Ldhal6b,0.76171365,0.077
Affy_10447560,0.15379193,-0.329
Zdhhc14,0.42488327,-0.191
Atp5g2,0.95340553,0.01
Serac1,0.51333591,-0.148
Fbl,0.52164779,-0.11
Ftl2,0.21505238,-0.209
Dynlt1b,0.25966804,-0.435
Ezr,0.66608885,0.088
Mir692-1,0.7542114,-0.118
Rsph3a,0.16876656,0.598
Tagap1,0.22169908,0.331
Gm9992,0.28367762,-0.474
Affy_10447643,0.34995775,-0.264
5830477G23Rik,0.18452175,-0.282
Gpr31c,0.82089879,-0.123
Fndc1,0.28984186,-0.17
Gm1604b,0.56607652,-0.133
Rnaset2a,0.018089852,-0.508
4930506C21Rik,0.1216063,-0.409
4930506C21Rik,0.17478115,-0.206
Affy_10447693,0.14548998,-0.317
Affy_10447695,0.73754049,-0.075
6530411M01Rik,0.65118979,-0.095
6530411M01Rik,0.71981991,-0.051
Ppih,0.25860839,0.234
Pabpc6,0.91311771,-0.031
Qk,0.74900503,-0.047
Qk,0.10359406,-0.467
Qk,0.057677543,-0.43
Pacrg,0.94035862,-0.016
Gm10513,0.99672132,-0.001
Map3k4,0.48029411,0.14
Slc22a3,0.89170991,-0.054
Slc22a1,0.75042476,0.076
Igf2r,0.44836364,-0.105
Mas1,0.73856869,-0.11
Pnldc1,0.16590319,0.522
Mrpl18,0.46148796,0.152
Acat3,0.93909903,0.015
Acat2,0.7078793,-0.145
Wtap,0.42334279,0.285
Gpr31c,0.88482523,-0.08
Unc93a,0.36009502,-0.436
Affy_10447915,0.34995775,-0.264
Affy_10447917,0.32329056,-0.215
Affy_10447919,0.34995775,-0.264
Affy_10447921,0.67203335,-0.079
Tcte2,0.057398033,0.311
Affy_10447933,0.19763576,-0.317
Gm7356,0.97229108,0.005
Dact2,0.82275597,-0.057
4930474M22Rik,0.60508714,-0.156
Thbs2,0.99403744,0.002
Affy_10447975,0.36576673,0.126
Wdr27,0.37472673,-0.118
Phf10,0.57527243,0.115
Tcte3,0.57746849,-0.14
Tcte3,0.59588209,-0.13
Gm7423,0.92281828,0.02
Gm10510,0.73765617,-0.059
Dll1,0.52946286,0.101
Psmb1,0.15687673,0.208
Pdcd2,0.21074906,-0.141
Gm7177,0.58766981,-0.141
Prdm9,0.93253981,-0.021
Gm6686,0.99787995,-0.001
Rgmb,0.66080148,-0.073
Affy_10448087,0.8107911,0.035
Oaz1,0.88753483,0.017
Lnpep,0.31122441,0.183
Has1,0.54914135,-0.105
Fpr1,0.72252671,0.236
Fpr1,0.53820357,-0.124
Vmn2r94,0.22943409,-0.266
Affy_10448136,0.25102836,0.291
Vmn2r-ps125,0.75776148,0.049
Vmn2r104,0.51456276,-0.1
Fpr-rs7,0.10239078,-0.277
Fpr-rs6,0.4595569,0.104
Vmn2r105,0.68348995,0.083
Vmn2r109,0.9591585,0.012
Vmn2r110,0.98367714,-0.005
Fpr-rs3,0.1746308,-0.28
Vmn1r228,0.62444127,-0.092
Vmn1r231,0.18354253,-0.185
Vmn1r232,0.95649448,0.011
Vmn1r233,0.72879941,-0.069
Eef1a1,0.62186927,0.139
4930515G13Rik,0.94150842,-0.022
Zfp820,0.49553693,0.228
Gm6540,0.89917371,-0.021
Zfp942,0.34279356,0.245
Tpm4,0.21971024,0.497
Affy_10448204,0.33252517,-0.167
Gm4769,0.018178424,0.843
Gm9514,0.87401504,-0.044
6330416L07Rik,0.054284368,0.46
Vmn2r111,0.37640682,-0.202
Vmn2r111,0.26566601,-0.259
LOC280487,0.17746195,2.12
Affy_10448232,0.8636708,-0.04
Zfp945,0.38076902,0.222
Vmn2r113,0.72739312,-0.072
Zfp40,0.50371775,-0.206
Gm5146,0.45960454,-0.152
Zfp213,0.75425633,-0.07
Zfp13,0.59282286,-0.092
Mmp25,0.7631163,-0.06
Thoc6,0.8725606,0.032
Tnfrsf12a,0.75477242,-0.062
Cldn9,0.30445753,-0.215
1520401A03Rik,0.58959149,-0.129
Paqr4,0.12924385,-0.246
Kremen2,0.086063849,-0.373
Flywch1,0.37689756,0.126
Flywch2,0.28767378,-0.181
Tceb2,0.85969987,0.038
Prss33,0.78333321,-0.061
Prss41,0.006197935,-0.569
Sbpl,0.45668455,-0.267
Prss30,0.24707749,-0.269
Prss22,0.50029137,-0.112
Kctd5,0.59997937,-0.077
Pdpk1,0.20079505,-0.183
Amdhd2,0.099305796,-0.273
Atp6v0c,0.62019619,-0.057
Tbc1d24,0.96579669,0.014
Dnase1l2,0.86730555,-0.027
Ntn3,0.63038656,0.139
C16orf59,0.22747526,1.046
Ccnf,0.56161749,0.159
Abca17,0.75207062,0.055
Abca3,0.68745796,0.097
Affy_10448559,0.5036632,0.163
E4f1,0.48730613,-0.131
Mlst8,0.50069782,0.178
Traf7,0.14818768,0.232
Rab26,0.17504502,-0.292
Tsc2,0.46711788,0.092
Slc9a3r2,0.53656552,0.104
Npw,0.056673958,-0.392
Syngr3,0.35719868,-0.193
Gfer,0.38319787,0.235
Tbl3,0.49029887,0.183
Rnf151,0.91643183,0.02
Ndufb10,0.060159689,0.37
Fahd1,0.36781174,0.216
Nubp2,0.34418214,-0.154
Eme2,0.38699305,0.214
Mapk8ip3,0.51880551,-0.11
Hn1l,0.56333138,0.174
Cramp1l,0.96799263,0.006
Tmem204,0.85508632,-0.034
Telo2,0.8757835,-0.024
Gnptg,0.3212648,0.126
Baiap3,0.4463138,-0.167
Ube2i,0.54358149,-0.138
Tpsab1,0.51608675,-0.125
Cacna1h,0.42454641,-0.144
Sstr5,0.80183805,0.054
Sox8,0.22685193,-0.255
Affy_10448973,0.97407745,0.005
Chtf18,0.11124154,-0.274
Mslnl,0.19232328,-0.372
Msln,0.16561122,0.282
Haghl,0.9871162,0.003
Fam173a,0.53549755,0.089
Metrn,0.59900206,-0.109
Stub1,0.8879064,0.018
Rhbdl1,0.23408262,-0.226
Rhot2,0.8306753,-0.028
Wdr90,0.91636653,-0.018
Fam195a,0.70210173,0.082
Wfikkn1,0.93877653,-0.013
Rab40c,0.37860131,-0.136
Pigq,0.97294408,-0.005
Nhlrc4,0.46829678,-0.134
Solh,0.41813103,0.102
Rab11fip3,0.71115789,-0.059
Decr2,0.90678256,-0.028
Nme4,0.165686,-0.308
Snrpg,0.71475794,-0.135
Pdia2,0.13085553,-0.328
Arhgdig,0.55844447,-0.138
Itfg3,0.38501926,-0.175
Gm5226,0.34260699,0.344
Dusp1,0.3938894,0.509
1700049J03Rik,0.67305529,-0.095
Nkx2-5,0.034367393,-0.424
Cuta,0.49110427,-0.174
Bak1,0.14816799,0.275
1700062I23Rik,0.95388483,-0.011
2900010M23Rik,0.46552099,0.214
Ip6k3,0.61855255,0.127
Lemd2,0.42889445,-0.125
Affy_10449339,0.93324997,0.018
Grm4,0.43980506,0.167
AI413582,0.12724197,-0.38
Nudt3,0.45108224,-0.135
Rps10,0.96260845,0.006
Spdef,0.26715763,-0.23
C6orf106,0.31202471,-0.261
Taf11,0.18311176,0.239
Tcp11,0.35891767,-0.216
C230013L11Rik,0.36262838,-0.16
Tead3,0.4750434,-0.109
Tulp1,0.40090538,-0.172
Fkbp5,0.90731684,-0.063
Clps,0.052511241,-0.802
Srpk1,0.66990571,-0.066
Slc26a8,0.63592755,-0.072
4930539E08Rik,0.092637715,-0.342
Pxt1,0.079181758,-0.408
Stk38,0.89972135,0.019
Affy_10449545,0.38222392,0.145
Affy_10449547,0.56945076,0.134
Rpl35a,0.84976621,0.035
Cpne5,0.017244079,-0.452
Ppil1,0.20736562,0.361
Mtch1,0.99579116,0.001
Affy_10449596,0.34888338,-0.238
Tmem217,0.98900488,0.004
1110021J02Rik,0.30725393,0.209
Mdga1,0.35811249,-0.162
Affy_10449629,0.84791058,0.052
Btbd9,0.33497759,-0.298
Glo1,0.22252062,-0.682
Dnahc8,0.88026914,0.021
Gm10503,0.40427969,-0.173
Tff3,0.80477086,-0.346
Tff2,0.20101519,-0.293
Tff1,0.1268509,-0.345
Tmprss3,0.89173819,0.034
Rsph1,0.72108359,-0.071
Gm9902,0.13349965,-0.286
Wdr4,0.48681321,-0.098
Cbs,0.74215567,0.08
U2af1,0.23461954,0.28
Sik1,0.84005978,-0.1
Hsf2bp,0.14508056,-0.258
Pdxk-ps,0.036512618,-0.382
Notch3,0.995435,-0.001
Ephx3,0.62473659,-0.129
Brd4,0.41269333,-0.126
Akap8,0.12560309,-0.207
Akap8l,0.44061113,-0.107
Wiz,0.82490593,-0.034
Rasal3,0.75240184,-0.062
Zfp871,0.36580537,-0.163
Zfp811,0.58657078,0.104
Zfp799,0.21595755,0.308
Gm7059,0.77593708,0.056
Zfp870,0.30950028,0.176
Cyp4f14,0.62275978,-0.206
Cyp4f13,0.22399109,-0.251
Cyp4f41-ps,0.7073778,-0.072
Zfp763,0.098536361,0.435
4921501E09Rik,0.40830011,-0.226
Morc2b,0.15357982,-0.373
Zfp422,0.14859766,0.334
Zfp81,0.65309497,-0.145
Zfp101,0.46449035,0.185
Hnrnpm,0.74844514,-0.047
02-Mar,0.1813047,0.288
Rab11b,0.74128579,0.122
Angptl4,0.53312956,-0.276
Rps28,1,0
Pfdn6,0.63933873,0.103
B3galt4,0.40566622,-0.163
Rps18,0.2813986,-0.191
H2-K2,0.063246838,1.477
H2-K1,0.24077194,0.862
Ring1,0.7659181,0.046
mir-219-1,0.090459781,-0.375
H2-Ke6,0.95180626,-0.014
Slc39a7,0.3788591,0.194
Brd2,0.29166305,-0.174
Psmb9,0.66006635,-0.16
H2-Aa,0.32190074,0.838
H2-Ea-ps,0.25284638,-3.418
Btn3a3,0.21770892,-0.202
Btnl5,0.16147987,-0.632
Btnl5,0.67091765,0.123
Btnl5,0.47094262,-0.301
Btnl7,0.6422315,-0.094
Rnf5,0.90725575,0.024
Egfl8,0.91383233,-0.022
Affy_10450224,0.75875749,-0.076
Ppt2,0.90576894,-0.014
Cyp21a2-ps,0.66252786,0.11
C4b,0.95488361,-0.013
Stk19,0.7167486,0.068
Cyp21a1,0.46631294,-0.202
C4a,0.44470709,-0.888
Skiv2l,0.9774821,0.003
Cfb,0.91459615,-0.023
C2,0.48655804,-0.194
Snord52,0.87344251,-0.057
Affy_10450365,0.44798413,-0.294
Hspa1b,0.016545512,-1.732
Hspa1a,0.014862936,-1.202
Hspa1l,0.44446286,-0.202
D17H6S56E-5,0.30765363,0.76
Ng23,0.77282902,0.056
Msh5,0.10659413,-0.581
AU023871,0.8943048,0.029
Ly6g6d,0.30428289,-0.263
Ly6g6f,0.49125767,-0.136
Ly6g5b,0.66213434,-0.146
Csnk2b,0.87269141,-0.027
Apom,0.29348299,0.565
Bat2,0.34106318,0.162
Affy_10450482,0.66819486,0.244
Aif1,0.47384405,0.316
Lst1,0.69438008,0.11
Tnf,0.70819328,-0.152
Lta,0.57704061,-0.145
Nfkbil1,0.54464611,-0.105
Tcf19,0.16540707,0.327
Gm9573,0.032844192,-0.32
Dpcr1,0.41659774,0.143
Vars2,0.14790392,-0.237
Gtf2h4,0.69346405,0.076
Ddr1,0.63455432,0.087
Affy_10450603,0.34274493,0.167
Tubb5,0.24362214,0.443
5530401N12Rik,0.45902363,-0.173
2310061I04Rik,0.29357465,-0.188
2610110G12Rik,0.47312176,0.123
Mrps18b,0.63944143,-0.103
Rbx1,0.69352174,0.058
Abcf1,0.87006791,0.025
Prr3,0.078673411,-0.262
H2-T24,0.87032667,-0.078
H2-T23,0.87389005,-0.044
H2-T22,0.82741118,-0.065
H2-Q2,0.52322364,-0.115
H2-Bl,0.37658099,0.159
H2-T10,0.5957976,0.134
H2-t9,0.19869846,0.526
Gm6034,0.11411577,-1.575
H2-T3,0.39608989,-0.19
Gm9713,0.82553989,-0.044
Rpp21,0.66831265,-0.072
Trim39,0.45636207,0.114
H2-M10.2,0.26104319,-0.191
H2-M10.1,0.89706411,0.021
H2-M10.3,0.82820139,-0.056
Affy_10450777,0.70260011,-0.074
H2-M10.4,0.75956547,-0.1
H2-M9,0.9672868,-0.01
H2-M1,0.56398282,0.142
Armcx5,0.32036974,0.25
Affy_10450798,0.5123506,-0.134
Trim15,0.22188283,-0.318
Trim40,0.98948582,0.003
Ppp1r11,0.95762429,-0.015
Znrd1,0.67861823,0.071
Affy_10450829,0.14122867,-0.243
2410137M14Rik,0.99504642,0.001
H2-M5,0.62988761,-0.118
Mog,0.28615459,-0.284
Olfr90,0.57234973,0.117
Olfr91,0.10923081,-0.41
Olfr92,0.077314423,-0.474
Olfr93,0.26434194,-0.238
Olfr92,0.85325277,-0.038
Olfr94,0.15905321,-0.296
Olfr95,0.23145071,-0.293
Olfr97,0.58016673,-0.235
Olfr98,0.98521256,-0.004
Affy_10450870,0.30887999,-0.183
Olfr99,0.77620612,0.062
Olfr101,0.36533315,-0.191
Olfr102,0.15604396,-0.493
Olfr103,0.69543855,0.067
H2-M2,0.81525516,-0.076
Olfr112,0.88308137,-0.024
Olfr113,0.91534919,0.024
Olfr114,0.687721,-0.088
Olfr115,0.33029828,0.2
Olfr116,0.093480973,-0.257
Olfr117,0.75323745,-0.061
Scoc,0.13636073,0.536
Olfr761,0.37755558,0.15
Olfr129,0.52841802,-0.108
Olfr131,0.93239324,0.021
Olfr132,0.4146628,0.161
Olfr137,0.16720119,-0.358
Affy_10450916,0.25543471,0.172
AY036118,0.811432,0.078
Pgk2,0.79216193,-0.056
Crisp3,0.53305175,-0.106
Crisp1,0.20850948,-0.228
Crisp2,0.69502751,0.077
C6orf141,0.71154206,-0.081
Glyatl3,0.18172263,-0.203
Cenpq,0.54785093,0.184
Opn5,0.66375439,-0.082
Gpr115,0.31873889,0.149
Gpr111,0.46754851,-0.163
Cd2ap,0.22733821,-0.29
Mep1a,0.48309933,-0.1
Tdrd6,0.34045006,-0.214
Slc25a27,0.15913263,0.381
Gm10498,0.12782184,-1.007
Enpp4,0.33709969,-0.242
Runx2,0.96232664,0.009
Affy_10451077,0.27304326,-0.216
4930564C03Rik,0.29780715,0.222
Ccdc94,0.83095814,0.044
Cdc5l,0.4778739,0.186
Spats1,0.21155198,-0.247
Tmem151b,0.33143294,-0.209
Hsp90ab1,0.84522217,0.035
Slc29a1,0.34781096,0.248
Gm7325,0.168475,-0.301
Capn11,0.83776089,0.187
Tmem63b,0.31286519,-0.177
E030047D23Rik,0.008729712,-0.569
1600014C23Rik,0.015766629,-0.372
Vegfa,0.41088794,-0.15
Rsph9,0.8755487,-0.032
Mad2l1bp,0.81180831,-0.065
Polh,0.85595837,0.038
Polr1c,0.73833657,-0.083
Tjap1,0.89635626,0.022
Abcc10,0.20433238,-0.182
Isg15,0.98719394,0.004
Slc22a7,0.1870784,-0.938
Rpl11,0.91503015,-0.018
Ttbk1,0.35329103,-0.239
Cul9,0.48639261,-0.093
Srf,0.38213333,-0.142
Ptk7,0.20871361,-0.268
Klc4,0.13033103,0.227
Rrp36,0.8496654,0.028
Klhdc3,0.91764339,-0.023
Ppp2r5d,0.36176838,0.151
Gnmt,0.38808691,0.181
Cnpy3,0.65073387,0.073
Ptcra,0.51661546,-0.118
Rpl7l1,0.69380151,-0.042
BC032203,0.037523497,0.326
A330017A19Rik,0.15596822,-0.221
Ubr2,0.31452302,-0.134
Gm16494,0.90690189,-0.038
Rpl29,0.35888444,-0.189
Guca1a,0.33252877,-0.171
1700001C19Rik,0.59151241,-0.158
Taf8,0.44934409,0.151
Bysl,0.79274487,0.054
Tomm6,0.013185378,0.375
Prickle4,0.29938203,-0.21
Mdfi,0.45016164,-0.118
Affy_10451611,0.84845457,-0.038
Foxp4,0.97251991,0.004
1700122O11Rik,0.61014072,-0.082
9830107B12Rik,0.84138179,-0.045
A530064D06Rik,0.45370252,-0.323
Nfya,0.59846618,-0.102
Apobec2,0.30546758,-0.23
Tspo2,0.81966359,0.049
Affy_10451675,0.28477613,-0.287
Affy_10451677,0.10229472,0.941
Daam2,0.92805656,0.019
4930556A20Rik,0.16126907,-0.242
Rftn1,0.98349457,0.006
Dazl,0.85324766,0.029
Tbc1d5,0.2792313,0.185
Tbc1d5,0.71109861,-0.078
Satb1,0.84589435,-0.042
Gm5094,0.68036027,0.087
Kcnh8,0.63626088,0.076
Efhb,0.18658557,-0.208
4921523A10Rik,0.66768843,0.099
Sgol1,0.77787525,0.04
Sult1c2,0.41768285,-0.404
Sult1c1,0.1612773,0.268
Slc5a7,0.59998698,-0.106
Armcx3,0.040527091,0.76
Vmn2r118,0.86479306,-0.033
Pot1b,0.03829145,0.785
Zfp119,0.48210528,0.156
Rpl21,0.43541795,-0.092
BC031441,0.89760486,-0.03
Stap2,0.72332146,-0.066
Sh3gl1,0.44544553,0.12
Ubxn6,0.37671538,-0.113
Plin4,0.2911053,0.804
Plin5,0.20455216,0.444
Lrg1,0.79464472,0.116
Sema6b,0.93932398,-0.015
Sema6b,0.93932398,-0.015
D17Wsu104e,0.85507244,0.033
Dpp9,0.44476516,0.161
Ticam1,0.82594289,-0.038
Plin3,0.4078185,0.168
Arrdc5,0.38523583,-0.174
Ptprs,0.03520661,-0.331
Znrf4,0.17997018,-0.277
Safb2,0.10863943,0.298
Safb2,0.28843251,-0.144
2410015M20Rik,0.74645496,0.061
Lonp1,0.68175336,-0.056
Affy_10452138,0.1110305,-0.354
Vmac,0.006622721,-0.356
Nrtn,0.18749729,-0.332
Rfx2,0.5248565,-0.114
Acsbg2,0.17720599,-0.255
Mllt1,0.91970246,-0.012
Acer1,0.38475534,-0.172
Pspn,0.17536049,-0.252
Gtf2f1,0.84268872,-0.026
Khsrp,0.65810137,0.063
Slc25a41,0.52305799,-0.121
Slc25a23,0.23873029,-0.231
Dennd1c,0.62894613,0.119
Tubb4,0.90907799,0.023
Cd70,0.98476142,0.005
Tnfsf14,0.72252494,0.071
C3,0.15877811,-0.147
Gpr108,0.90054364,0.027
Vmn2r120,0.64944396,0.077
Rpl7a,0.95328874,0.007
2610034M16Rik,0.30429057,-0.174
Nudt12,0.18449505,0.277
Gapdh,0.58297601,-0.08
Affy_10452417,0.38785411,0.229
Efna5,0.679456,0.109
Affy_10452427,0.19942471,-0.286
Fbxl17,0.84826819,-0.04
A930002H24Rik,0.20617779,-0.308
AU016765,0.97780255,0.005
4930583I09Rik,0.85167167,-0.035
Tmem232,0.000437735,-0.482
Tmem232,0.71409577,0.086
Vapa,0.70114694,0.049
Txndc2,0.1085334,-0.333
Rab31,0.35205263,0.361
Ralbp1,0.43210197,0.115
Twsg1,0.93589953,0.013
Ankrd12,0.36390815,0.264
Ndufv2,0.4953822,-0.074
Affy_10452535,0.18408062,0.4
Kiaa0802,0.74228881,0.061
Rab12,0.70780038,0.079
9130404H23Rik,0.50525565,0.12
Ptprm,0.3496419,0.354
Lrrc30,0.68031714,-0.084
Arhgap28,0.96381313,0.008
Tgif1,0.30000765,0.158
Myl12b,0.7869425,0.056
2900073G15Rik,0.20068726,0.294
Emilin2,0.58680674,-0.125
Smchd1,0.51085061,0.121
Smchd1,0.34808449,0.197
Ndc80,0.97413925,0.007
Trmt61b,0.074863557,-0.365
BC027072,0.74353606,-0.077
Alk,0.11434216,-0.338
Affy_10452766,0.65251713,-0.088
Affy_10452768,0.41124008,-0.198
Capn13,0.65047455,-0.077
Galnt14,0.7429033,-0.075
Affy_10452812,0.20732627,-0.229
Xdh,0.17407332,0.313
Srd5a2,0.48273477,-0.231
Memo1,0.46599674,0.185
Dpy30,0.58626503,0.093
Atp6v1f,0.56661804,-0.082
Affy_10452876,0.78701362,0.052
Nlrc4,0.9488334,-0.014
Tceb2,0.65651506,0.082
Fam98a,0.16582265,0.289
Affy_10452901,0.43629832,0.107
Gm16391,0.10221289,0.332
Affy_10452905,0.92479481,0.018
Fez2,0.10030853,1.192
Strn,0.10451059,0.209
Heatr5b,0.90150029,0.03
Heatr5b,0.6184895,0.056
Gm6548,0.30626863,0.237
Eif2ak2,0.74154425,0.114
Sult6b1,0.75567422,-0.046
Cebpz,0.27412808,0.221
Prkd3,0.67074616,0.111
Gm9374,0.36181761,-0.276
Cdc42ep3,0.1398072,0.361
Gm10494,0.20934361,0.268
Cyp1b1,0.72299144,-0.128
Atl2,0.74819989,0.066
Hnrpll,0.34431592,-0.134
Srsf7,0.98187327,-0.004
Dhx57,0.84177498,0.035
Gm10190,0.010908332,-0.445
Sos1,0.75215604,0.046
Cdkl4,0.49495659,-0.122
Map4k3,0.92405157,-0.014
Nutf2,0.81415317,0.05
Thumpd2,0.75561036,0.059
Slc8a1,0.91696349,0.126
Slc8a1,0.64951188,-0.098
Affy_10453248,0.44279779,-0.197
Affy_10453250,0.42101107,-0.459
Hmgb1,0.64041294,0.078
Cox7a2l,0.81311613,0.12
Kcng3,0.14267382,-0.338
Haao,0.1471447,0.641
Zfp36l2,0.92222152,0.018
Thada,0.071765049,0.395
Affy_10453316,0.36485806,0.225
Abcg5,0.3207904,0.496
Lrpprc,0.8614451,-0.026
Prepl,0.34092127,0.169
Six3os1,0.7722168,-0.068
Six2,0.9137302,-0.024
Srbd1,0.61141433,0.093
Gm10309,0.009875328,-0.479
Atp6v1e2,0.98232694,-0.005
Pigf,0.72137175,-0.076
Mcfd2,0.084544309,-0.328
1700011E24Rik,0.23384453,0.182
Calm2,0.47349431,-0.17
Kcnk12,0.9291769,0.018
Pnkd,0.32412677,0.188
Fbxo11,0.50408125,0.122
Affy_10453485,0.33192867,-0.29
Lhcgr,0.71483958,-0.058
Fshr,0.2813317,-0.199
Kpna2,0.74489714,0.062
Nrxn1,0.54861878,-0.143
Affy_10453542,0.76657663,0.074
Mettl4,0.27062859,0.309
Affy_10453553,0.29262704,0.261
2610044O15Rik,0.45632491,0.311
Affy_10453560,0.38401389,0.153
Sft2d1,0.99051847,-0.002
Olfr63,0.32221619,-0.214
Cul2,0.28566955,-0.159
Cul2,0.83295418,0.048
Gm2889,0.13789061,-0.18
Bambi,0.38106891,0.15
Lyzl1,0.98061966,-0.004
Mtpap,0.17879438,0.233
Affy_10453627,0.51033817,-0.125
Kiaa1462,0.47618294,-0.12
Rpl7a,0.1468182,0.243
Gm10556,0.3538577,0.237
Svil,0.87084727,-0.034
Affy_10453676,0.39436289,-0.204
Zeb1,0.4455949,-0.084
Affy_10453688,0.5148352,0.173
Rpl27,0.53079035,0.082
Vps24,0.68243172,0.091
4921524L21Rik,0.75529884,-0.064
Rab18,0.90811706,-0.024
Rab18,0.88761043,-0.052
Fabp5l2,0.41381079,-0.228
Wac,0.87966032,-0.021
Gm4833,0.21706834,-0.283
LOC100044795,0.14478642,-0.442
Unk1,0.037022507,0.897
Fzd8,0.43110999,-0.274
Affy_10453740,0.30173897,0.195
Affy_10453743,0.9187762,0.039
Colec12,0.18898265,0.392
Gm10554,0.17592952,0.487
Affy_10453761,0.098556076,-0.435
Affy_10453764,0.12914931,-0.471
Thoc1,0.34138093,0.213
Thoc1,0.53204118,0.109
Greb1l,0.54491693,-0.136
Greb1l,0.52089924,-0.155
Snrpd1,0.34495337,-0.178
Mib1,0.61197039,-0.081
Affy_10453855,0.9356322,-0.014
Gata6,0.16910546,-0.232
Rbbp8,0.36019816,0.457
Cables1,0.72739896,-0.106
Riok3,0.1900748,-0.186
Affy_10453916,0.89390301,0.02
3110002H16Rik,0.71186019,-0.046
Lama3,0.017281794,-0.771
Ttc39c,0.24879475,-0.478
Cabyr,0.82402583,0.081
Impact,0.35659227,-0.173
Hrh4,0.49967273,0.153
Affy_10454057,0.49028082,-0.163
Affy_10454059,0.81407953,0.083
Gm10270,0.24995942,-0.305
Rsl24d1,0.58437734,-0.082
Psma8,0.29577833,-0.263
Taf4b,0.84866646,-0.04
Mrp127,0.47771471,0.123
Affy_10454095,0.25033291,-0.324
Rpl11,0.75182169,-0.056
Morf4l1,0.11342698,-0.201
Gm2889,0.41513989,-0.172
Dsg1c,0.23128224,-0.93
Dsg1a,0.092061554,-1.228
Dsg1b,0.10070189,-0.606
Dsg4,0.79287408,-0.056
Dsg3,0.83769962,0.037
Dsg2,0.21533309,0.527
Ttr,0.29654541,-0.116
Rnf125,0.088546316,0.912
Rnf138,0.92412973,0.023
Mep1b,0.87372771,-0.032
Klhl14,0.74644122,-0.059
Gm5968,0.72706584,-0.086
Asxl3,0.59339835,-0.091
Affy_10454252,0.72135957,-0.09
Dtna,0.31244022,-0.152
Mapre2,0.3707416,-0.289
Rpl19,0.92628865,0.011
Zfp397,0.58056024,-0.088
Zfp35,0.055875151,0.39
Galnt1,0.78177327,-0.069
2700062C07Rik,0.25669769,-0.195
Elp2,0.50658886,0.109
Mocos,0.047410502,0.336
Fhod3,0.26824046,-0.298
AW554918,0.06479558,0.415
Hnrnpa1,0.63554861,0.089
Pik3c3,0.55797978,0.068
Syt4,0.50715412,0.152
Slc25a46,0.43643657,-0.174
Sap130,0.36531436,0.169
Ammecr1l,0.90191172,0.021
Polr2d,0.67195877,-0.075
Wdr33,0.43372234,-0.101
Affy_10454512,0.89781532,0.047
Lims2,0.82560151,0.042
Iws1,0.63596176,0.079
Affy_10454543,0.89385152,0.034
Map3k2,0.64358187,-0.085
Ercc3,0.97741906,0.004
Bin1,0.800451,-0.05
Tslp,0.79026202,0.049
Wdr36,0.29356402,0.215
Camk4,0.47492921,-0.119
Gm10549,0.53064802,-0.131
Affy_10454651,0.21631321,-0.262
Affy_10454653,0.93428406,0.016
Apc,0.014222241,-0.317
Srp19,0.4344838,0.14
Pkd2l2,0.96812013,0.008
Wnt8a,0.66899388,-0.103
Kif20a,0.30872441,0.295
Affy_10454731,0.74936031,0.292
Rpl29,0.44205644,-0.15
Fam53c,0.7762799,0.051
Kdm3b,0.2434299,0.167
Reep2,0.14626676,-0.403
Egr1,0.30672442,0.719
Ctnna1,0.15779809,0.214
Uba52,0.77192203,-0.053
Snora74a,0.94336913,-0.043
Matr3,0.5795825,-0.122
Pnet-ps,0.7149489,-0.124
Paip2,0.97326483,0.005
1700066B19Rik,0.2887481,-0.272
Gm16490,0.57875754,-0.104
Ube2d2,0.87303612,-0.027
Cxxc5,0.42915837,-0.124
Psd2,0.65996271,-0.08
4930471G03Rik,0.39357791,-0.185
Pura,0.34951185,-0.177
0610010O12Rik,0.34612922,-0.319
Slc4a9,0.43950892,0.187
Ankhd1,0.58021968,-0.079
Eif4ebp3,0.95913822,-0.03
Slc35a4,0.89995562,0.033
Tmco6,0.054053188,0.466
Ik,0.25436087,0.205
Wdr55,0.7403519,-0.056
Hars2,0.61224122,0.103
Zmat2,0.31726735,0.256
Vaultrc5,0.16012054,0.851
Gm6756,0.15899472,-0.284
Pcdha10,0.65997498,-0.056
Pcdhb1,0.5287124,-0.181
Pcdhb2,0.78209299,-0.061
Pcdhb3,0.62720687,-0.115
Pcdhb4,0.98671336,-0.003
Pcdhb5,0.57587266,-0.092
Pcdhb6,0.2052574,-0.262
Pcdhb7,0.78812535,0.064
Pcdhb8,0.76758947,-0.072
Pcdhb9,0.20937455,0.216
Pcdhb10,0.15288002,-0.249
Pcdhb11,0.35252906,-0.166
Pcdhb12,0.47980274,-0.143
Pcdhb13,0.49502185,-0.112
Pcdhb14,0.98032091,0.004
Pcdhb15,0.54010767,-0.159
Pcdhb16,0.45683263,-0.157
Pcdhb17,0.71259385,-0.056
Pcdhb18,0.3362423,0.188
Pcdhb19,0.70611042,-0.073
Pcdhb20,0.4040913,-0.104
Pcdhb21,0.43662852,-0.177
Pcdhb22,0.91826875,0.028
3222401L13Rik,0.33336174,0.218
Pcdhga12,0.2930128,0.101
Rell2,0.12233641,-0.38
Rpl17,0.91331474,-0.012
0610009O20Rik,0.44990082,0.122
Rnf14,0.64936609,0.062
Ndfip1,0.03060471,-0.353
9630014M24Rik,0.28343176,-0.183
Gm5820,0.15688169,-0.247
Arhgap26,0.79573252,-0.049
Pabpc2,0.4834129,-0.141
Kctd16,0.32916232,-0.197
Kctd16,0.076711767,-0.394
Gm4838,0.6711663,0.097
Sh3rf2,0.4218542,-0.187
Affy_10455310,0.92996659,0.021
Rbm27,0.93807595,0.011
Pou4f3,0.11311967,-0.48
Rpl21,0.76448752,-0.032
Affy_10455342,0.74776413,-0.058
Tcerg1,0.50583207,-0.144
C330007P06Rik,0.61258324,0.096
Stk32a,0.30640653,-0.215
Scgb3a2,0.4979895,-0.122
Spink5,0.16649734,-0.252
Spink14,0.77438118,0.064
Hmgb1,0.48517814,0.098
Spink6,0.016822475,-0.848
Spink12,0.97608805,-0.006
Affy_10455454,0.71507131,0.061
Npy6r,0.92576079,-0.016
Myot,0.57880701,-0.143
Dcp2,0.43490276,0.174
Ythdc2,0.22487643,0.51
Kcnn2,0.85800531,-0.045
1700018A14Rik,0.34252523,-0.223
Eif1a,0.87596042,0.034
Ap3s1,0.24641609,0.242
Lvrn,0.81074314,0.039
Gm949,0.21365825,-0.293
Commd10,0.92946373,0.021
Hspe1,0.7989667,-0.05
Affy_10455591,0.40720471,-0.178
Eno1,0.45204731,0.2
Affy_10455599,0.64601138,0.125
Dmxl1,0.66312563,-0.063
Tnfaip8,0.57209626,0.126
Gm10539,0.45294425,-0.13
Hsd17b4,0.98625169,0.003
Fam170a,0.29223994,-0.247
Prr16,0.60180061,-0.115
Ftmt,0.097122286,-0.39
Srfbp1,0.89500871,-0.023
Affy_10455705,0.45519996,-0.142
Zfp474,0.53330765,-0.122
1700034E13Rik,0.42697181,-0.142
Gykl1,0.96498484,0.008
Sncaip,0.13581941,-0.279
Snx2,0.1950005,0.203
Snx24,0.64758102,0.097
Prdm6,0.71007724,0.079
Csnk1g3,0.91900695,-0.018
Gapdh,0.75693707,-0.043
Affy_10455782,0.08917188,-0.313
Gramd3,0.62351828,0.1
Phax,0.91147405,-0.02
1700065I17Rik,0.14050722,-0.316
Lmnb1,0.076368713,-0.255
Gm10536,0.80583819,0.053
Megf10,0.95077594,0.016
Prrc1,0.79913815,0.053
Ctxn3,0.88002664,-0.031
Ctxn3,0.74674048,-0.051
Slc12a2,0.81031397,-0.067
Slc27a6,0.28229082,0.153
Isoc1,0.3216054,0.134
Adamts19,0.031340866,-0.33
Kiaa1024l,0.32435244,-0.203
Chsy3,0.92951805,-0.02
Ifgga2,0.72791687,0.078
Gm5970,0.57952847,0.166
Affy_10455959,0.6052324,-0.112
Iigp1,0.77000836,-0.12
2610318N02Rik,0.34878617,-0.17
BC023105,0.46090071,1.047
Dctn4,0.075172797,0.211
Rbm22,0.45429159,0.101
Rps14,0.28384566,-0.223
Cd74,0.61350996,0.426
Arsi,0.95880907,0.011
Camk2a,0.43461449,-0.168
Pdgfrb,0.90760807,0.037
Csf1r,0.58041444,0.252
Pde6a,0.38248692,-0.157
Csnk1a1,0.98633879,-0.002
Il17b,0.17501859,-0.273
Sh3tc2,0.18179184,-0.274
Gm9949,0.50897688,-0.15
Htr4,0.10568619,-0.273
Spink10,0.21158653,0.244
Apcdd1,0.62759681,-0.124
Napg,0.23365371,0.196
Wdr7,0.17846308,-0.177
St8sia3,0.78121957,0.084
LOC638407,0.79631218,-0.089
Onecut2,0.34104681,-0.215
Nedd4l,0.032137568,0.485
Affy_10456289,0.19739016,0.288
mir-122,0.38221658,0.586
Alpk2,0.83077789,-0.044
Malt1,0.63764761,0.106
Zfp532,0.79047723,0.059
5330437I02Rik,0.12853183,-0.277
Sec11c,0.534162,-0.235
Grp,0.96218662,-0.01
Pmaip1,0.96300679,-0.01
Gm9926,0.67382117,0.09
Gnal,0.050266548,-0.272
Chmp1b,0.38933664,0.225
Impa2,0.9064512,0.026
Cidea,0.79540645,0.355
Tubb6,0.44900793,0.333
Slmo1,0.39779746,-0.167
Psmg2,0.79482014,-0.086
Seh1l,0.84836506,0.033
Seh1l,0.5092733,-0.171
Affy_10456437,0.22670618,-0.196
Cep192,0.91868448,-0.024
Affy_10456486,0.93560735,-0.016
Affy_10456488,0.55530977,0.235
Affy_10456490,0.82985565,-0.095
C18orf1,0.92529561,-0.019
Rnmt,0.28085612,0.235
Mc5r,0.68533712,-0.082
Affy_10456516,0.43561451,-0.194
Affy_10456519,0.27844791,0.24
Tcf4,0.27298641,0.25
Ccdc68,0.24940127,-0.502
Stard6,0.50593555,-0.081
Mbd2,0.80133505,-0.037
Affy_10456577,0.49705582,-0.123
Mex3c,0.3032437,-0.166
Affy_10456585,0.7539689,0.048
Mro,0.69869655,0.072
Gm9925,0.72673007,0.077
Cxxc1,0.56780264,0.097
Affy_10456619,0.57059663,0.161
Mbd1,0.31698824,-0.313
Ccdc11,0.6986843,-0.07
Affy_10456650,0.96398841,0.01
Myo5b,0.60316663,0.075
Acaa2,0.2901327,-0.169
Rpl17,0.53047129,-0.055
Snord58b,0.19698527,0.288
Affy_10456719,0.56612804,0.314
Rpl17,0.90130767,0.067
C18orf32,0.97441456,0.007
Dym,0.47529709,0.156
Smad7,0.70983217,-0.134
Gm10532,0.77648119,-0.057
Zbtb7c,0.60488811,-0.101
Smad2,0.74707373,-0.067
Skor2,0.75011654,-0.054
Ier3ip1,0.20143435,-0.222
Hdhd2,0.28988432,0.372
Hdhd2,0.497765,0.192
Pias2,0.18344878,-0.214
St8sia5,0.3903152,-0.117
Affy_10456846,0.40314834,-0.169
Loxhd1,0.24950418,-0.278
4930465K10Rik,0.7211291,-0.063
Atp5a1,0.45102871,-0.112
Pstpip2,0.13676348,0.548
5430411K18Rik,0.29777159,0.134
Gm6133,0.44342402,0.232
Affy_10456970,0.95675557,0.01
Gm10265,0.10781002,-0.263
Arf1,0.3087665,-0.172
Gm10526,0.28472327,-0.169
Gm10526,0.31202878,-0.154
Gm10526,0.31202878,-0.154
Gm10526,0.31202878,-0.154
Gm10526,0.31202878,-0.154
Gm10526,0.28472327,-0.169
Pard6g,0.93015737,-0.018
Txnl4a,0.85504938,-0.024
Pqlc1,0.84743076,-0.039
Affy_10457020,0.28800282,0.55
Mbp,0.27615747,-0.184
Gm10524,0.32001547,0.199
Zfp516,0.15420074,-0.304
Gm10523,0.90467599,0.024
Affy_10457050,0.39845487,-0.13
Zadh2,0.3586963,0.156
Affy_10457059,0.80460253,0.057
Fam69c,0.72314875,0.067
Cyb5,0.76146869,0.038
Fbxo15,0.2859539,-0.14
Neto1,0.05204605,-0.949
Cbln2,0.89541929,0.025
Bhmt,0.55188082,-0.18
Rttn,0.28575725,0.18
Cd226,0.94502926,-0.013
Affy_10457181,0.51490605,-0.101
Tmx3,0.78864037,0.058
Affy_10457203,0.89695257,-0.066
Crem,0.20622674,0.307
Affy_10457221,0.34643792,-0.238
6820431F20Rik,0.17550769,-0.678
Map3k8,0.29184234,0.293
Zfp438,0.037355496,0.311
Gm10125,0.5887045,-0.104
Arhgap12,0.32222393,0.156
Kif5b,0.51429662,-0.093
Epc1,0.81654115,0.032
Mkx,0.075384405,-0.969
Mzt1,0.30241454,0.436
Armc4,0.16830943,-0.231
Armc4,0.46775902,-0.117
Mpp7,0.49081843,-0.151
Mpp7,0.67422403,-0.102
Gm9993,0.44221011,-0.156
Affy_10457380,0.99347893,0.003
Gjd4,0.090844629,-0.376
Ccny,0.92241299,-0.011
Srp9,0.23149497,-0.273
Cetn1,0.22684302,-0.189
Affy_10457407,0.86353755,0.031
Usp14,0.21805161,0.185
Rock1,0.64624968,0.082
Nutf2,0.91281761,0.024
Esco1,0.85786291,-0.036
Abhd3,0.20844086,-0.26
mir-133a-1,0.60993293,-0.092
Mir1a-2,0.73733204,-0.042
6030446N20Rik,0.31983048,0.163
Npc1,0.35857013,-0.195
Ankrd29,0.8536147,-0.042
Osbpl1a,0.34398914,-0.099
Affy_10457583,0.85887007,-0.046
Affy_10457585,0.081857684,-0.631
Zfp521,0.4321361,-0.121
Ss18,0.73789655,-0.051
Kctd1,0.27760813,-0.199
Aqp4,0.71925021,-0.214
Chst9,0.90611071,-0.02
Affy_10457637,0.40367662,-0.21
S100a11,0.20226009,1.014
Cdh2,0.23940963,-0.246
Affy_10457663,0.20213023,0.381
4921533I20Rik,0.77317627,-0.051
Hmgcs2,0.17746195,2.12
Dsc3,0.43292898,0.157
Dsc2,0.67327928,0.084
Dsc1,0.64747333,-0.072
Dsc1,0.50427342,0.148
Rpl35,0.34117895,0.1
B4galt6,0.23561306,0.47
D030074E01Rik,0.48503742,0.12
Affy_10457776,0.38531166,0.214
Gm10551,0.93650923,0.026
Fam59a,0.82189411,0.032
Klhl14,0.79695946,-0.046
4921528I01Rik,0.96797276,0.006
Nol4,0.086407688,-0.352
Nol4,0.27934383,-0.241
Nol4,0.53573135,-0.137
Zscan30,0.82541022,0.048
Zfp191,0.63476813,0.048
Ino80c,0.084710924,0.393
mir-187,0.37575465,-0.245
Rprd1a,0.67027137,0.074
Slc39a6,0.90914167,0.023
Gm9955,0.60102094,-0.125
Gm9960,0.62838374,0.079
5730494M16Rik,0.25026093,0.359
Celf4,0.93968404,0.018
Gm7847,0.83949224,-0.076
Gm5064,0.85249079,-0.059
Rps25,0.3753485,0.199
Rpl29,0.38364381,-0.178
Bloc1s1,0.98114219,0.004
Gm5502,0.49620321,0.356
Rit2,0.21416274,-0.282
Affy_10457938,0.26423747,0.229
Syt4,0.082963156,-0.345
Slc25a46,0.52250603,-0.086
Sft2d3,0.6411323,0.125
Sft2d3,0.038600737,-0.366
Gpr17,0.41777267,-0.178
Myo7b,0.87211758,-0.035
Proc,0.26989015,-0.204
Gypc,0.15892221,-0.459
Stard4,0.46894731,-0.333
Osgep,0.62503276,-0.116
Nrep,0.39389343,-0.308
Epb4.1l4a,0.6309618,0.159
Affy_10458081,0.55289716,-0.122
Affy_10458084,0.88792917,-0.022
LOC669999,0.43092544,-0.195
Gm10548,0.33165928,-0.218
Reep5,0.38089879,0.318
Fam13b,0.70065068,-0.128
Nme5,0.54790755,0.135
4933408B17Rik,0.61459549,0.117
Brd8,0.42176052,0.131
Cdc23,0.84451734,-0.031
Gfra3,0.48480804,-0.153
Cdc25c,0.62736496,0.068
Etf1,0.89019091,0.025
Hspa9,0.24450097,-0.129
Affy_10458245,0.67630102,0.128
Lrrtm2,0.3796269,-0.199
Sil1,0.42261683,-0.144
Slc23a1,0.1776359,-0.395
2010001M09Rik,0.92972722,-0.02
Gm1614,0.72977243,-0.098
Spata24,0.86339132,-0.046
Dnajc18,0.53793807,-0.13
Ecscr,0.5186116,0.175
Tmem173,0.35575833,0.384
Nrg2,0.38595869,-0.191
Pfdn1,0.39596685,-0.176
Hbegf,0.31542547,-0.212
Sra1,0.84890159,-0.034
Apbb3,0.77257644,-0.043
E230025N22Rik,0.076111585,-0.444
Cd14,0.43911751,0.475
Ndufa2,0.36301243,0.215
Dnd1,1,0
Hars,0.64992178,-0.119
Gm10545,0.069410373,-0.358
Gm10544,0.60571709,0.115
Slc25a2,0.97993985,-0.006
Taf7,0.76181816,-0.063
Uxt,0.42484232,0.121
Diap1,0.046662643,0.304
Hdac3,0.79306758,0.034
Fchsd1,0.79434486,-0.041
Arap3,0.420873,0.105
Pcdh1,0.8467068,-0.04
1700086O06Rik,0.48824829,0.15
Pcdh12,0.84155865,-0.038
Gnpda1,0.47438046,0.168
Spry4,0.48844952,-0.26
Fgf1,0.90853366,-0.036
Nr3c1,0.5743851,-0.085
Gm10008,0.74161625,-0.064
Yipf5,0.39259795,-0.179
Prelid2,0.33283121,-1.664
Grxcr2,0.69318669,0.072
Plac8l1,0.55022542,-0.122
Lars,0.31363846,-0.196
Gpr151,0.73462344,-0.054
Ppp2r2b,0.79146437,-0.051
Affy_10458661,0.29760974,-0.327
Dpysl3,0.57565628,-0.15
Eif3j1,0.83715122,0.032
Jakmip2,0.17770484,-0.205
Spink3,0.52345829,-0.102
Gm94,0.70790846,-0.102
Affy_10458714,0.87367178,0.031
9530002K18Rik,0.90455738,-0.021
Spink11,0.7147845,-0.059
Mcc,0.26290583,0.542
Ythdc2,0.64796929,-0.113
Morf4l1,0.099116352,-0.21
Gm4839,0.25219908,-0.34
Gm10540,0.50731924,-0.25
LOC100046618,0.63565364,0.113
Trim36,0.88066632,0.02
Pggt1b,0.54135425,-0.157
Pggt1b,0.57109613,0.108
Ccdc112,0.89586272,0.025
Gm4840,0.43513567,-0.114
Mospd4,0.70646349,0.091
Fem1c,0.92621382,0.016
Ticam2,0.76992622,0.092
Tmed7,0.052117903,-0.299
Cdo1,0.64812581,0.078
Atg12,0.090669447,0.307
Ube2l3,0.50988046,-0.07
Sema6a,0.47776784,0.128
Gm6883,0.89022744,-0.032
Affy_10458873,0.44739306,-0.126
Dtwd2,0.93761079,0.018
LOC674866,0.57060069,0.142
Hdhd1a,0.21872917,-0.295
Affy_10458888,0.62052254,0.192
Affy_10458890,0.97943764,0.009
Affy_10458892,0.3967732,-0.172
Lox,0.68637593,-0.21
Ppic,0.003250972,-0.6
Cep120,0.61267749,0.086
Gm8594,0.40460827,0.241
Zfp608,0.29838226,-0.224
Affy_10458956,0.10356347,-0.275
Affy_10458958,0.79352869,-0.053
Aldh7a1,0.91749599,0.02
03-Mar,0.90079166,-0.018
C330018D20Rik,0.988818,-0.006
Prrc1,0.45091543,-0.133
Fbn2,0.52084169,-0.106
LOC100044195,0.24709851,0.321
2010002N04Rik,0.71637803,0.082
Myoz3,0.12453003,-0.354
Synpo,0.66542105,-0.106
Ndst1,0.9421093,-0.01
Tcof1,0.16031949,0.215
Slc6a7,0.18507856,-0.22
Cdx1,0.2042154,-0.346
Hmgxb3,0.5131492,-0.095
Slc26a2,0.56344232,-0.131
Rps2,0.29912459,0.288
Ppargc1b,0.914213,-0.023
mir-378,0.17639712,0.295
Arhgef37,0.17726082,0.408
mir-145,0.56671821,0.137
Mir143,0.7746344,-0.087
Pcyox1l,0.32992783,-0.248
Grpel2,0.97559715,-0.009
Afap1l1,0.34596163,-0.158
Ablim3,0.82502199,-0.071
Adrb2,0.74431934,-0.091
Gm9876,0.39373119,-0.201
Affy_10459294,0.92055454,0.014
Fbxo38,0.66820162,0.062
Spink7,0.69988679,0.064
Spink13,0.41322424,-0.129
2700046A07Rik,0.71341418,-0.074
Fam38b,0.93833793,-0.014
Affy_10459353,0.72112148,-0.079
Fam38b,0.62068771,0.094
Txnl1,0.31196304,0.154
Nsa2,0.8326817,0.037
Amd1,0.75516213,-0.082
Fech,0.8826846,-0.025
Nars,0.51999773,-0.088
Atp8b1,0.4404006,-0.189
A330084C13Rik,0.59762231,-0.12
Alpk2,0.52267393,-0.13
Affy_10459467,0.98284191,0.003
Affy_10459469,0.15336451,-0.194
Rax,0.2387866,-0.286
Cplx4,0.88809496,-0.028
Lman1,0.53126942,0.185
Ccbe1,0.88327256,0.024
Mir694,0.572755,-0.089
Mc4r,0.46238772,-0.135
Mppe1,0.8349178,0.047
B430212C06Rik,0.66019464,0.263
Afg3l2,0.38470864,-0.149
Spire1,0.71664731,0.068
Cep76,0.89355871,-0.03
Ptpn2,0.72809492,-0.056
Ptpn2,0.22691117,-0.228
4933403F05Rik,0.44187056,0.168
Mc2r,0.7497186,-0.052
4930546C10Rik,0.87923373,-0.027
Affy_10459618,0.092178691,-0.368
Rab27b,0.89424619,-0.017
2310002L13Rik,0.63772635,-0.115
Affy_10459637,0.099597597,-0.304
4930503L19Rik,0.099589982,0.762
Poli,0.11856824,-0.269
Rpl5,0.64046001,0.098
Dcc,0.61877958,0.075
Affy_10459703,0.093863421,-0.2
Smad4,0.64586928,-0.058
Elac1,0.25441322,0.272
Me2,0.98859369,0.004
Mapk4,0.83559022,-0.042
Ska1,0.22251412,-0.208
Scarna17,0.16295743,-0.413
Affy_10459768,0.4308639,-0.218
Affy_10459770,0.30552441,-0.171
Lipg,0.8131067,0.132
Gm672,0.50950025,0.123
1700003O11Rik,0.54530506,0.103
Gm9028,0.97585929,-0.006
Katnal2,0.44968228,-0.125
St8sia5,0.84752671,0.042
Rnf165,0.30331784,-0.172
Affy_10459835,0.76082532,-0.072
C18orf25,0.61711978,0.08
Haus1,0.16966905,0.291
F830208F22Rik,0.742012,-0.072
Siglec15,0.63723164,-0.109
Slc14a1,0.91900243,0.019
Slc14a2,0.86537298,0.028
Setbp1,0.91854483,0.024
Adnp2,0.8091786,-0.039
1110032A13Rik,0.87709913,-0.029
Pqlc1,0.86821882,0.029
Kcng2,0.11803993,-0.398
Ctdp1,0.13461569,0.322
Nfatc1,0.65466964,-0.061
Atp9b,0.84199502,-0.032
Sall3,0.37944722,-0.136
Affy_10460008,0.64186447,0.084
Galr1,0.14334124,-0.339
Rpl21,0.98101621,-0.003
Zfp236,0.41795027,-0.121
Affy_10460052,0.25032645,-0.284
Affy_10460055,0.30556268,-0.196
Tshz1,0.45011346,-0.112
Zfp407,0.37483907,0.15
Affy_10460070,0.97795709,0.005
Cndp1,0.47089288,-0.114
Cndp2,0.53373308,0.125
Fam69c,0.19975725,-0.35
Affy_10460100,0.806322,-0.059
1700034H14Rik,0.24904141,-0.276
Affy_10460106,0.5784259,-0.123
Gnpnat1,0.65489728,0.078
Affy_10460112,0.58221346,-0.124
Affy_10460114,0.88202007,0.048
Socs6,0.88001112,0.029
Socs6,0.94671744,0.023
9330132A10Rik,0.33492092,-0.136
Dok6,0.73682577,0.064
Affy_10460136,0.25903927,-0.249
Affy_10460139,0.92199779,-0.019
Affy_10460146,0.47233955,-0.284
Gm7795,0.54046006,0.193
Mrpl21,0.29090698,-0.215
Cpt1a,0.69514326,-0.116
Mtl5,0.23862389,-0.216
Affy_10460194,0.29055045,-0.229
1810055G02Rik,0.88141387,0.065
Suv420h1,0.94133272,-0.011
Chka,0.47473197,0.323
Unc93b1,0.75510235,-0.106
1700055N04Rik,0.35571019,0.421
ENSMUST00000100032,0.7325494,0.15
1700055N04Rik,0.55963162,-0.154
1700055N04Rik,0.75869379,-0.09
Aldh3b2,0.68641928,-0.104
Acy3,0.18413749,-0.279
Tbx10,0.30838708,-0.234
Nudt8,0.30084917,-0.159
Doc2g,0.31651971,-0.153
Cabp2,0.76030459,-0.064
Cdk2ap2,0.45729383,0.151
Pitpnm1,0.1846229,0.391
Tmem134,0.82132237,0.045
Gpr152,0.69799791,0.093
Coro1b,0.7962357,-0.046
Ptprcap,0.40965158,-0.147
Ppp1ca,0.25034413,0.257
Clcf1,0.35189979,0.22
Pold4,0.65525219,0.086
Kdm2a,0.25619795,-0.313
Pcx,0.28856339,0.246
Sptbn2,0.72586662,-0.063
Rbm4b,0.32962401,-0.138
Ccdc87,0.11765735,-0.365
Ctsf,0.22052085,-0.254
Zdhhc24,0.29682246,-0.178
Dpp3,0.64292051,0.141
Mrpl11,0.14864252,0.46
Slc29a2,0.33384781,-0.162
B3gnt1,0.88680939,0.03
Brms1,0.87601831,0.032
Rin1,0.76860175,-0.058
Cd248,0.91678985,-0.019
Yif1a,0.62333709,-0.083
Klc2,0.20057221,-0.404
Gal3st3,0.29046482,-0.27
Catsper1,0.42192748,-0.164
Eif1ad,0.33695146,0.174
Sart1,0.98861755,-0.004
AI837181,0.77434684,-0.053
Fosl1,0.4694582,-0.169
Fibp,0.89861886,0.034
Efemp2,0.61107527,-0.09
Cfl1,0.55702471,-0.111
1810058N15Rik,0.19193729,-0.342
Gm962,0.84133002,0.048
Rnaseh2c,0.77947379,0.056
Rela,0.65496555,-0.084
Map3k11,0.43684392,0.104
Kcnk7,0.82990545,-0.05
Ltbp3,0.14655424,-0.387
Frmd8,0.43843982,-0.194
Slc25a45,0.96208328,0.011
Gm10814,0.91085988,-0.023
Syvn1,0.76007429,-0.111
Fau,0.70439841,-0.073
Znhit2-ps,0.70972618,0.044
BC048609,0.341103,-0.171
Cdca5,0.59062553,-0.099
Naaladl1,0.62776772,-0.094
2400001E08Rik,0.711472,0.09
Batf2,0.70504654,-0.078
1700123I01Rik,0.61475549,-0.102
Gpha2,0.40248814,-0.179
Atg2a,0.58815485,-0.114
mir-194-2,0.15590909,-0.366
Mir192,0.12386206,0.574
Ehd1,0.49234503,0.153
Cdc42bpg,0.82977448,-0.025
Men1,0.082388664,0.229
Map4k2,0.20748444,0.229
Sf1,0.31594096,0.123
Pygm,0.71196408,-0.062
Rasgrp2,0.085004158,0.47
Nrnx2,0.85191282,0.036
Trmt112,0.76962259,0.064
Bad,0.50272751,-0.111
Ppp1r14b,0.66239105,-0.06
Trpt1,0.45853979,0.097
Macrod1,0.49824628,0.134
5730409K12Rik,0.94023419,0.016
Affy_10461055,0.90347021,0.041
Rcor2,0.11608677,-0.243
2700081O15Rik,0.10814872,-0.296
Atl3,0.76335345,-0.076
Pla2g16,0.52147059,0.248
Hrasls5,0.60034241,-0.097
Iscu,0.79122014,0.041
Affy_10461110,0.25494173,0.329
Slc22a8,0.13695011,-0.338
Slc22a6,0.40139662,-0.184
Chrm1,0.23912325,-0.266
Snhg1,0.69497082,0.082
Affy_10461150,0.3452575,-0.372
Snhg1,0.31565216,-0.279
Snhg1,0.23293499,0.225
Snhg1,0.80681737,-0.141
Snhg1,0.50867577,-0.163
Affy_10461160,0.93708807,0.023
Snord22,0.40051301,0.305
Wdr74,0.62222375,0.13
Stx5a,0.76772709,0.072
Nxf1,0.8052525,-0.045
Tmem223,0.44676688,-0.17
Zbtb3,0.50526034,-0.11
Hnrnpul2,0.74619593,0.06
Bscl2,0.52655658,0.152
Lrrn4cl,0.98171022,0.004
Ubxn1,0.81070651,0.043
1810009A15Rik,0.17137762,-0.237
Ints5,0.22739806,-0.276
Ganab,0.4707744,-0.1
B3gat3,0.79117713,-0.044
Eml3,0.90027406,0.021
Mta2,0.64523068,0.082
Tut1,0.39986216,-0.179
Eef1g,0.55331879,0.181
Ahnak,0.22150108,0.237
Affy_10461384,0.24879823,-0.38
Rps7,0.66323381,-0.072
Pcna,0.18616227,0.199
LOC100045435,0.40701663,-0.112
Affy_10461400,0.62293115,-0.078
Fth1,0.62859049,-0.064
Rab3il1,0.74693324,0.078
Fads3,0.94947912,-0.012
Fads1,0.93048366,-0.022
Fen1,0.96051081,0.014
1810006K21Rik,0.6225658,-0.118
Syt7,0.99046672,-0.002
Cpsf7,0.50361113,-0.083
Cybasc3,0.74819145,0.059
Ddb1,0.39813723,-0.116
Vwce,0.82037068,0.051
Vps37c,0.91226353,-0.019
A430093F15Rik,0.86276508,0.038
Slc15a3,0.23814158,0.449
Prpf19,0.11939814,0.237
Gpr44,0.50486448,-0.171
Ms4a4a,0.79068172,0.125
Ms4a4c,0.48040314,0.366
Ms4a4b,0.66305237,0.102
Ms4a6c,0.57105782,0.59
Ms4a6b,0.5299963,0.453
Ms4a4d,0.56999023,0.167
Affy_10461636,0.33274308,0.447
Affy_10461640,0.78062597,-0.056
Scarna17,0.16295743,-0.413
Gm97,0.6292504,-0.083
Gif,0.34582802,-0.179
Mrpl16,0.095423836,0.352
Olfr1420,0.55902442,-0.083
Patl1,0.49619393,-0.112
Osbp,0.36528301,0.195
Olfr1431,0.55161964,0.147
Olfr235,0.89877994,-0.021
EG667078,0.3379907,0.424
Olfr1433,0.50611029,-0.098
Olfr1440,0.78010666,0.054
Olfr1441,0.86687507,-0.038
Pfpl,0.068990236,-0.434
Mpeg1,0.93632244,0.057
Fam111a,0.43115155,0.335
Gm4952,0.57648374,0.25
Glyat,0.44824303,0.208
Affy_10461745,0.78893864,0.07
Olfr1442,0.53752101,-0.128
Olfr1443,0.95401487,-0.011
Affy_10461754,0.5788549,-0.156
Keg1,0.18237912,-0.884
Lpxn,0.95639769,0.018
Gm5244,0.42124443,-0.187
Olfr1444,0.071872565,-0.341
Olfr1445,0.59022546,-0.109
Gm5512,0.68230473,0.076
Olfr1449,0.50748583,-0.085
Olfr1450,1,0
Olfr1451,0.16905343,0.21
Affy_10461790,0.26008234,-0.16
Olfr1454,0.51200856,0.113
Olfr1461,0.93007321,-0.02
Olfr1462,0.76054901,-0.05
Olfr1463,0.99433066,0.002
Olfr1466,0.98270518,-0.004
Olfr1467,0.10475306,-0.297
Olfr1469,0.92508863,0.017
Olfr1471,0.39800005,-0.148
Olfr1474,0.9700387,-0.008
Olfr1477,0.80363381,0.048
Olfr1480,0.089514106,-0.267
Olfr1484,0.60312897,0.097
Olfr1487,0.21722636,0.295
Olfr1489,0.31040584,0.196
Olfr1490,0.94412489,-0.017
Olfr1491,0.94753477,0.015
Affy_10461826,0.24220541,-0.169
Olfr1494,0.46716146,-0.224
Olfr1495,0.1966428,-0.248
Olfr1496,0.52816546,-0.136
Olfr1505,0.45990169,-0.082
Olfr1502,0.12934459,0.331
Olfr1505,0.11382526,0.408
Affy_10461842,0.23940017,0.272
Gnaq,0.73564429,0.049
Gna14,0.14121089,-1.111
Vps13a,0.84983689,0.033
Prune2,0.92968028,-0.014
Prune2,0.49108651,-0.162
Rfk,0.1419791,-1.311
Affy_10461904,0.28742732,-0.128
Affy_10461906,0.83248318,0.046
Nmrk1,0.27052351,0.778
2410127L17Rik,0.6135752,0.11
D030056L22Rik,0.9116595,-0.024
Trpm6,0.052550101,-0.317
1500015L24Rik,0.88402989,-0.025
Aldh1a1,0.33127784,-0.179
Zfand5,0.38199127,0.19
Fam108b1,0.10595776,-0.33
Tmem2,0.81099991,-0.046
Ldhb,0.82068898,0.039
Trpm3,0.41284901,-0.105
Nsa2,0.96531594,-0.004
mir-204,0.31203879,-0.18
Affy_10462086,0.53133943,0.092
2410080I02Rik,0.1497456,-0.257
Klf9,0.4754125,0.338
Affy_10462096,0.38615048,0.161
Sarnp,0.18525393,0.25
Ptar1,0.9212278,0.021
Gm9938,0.14212102,0.389
Apba1,0.87719242,0.03
1700021P04Rik,0.62671104,0.095
Fam122a,0.4898093,-0.164
Pgm5,0.7110091,0.06
Cycs,0.90993205,-0.025
Dock8,0.36890058,0.34
Ndufb4,0.52506348,-0.101
Kank1,0.31281815,0.139
Affy_10462214,0.065423922,-0.213
Dmrt1,0.22758427,-0.234
Dmrt3,0.045132184,-0.396
Dmrt2,0.54157,-0.162
Smarca2,0.36919716,-0.136
Gm815,0.52059208,0.129
Vldlr,0.24980196,0.663
Kcnv2,0.41923766,-0.165
C030016D13Rik,0.53755431,-0.182
Affy_10462311,0.59984804,-0.134
Slc1a1,0.46421661,-0.207
Ppapdc2,0.55974451,-0.082
Cdc37l1,0.76630202,0.042
Gm9895,0.26170439,0.224
Rcl1,0.7339106,0.072
mir-101b,0.95183317,0.028
Gm9883,0.45693354,0.317
Hmgb1,0.7132135,0.056
Jak2,0.34325868,0.233
Cd274,0.46898974,0.307
Pdcd1lg2,0.50306795,-0.151
C030046E11Rik,0.95188639,0.01
Mlana,0.23324965,-0.226
Il33,0.83773362,-0.058
Trpd52l3,0.91279644,-0.022
Uhrf2,0.95790278,0.008
Mbl2,0.49205184,0.308
Cstf2t,0.20751239,0.226
A1cf,0.46791664,-0.126
A1cf,0.53254839,-0.114
2700046G09Rik,0.8025849,-0.058
Minpp1,0.26994808,0.252
Papss2,0.154622,0.416
Pten,0.98356427,-0.002
B430203M17Rik,0.080089184,0.542
Nudt15,0.55480188,-0.117
Lipf,0.18572598,-0.229
Lipk,0.10497535,0.24
Lipn,0.77696876,-0.06
Lipm,0.13507733,-0.282
Stambpl1,0.69451887,0.094
Fas,0.43726901,0.207
Ifit2,0.72313363,0.208
Ifit3,0.96488759,-0.037
I830012O16Rik,0.39846108,-0.437
Ifit1,0.72068019,-0.347
Affy_10462628,0.52929015,-0.129
Pank1,0.18419821,0.395
Kif20b,0.20712724,0.175
Rpp30,0.82540019,0.042
Pcgf5,0.79916304,-0.045
Affy_10462697,0.16648747,-0.474
Affy_10462699,0.95184309,-0.009
Hectd2,0.60088072,-0.122
Tnks2,0.71237731,-0.056
Btaf1,0.76334255,-0.047
05-Mar,0.92783452,-0.018
Kif11,0.46869437,0.194
Hhex,0.5611395,-0.254
Exoc6,0.26111238,0.185
Cyp26c1,0.43612812,0.171
Cyp26a1,0.7995825,0.2
Gm9067,0.53686763,0.118
Affy_10462863,0.37011198,0.182
Cep55,0.58348685,-0.122
Affy_10462879,0.80885458,0.08
Gpr120,0.056446891,-0.422
Pde6c,0.93865273,0.021
Lgi1,0.76002348,-0.084
Tmem20,0.59990577,0.178
Plce1,0.56990667,0.225
Tbc1d12,0.50030173,0.158
Hells,0.35197724,0.222
Affy_10462995,0.99029792,-0.002
Cyp2c55,0.87641413,-0.092
Cyp2c65,0.86607115,0.035
Cyp2c66,0.9198661,0.034
Cyp2c29,0.52168826,-0.308
Cyp2c39,0.65191323,-1.084
Cyp2c37,0.76144837,0.22
Cyp2c50,0.38951852,0.515
Cyp2c50,0.60739569,-0.133
Gapdh,0.97590226,0.005
Tctn3,0.48714219,-0.16
Ptp4a1,0.90284916,0.034
Entpd1,0.56960946,0.238
Cc2d2b,0.83764163,0.034
Cc2d2b,0.26971654,-0.205
Ccnj,0.85468633,0.04
Zfp518,0.82037536,0.074
Dntt,0.9369781,0.017
Dppa2,0.82511789,-0.04
Lcor,0.97106435,-0.006
Morf4l1,0.19943409,-0.14
Gm340,0.34706875,0.215
AI606181,0.4803682,0.179
Frat1,0.082794633,0.4
Pgam1,0.73721634,0.063
Zdhhc16,0.76903397,0.041
Ubtd1,0.8508201,-0.029
Ankrd2,0.97682741,-0.008
Hoga1,0.62998507,-0.086
4933411K16Rik,0.99408922,0.002
Pi4k2a,0.16106332,0.306
Marveld1,0.91057486,-0.015
Gm6937,0.33969287,-0.17
Zfyve27,0.82934939,-0.026
Golga7b,0.38535673,-0.168
Affy_10463252,0.70427638,0.079
D19Ertd386e,0.0309465,0.38
Lztfl1,0.53042404,0.217
Cnnm1,0.96194692,0.012
Nkx2-3,0.21531048,-0.312
Entpd7,0.45366284,0.196
Cutc,0.098098342,0.394
Abcc2,0.27658411,0.413
Gm10768,0.13887943,0.701
1700084K02Rik,0.17482887,-0.253
Scd3,0.75567434,0.069
Scd2,0.48079825,0.28
Scd4,0.70144826,0.073
Wnt8b,0.10963159,-0.423
Hif1an,0.41584834,0.167
Pax2,0.11964084,-0.249
Gm5246,0.79410872,-0.062
Fam178a,0.10674972,0.383
Fam178a,0.87770249,0.04
Affy_10463428,0.46317659,0.22
Sema4g,0.73351729,0.064
Peo1,0.99200248,0.002
Lzts2,0.93716831,0.012
Sfxn3,0.83976644,-0.05
Kazald1,0.47510615,0.14
Tlx1,0.86940761,-0.04
Btrc,0.33666171,-0.184
Dpcd,0.65487555,0.069
4930505N22Rik,0.56820466,-0.133
Hps6,0.2806863,-0.193
Pprc1,0.21185716,-0.236
Nolc1,0.082112647,-0.264
Elovl3,0.93755669,0.048
Gbf1,0.87974005,-0.029
Nfkb2,0.65575451,0.124
Fbxl15,0.99146048,0.002
Mir146b,0.204125,-0.355
Tmem180,0.61630777,-0.122
Affy_10463643,0.18263042,0.266
Sufu,0.4948104,0.087
Trim8,0.31761007,0.15
Sfxn2,0.58831485,-0.098
C10orf26,0.69885584,0.066
C10orf32,0.22000269,0.429
As3mt,0.31052545,0.626
Cnnm2,0.61886893,-0.108
Nt5c2,0.93165675,0.015
Ina,0.76559323,0.069
Ina,0.26751007,-0.249
Taf5,0.57332602,0.122
Pdcd11,0.51262806,-0.113
Neurl1a,0.39851671,-0.184
Gm5098,0.88655137,0.023
Slk,0.36180723,-0.403
Sfr1,0.78572555,-0.072
Gsto1,0.82552921,-0.041
Gsto2,0.011649923,-0.468
Ccdc147,0.79118483,-0.043
Sorcs3,0.40326302,-0.17
Gm9228,0.2659294,0.399
Ins1,0.36649098,-0.175
Add3,0.40430348,0.134
Mxi1,0.460939,0.113
Dusp5,0.047682786,-0.322
Smc3,0.58405693,0.123
Rbm20,0.33442399,-0.267
Pdcd4,0.58367752,-0.145
Affy_10464013,0.69014198,0.077
Shoc2,0.63049348,-0.079
Adra2a,0.90323885,0.033
Tectb,0.10419602,-0.327
Acsl5,0.10927344,0.424
Vti1a,0.44359958,0.138
Tcf7l2,0.12630008,-0.262
Ppnr,0.70486375,-0.093
D730002M21Rik,0.76578524,-0.082
Habp2,0.14538052,-0.226
Casp7,0.54061885,-0.126
9930023K05Rik,0.74761535,0.05
Nhlrc2,0.89582701,0.022
Adrb1,0.27405528,-0.256
1700010L13Rik,0.87523467,0.033
Tdrd1,0.2241189,-0.168
Vwa2,0.50402114,-0.132
Fam160b1,0.43924048,-0.168
Trub1,0.86368394,-0.028
Atrnl1,0.82161355,0.054
Gm10007,0.48115971,-0.18
Gm4483,0.95396387,-0.013
1700011F14Rik,0.95623039,-0.009
Pnlip,0.015993747,-0.962
Pnliprp1,0.007206572,-0.816
Pnliprp2,0.52822199,-0.163
Eno4,0.6388368,-0.1
LOC674623,0.97849948,0.007
4930442E04Rik,0.97917994,-0.006
Kcnk18,0.85663232,0.042
Slc18a2,0.41609909,-0.176
Rps12,0.91559211,0.022
Emx2,0.99303519,0.002
Affy_10464397,0.26019448,0.162
E330013P04Rik,0.70123682,0.077
D19Ertd737e,0.60466107,-0.122
Nanos1,0.1274372,-0.343
Gm10751,0.097694808,-0.333
Fam45a,0.99170425,0.002
Grk5,0.25181136,0.59
LOC100045278,0.51139435,-0.136
Gm5521,0.50479654,0.268
Gm6020,0.96176714,0.011
Affy_10464450,0.35132266,-0.184
Ighmbp2,0.54777625,-0.091
Rpl7a,0.49525385,0.082
Gal,0.75138211,-0.057
Ppp6r3,0.81411097,0.025
Lrp5,0.79872916,-0.045
Tcirg1,0.49861006,-0.17
Ndufs8,0.44525135,-0.135
Aldh3b1,0.95710101,0.014
4833408A19Rik,0.55255516,0.135
Ndufv1,0.75975767,-0.057
Gstp1,0.27452318,-0.565
Gstp2,0.36706899,-0.533
BC021614,0.5080814,-0.316
ENSMUSG00000070251,0.64041335,0.142
Aip,0.13321757,0.262
Cabp4,0.95028922,0.019
Rps6kb2,0.33781947,0.095
Carns1,0.56296185,-0.096
Tbc1d10c,0.77227819,0.056
Rad9,0.84773738,-0.029
Ssh3,0.81283966,-0.043
Ankrd13d,0.20517473,-0.244
Adrbk1,0.49199874,0.133
Kdm2a,0.90156094,-0.017
Rhod,0.33320713,0.203
Syt12,0.57946156,0.105
2010003K11Rik,0.56423041,0.446
Lrfn4,0.11142726,-0.42
Rce1,0.72087546,-0.057
Gm960,0.5872542,-0.061
Sptbn2,0.80625444,0.049
Rbm4,0.78926433,-0.048
Rbm14,0.61720801,-0.106
Ccs,0.23174435,0.515
Actn3,0.7711471,0.057
Bbs1,0.60587072,0.094
Dpp3,0.61107358,0.059
Peli3,0.64608795,0.084
Npas4,0.79864428,-0.042
Tmem151a,0.3040327,-0.246
Cnih2,0.70680657,0.061
Rab1b,0.85943263,0.034
Klc2,0.64297399,-0.081
Pacs1,0.86040977,-0.037
Sf3b2,0.31856107,0.166
Affy_10464997,0.93497249,0.02
Cst6,0.16072029,-0.373
Banf1,0.67013096,0.093
Sart1,0.28855089,0.164
Tsga10ip,0.26726054,-0.239
Tsga10ip,0.4891307,0.157
Drap1,0.30485524,0.137
Ccdc85b,0.097072725,-0.252
Ctsw,0.59895054,0.138
Mus81,0.90049603,-0.025
Snx32,0.2257469,0.251
1700020D05Rik,0.94855227,-0.011
Ovol1,0.61483479,-0.132
Kat5,0.1732129,0.219
Sipa1,0.64797152,0.092
Pcnxl3,0.42110203,-0.158
Ehbp1l1,0.55527931,0.111
Mtvr2,0.96484517,-0.01
Sssca1,0.88090447,0.028
Sssca1,0.98319777,0.004
Gm10815,0.97601839,0.008
Scyl1,0.43241308,0.109
Malat1,0.3907176,-0.315
Frmd8,0.46150954,-0.131
Tigd3,0.22590348,-0.268
Dpf2,0.83561643,-0.025
Cdc42ep2,0.71781052,-0.06
Pola2,0.49892447,0.127
Slc22a20,0.93190618,0.021
Capn1,0.81197205,0.05
Mrpl49,0.4483557,0.132
Tm7sf2,0.38729247,-0.327
C11orf2,0.55259874,-0.11
Zfpl1,0.83363544,0.035
Sac3d1,0.42543655,-0.123
Snx15,0.44567792,0.138
Arl2,0.51304229,-0.089
Ppp2r5b,0.52693292,0.115
Slc22a12,0.045555644,-0.369
Nrnx2,0.47808423,-0.126
Rps6ka4,0.91938614,-0.016
Ccdc88b,0.41760905,-0.179
Prdx5,0.68410514,0.106
Esrra,0.71466516,-0.082
C11orf20,0.14935357,-0.333
Kcnk4,0.12401259,-0.389
Gpr137,0.16927524,-0.248
Plcb3,0.84928607,0.03
Fkbp2,0.45576831,0.189
Vegfb,0.79262555,0.061
Dnajc4,0.60708927,0.08
Nudt22,0.7543342,0.05
Fermt3,0.94695234,0.017
Stip1,0.77390161,0.081
Flrt1,0.077781089,-0.325
Otub1,0.6189561,-0.089
Cox8a,0.37883443,-0.161
Naa40,0.18872155,-0.206
Mark2,0.48134248,-0.127
Mark2,0.90461756,-0.019
AI846148,0.085693191,-0.374
Rab11b,0.61494198,-0.049
Rtn3,0.88335981,0.031
Lgals12,0.29517217,-0.249
Slc22a19,0.34675266,-0.16
BC014805,0.54336564,0.367
AB056442,0.81910037,0.217
Gm6192,0.2701595,0.27
Slc22a30,0.023369901,-0.998
D630002G06Rik,0.78007327,-0.132
Slc22a30,0.006877677,-1.46
Affy_10465770,0.67445644,-0.06
Slc3a2,0.12815534,-0.348
Tmem179b,0.83811584,0.038
Taf6l,0.20434927,0.174
Polr2g,0.22301411,0.201
Ttc9c,0.16709073,0.39
Gng3,0.29338566,0.186
AI462493,0.54310152,-0.11
5730408K05Rik,0.8237768,-0.104
Rom1,0.61761151,0.11
Mta2,0.23322988,-0.196
Scgb1a1,0.58295058,0.091
Asrgl1,0.75472491,-0.067
Stxbp3b,0.39785165,0.18
Affy_10465857,0.90516317,-0.028
Incenp,0.96579802,0.01
Best1,0.41008324,0.13
Fads2,0.97348034,-0.009
Affy_10465910,0.16298077,-0.302
Fen1,0.021120761,0.479
Myrf,0.31318308,-0.136
Dagla,0.9461552,0.015
Lrrc10b,0.067718143,-0.462
4930579J09Rik,0.12296735,-0.31
Sdhaf2,0.90035373,0.018
Tmem216,0.74897545,-0.052
Tmem138,0.77466522,-0.07
Dak,0.49191219,0.233
Pga5,0.019737643,-0.359
Cd5,0.22805123,-0.261
Cd6,0.41472142,-0.155
Gm10802,0.97669678,-0.006
Tmem132a,0.39329665,-0.143
Tmem109,0.49988932,0.15
Zp1,0.20065543,-0.275
Ccdc86,0.21917673,-0.158
Ms4a10,0.19952682,-0.402
Ms4a15,0.10097507,-0.373
AW112010,0.43289304,0.354
Ms4a8a,0.29831699,0.342
1700017D01Rik,0.52647172,-0.077
1700025F22Rik,0.047839905,-0.203
Ms4a13,0.18478529,-0.256
Ms4a12,0.37355106,-0.254
Ms4a1,0.13268023,0.367
Ms4a5,0.12058654,-0.316
Ms4a14,0.67146432,0.183
Ms4a7,0.54834735,0.498
Ms4a6d,0.43612773,0.678
Ms4a2,0.83608606,0.034
Ms4a3,0.8706753,0.037
Plac1l,0.48161331,-0.139
Oosp1,0.84757917,0.031
Stx3,0.84765225,0.031
Stx3,0.69773137,-0.098
Olfr1418,0.3460417,-0.306
Affy_10466270,0.67553239,-0.094
Olfr1419,0.52374942,-0.148
Olfr1419,0.57759422,-0.12
Olfr1423,0.56377247,0.118
Olfr1424,0.57192697,-0.118
Olfr1425,0.59518558,-0.122
Olfr1426,0.52694738,-0.122
Olfr1427,0.11408452,-0.345
Olfr1428,0.29820427,-0.243
Olfr76,0.82902592,0.054
Olfr1429-ps1,0.88952265,0.026
Olfr1429-ps1,0.96331928,0.009
Olfr262,0.7854543,0.044
Olfr1436,0.83411273,-0.051
Olfr1437,0.72568511,0.074
Affy_10466302,0.48981471,-0.138
Dtx4,0.81313276,0.057
Gm6545,0.9005833,0.048
Zfp91-Cntf,0.73838848,0.049
Olfr1446,0.20779013,0.183
Olfr1447,0.79226082,0.045
Olfr1448,0.72044139,-0.064
Olfr1453,0.354864,-0.18
Affy_10466344,0.1056282,-0.364
Olfr1457,0.81318222,-0.045
Olfr1458,0.33105767,0.176
Olfr1459,0.59957689,-0.159
Affy_10466353,0.59565831,0.15
Olfr1465,0.2921908,0.224
Olfr1472,0.17319348,0.257
Olfr1475,0.33979533,-0.218
Olfr1497,0.08483052,-0.376
Affy_10466363,0.45008338,-0.131
Olfr1499,0.21702594,0.194
Olfr1500,0.31610657,-0.153
Olfr1501,0.60376171,0.08
Olfr1504,0.4158134,0.129
Tle4,0.84739017,-0.051
Affy_10466400,0.23119877,-0.166
Eif4a1,0.56147047,-0.094
Affy_10466404,0.1328349,-0.226
Affy_10466406,0.65940181,-0.101
Psat1,0.10596574,-0.288
Cep78,0.6913562,-0.092
Pebp1,0.23882534,-0.916
Vps13a,0.48684098,0.152
Foxb2,0.32976411,-0.275
Gcnt1,0.88375543,0.042
Rfk,0.3095281,-0.226
Pcsk5,0.12521922,0.443
Affy_10466571,0.88141314,0.026
Ostf1,0.24711311,0.245
Rorb,0.52462323,0.146
Affy_10466604,0.83851741,-0.054
Anxa1,0.65064907,0.139
Gm6684,0.17585591,0.316
C730037M02Rik,0.57813258,0.166
Aldh1a7,0.40212265,0.328
Tmc1,0.11149362,-0.208
Gda,0.80655413,-0.076
1110059E24Rik,0.8177363,-0.053
Klf9,0.078970783,0.534
Smc5,0.96045024,-0.013
Mamdc2,0.413705,0.208
1700028P14Rik,0.95931441,0.01
Fam189a2,0.76502335,-0.061
Tjp2,0.44330862,0.11
Fxn,0.24920424,0.378
Pip5k1b,0.37836763,-0.15
Fam122a,0.84647611,0.052
E860004J03Rik,0.71158433,-0.076
Pgm5,0.24685883,-0.638
Foxd4,0.42725557,-0.172
Cbwd1,0.73665049,-0.123
Snora19,0.28126678,0.268
Affy_10466837,0.85048657,-0.046
Gm5516,0.94153941,-0.028
Affy_10466841,0.63108842,0.084
Gapdh,0.96808319,0.006
Affy_10466846,0.16411816,0.193
D19Bwg1357e,0.64584213,0.09
Rfx3,0.28201896,0.157
Affy_10466886,0.24589648,-0.238
Glis3,0.28080703,-0.201
Gm5623,0.7634783,0.137
4430402I18Rik,0.97133631,-0.01
Slc1a1,0.075025518,-0.36
Gm10136,0.17191349,0.432
Ak3,0.6529493,-0.06
Insl6,0.56619302,-0.104
Rln1,0.018463433,-0.553
Plgrkt,0.21471793,0.431
Ermp1,0.58078078,0.23
Kiaa2026,0.30985613,0.206
Gm9832,0.94016414,-0.013
Ranbp6,0.22459134,0.29
Gldc,0.76259261,0.062
Affy_10467001,0.22215541,-0.321
Gm5972,0.42347521,0.191
Dkk1,0.216556,-0.293
Prkg1,0.84899587,0.034
Gm6642,0.86444547,-0.043
Asah2,0.099865971,-0.538
Sgms1,0.86520504,-0.034
Affy_10467083,0.28159381,-0.245
Rpl9,0.21193222,-0.151
Atad1,0.62996311,0.096
Rnls,0.17381409,-0.439
Lipo1,0.51904996,0.313
Ankrd22,0.76296684,-0.054
Acta2,0.43734838,-0.302
Affy_10467134,0.17201261,-0.236
Ch25h,0.84589691,-0.058
Lipa,0.32031726,0.209
2010002M12Rik,0.94967932,0.012
Slc16a12,0.42021165,-0.261
Pank1,0.47476621,-0.165
mir-107,0.35448311,0.39
A830019P07Rik,0.55626386,-0.116
Htr7,0.40361444,-0.152
Ankrd1,0.55838692,-0.162
Pcgf5,0.2943497,-0.312
Ppp1r3c,0.34005464,0.375
Fgfbp3,1,0
Cpeb3,0.67171811,-0.076
Ide,0.92796971,-0.011
Rpl10,0.23091626,-0.153
Myof,0.68675563,0.144
I830134H01Rik,0.29010453,-0.179
Rbp4,0.75794188,-0.03
Fra10ac1,0.046295414,0.556
Gm9886,0.38571172,-0.262
Noc3l,0.50217805,0.155
Ctdspl2,0.24805127,0.23
Cyp2c38,0.016075865,2.689
Cyp2c67,0.68398892,-0.207
Cyp2c68,0.16531693,1.78
Cyp2c40,0.76061516,-0.139
Cyp2c54,0.97898794,0.022
Cyp2c70,0.31643339,-0.59
Pdlim1,0.27227535,0.529
Sorbs1,0.82877225,-0.043
3010085J16Rik,0.1029504,-0.31
Aldh18a1,0.26720436,0.257
Ptp4a1,0.93233013,0.024
Tctn3,0.19931086,-0.225
Blnk,0.58362378,-0.252
Opalin,0.97333419,-0.006
Tll2,0.55528565,-0.111
Tm9sf3,0.040788257,-0.354
Pik3ap1,0.2363537,-0.388
Slit1,0.61117095,-0.115
Arhgap19,0.16292685,0.185
Frat2,0.97355476,-0.007
Rrp12,0.79824993,-0.05
Exosc1,0.7911476,0.042
Mms19,0.42060561,0.14
Morn4,0.097748947,-0.313
Avpi1,0.14252471,0.386
Sfrp5,0.64711943,-0.126
Crtac1,0.18857382,-0.269
Loxl4,0.021816538,0.972
Loxl4,0.30371488,0.542
Pyroxd2,0.79094312,-0.108
Hps1,0.634425,-0.069
Hpse2,0.3569914,-0.176
Affy_10467838,0.77220455,0.066
C130021O09Rik,0.47299392,0.139
Got1,0.11019602,0.874
Slc25a28,0.87702296,0.024
Cox15,0.60476248,0.087
Dnmbp,0.16071064,0.266
Cpn1,0.15451874,-0.372
Cyp2c44,0.28008243,1.83
Erlin1,0.40131165,-0.343
Chuk,0.80912858,-0.037
Cwf19l1,0.51609103,0.164
Bloc1s2,0.79557529,0.048
Pkd2l1,0.93882058,-0.021
Scd1,9.91368E-05,1.195
Sec31b,0.47022446,-0.154
Ndufb8,0.56639071,0.141
Mrpl43,0.6215965,-0.052
Pdzd7,0.65922772,-0.118
Affy_10468037,0.28961017,-0.29
Lbx1,0.30175352,-0.196
Poll,0.47362779,0.128
Fbxw4,0.42086873,-0.136
Fgf8,0.20495628,-0.285
Npm3,0.20351892,0.201
Mgea5,0.60326176,-0.072
Kcnip2,0.87330789,-0.023
9130011E15Rik,0.27353776,0.206
Ldb1,0.43732456,-0.174
Pitx3,0.50327151,-0.156
Psd,0.61505269,-0.098
Cuedc2,0.35544321,0.182
2310034G01Rik,0.21841912,-0.292
Actr1a,0.2869994,0.158
Trim8,0.75987696,0.061
Arl3,0.45189164,0.157
Cyp17a1,0.41464447,1.534
Cnnm2,0.33732372,-0.233
Affy_10468251,0.22153679,-0.2
Nt5c2,0.81872178,-0.058
Pcgf6,0.067137554,-0.553
Usmg5,0.69231604,0.08
Pdcd11,0.61963793,0.152
Calhm2,0.79198871,-0.055
Calhm1,0.36011406,-0.201
Calhm3,0.29710037,-0.241
Gm6970,0.27369253,-0.247
2310014D11Rik,0.23938324,0.322
Sh3pxd2a,0.56396522,0.132
Obfc1,0.77352378,0.058
Col17a1,0.15127098,-0.341
D19Ertd652e,0.9520773,0.012
D19Ertd652e,0.2106178,-0.412
D19Ertd652e,0.28576257,0.25
D19Ertd652e,0.087527191,-0.255
D19Ertd652e,0.20156735,-0.311
Itprip,0.73779129,-0.049
Affy_10468448,0.90197479,-0.029
Rpl13a-ps1,0.080983255,-0.38
Sorcs1,0.71921566,-0.074
Affy_10468485,0.73643454,-0.049
LOC280487,0.17746195,2.12
Xpnpep1,0.87130536,-0.026
1700001K23Rik,0.35005216,-0.158
Mxi1,0.97137318,-0.01
Smndc1,0.44299544,0.14
Gm10758,0.35985094,-0.222
5830416P10Rik,0.9425961,-0.016
Nutf2,0.91281761,0.024
Gpam,0.31417695,0.373
Gm10755,0.86618689,-0.032
Gucy2g,0.33545504,-0.173
Zdhhc6,0.1124739,-0.227
Nrap,0.60106348,-0.082
Dclre1a,0.76680878,-0.06
Gm6990,0.98638085,0.003
A630007B06Rik,0.80155844,0.052
Afap1l2,0.074302155,-0.342
Ablim1,0.913661,-0.041
Gfra1,0.98716328,0.006
1700019N19Rik,0.11189911,-0.395
Hspa12a,0.74905445,0.059
4930506M07Rik,0.58448932,0.152
Vax1,0.20478937,-0.298
Pdzd8,0.69400688,-0.063
Rab11fip2,0.31201689,0.508
D19Ertd737e,0.4619016,0.152
Prlhr,0.34169445,-0.167
Cacul1,0.35576223,0.317
Eif3a,0.68659586,-0.06
Snora19,0.28126678,0.268
Sfxn4,0.91479678,-0.02
Prdx3,0.77435411,0.064
Affy_10468877,0.15136446,-1.897
Affy_10468879,0.16846783,0.271
Zfp826,0.12205994,0.631
Zfp826,0.035934837,0.628
Affy_10468889,0.41681711,0.158
Gm7102,0.090966694,-0.458
Csf2ra,0.66047068,0.102
Lax1,0.023846542,-0.513
Affy_10468907,0.018360215,-0.542
Disp1,0.15555838,-0.269
Fam171a1,0.92680915,-0.016
Nmt2,0.47473431,0.182
Acbd7,0.014821395,-0.398
Dclre1c,0.71300907,0.074
Phxr1,0.25257742,-0.237
Cdnf,0.8871896,-0.035
Fam107b,0.39879288,0.196
Affy_10468988,0.50199511,0.174
Parl,0.037529746,0.458
Frmd4a,0.82305033,0.044
Gm10862,0.22918027,-0.278
Bend7,0.70389532,-0.079
Sephs1,0.95068562,-0.01
Phyh,0.089335549,-0.209
Gm13194,0.25446367,0.374
Ucma,0.48024199,-0.165
Ccdc3,0.93168456,-0.033
Nudt5,0.8382051,-0.036
Gm10859,0.91384673,-0.026
Upf2,0.90380698,-0.026
Gm10857,0.92109355,-0.018
Usp6nl,0.2314185,0.315
LOC280487,0.17746195,2.12
4930412O13Rik,0.19955928,-0.262
Affy_10469135,0.39143433,-0.304
4930412O13Rik,0.13095792,-0.357
Affy_10469140,0.12342122,0.297
Taf3,0.99166691,0.002
Kin,0.91415876,0.022
Itih5,0.57615124,0.272
Sfmbt2,0.032939422,-0.348
mir-669b,0.74931418,-0.064
mir-669a-1,0.6001876,0.058
mir-467a,0.75354884,0.044
mir-669a-1,0.6001876,0.058
mir-467a,0.75354884,0.044
mir-669a-1,0.6001876,0.058
mir-467a,0.75354884,0.044
mir-669a-1,0.6001876,0.058
mir-669a-1,0.6001876,0.058
mir-467a,0.75354884,0.044
mir-669a-1,0.6001876,0.058
mir-467a,0.75354884,0.044
mir-669a-1,0.6001876,0.058
mir-467a,0.75354884,0.044
mir-669a-1,0.6001876,0.058
mir-467a,0.75354884,0.044
mir-467a,0.75354884,0.044
mir-669a-1,0.6001876,0.058
Mir467a-1,0.75354884,0.044
mir-669a-1,0.6001876,0.058
mir-669a-1,0.6001876,0.058
mir-466a,0.98897153,-0.002
mir-669c,0.97101335,0.007
mir-669a-1,0.6001876,0.058
mir-297b,0.79981871,-0.067
mir-669a-1,0.6001876,0.058
Gm10852,0.92112631,0.02
Affy_10469250,0.67407075,0.071
Prkcq,0.25025951,0.22
Gm10851,0.20440843,-0.22
Il2ra,0.80105652,-0.045
Il15ra,0.050861086,-0.404
Ankrd16,0.76798037,0.045
Pter,0.56829985,-0.169
Gm9875,0.63348384,-0.091
Vim,0.3629196,0.402
Stam,0.47502445,0.084
Fam23a,0.004595455,-0.563
Mrc1,0.61167887,0.106
Slc39a12,0.51589667,-0.097
Cacnb2,0.45399383,-0.128
Arl5b,0.12987949,-0.298
Affy_10469433,0.75311802,0.067
Affy_10469436,0.98759164,0.002
Affy_10469453,0.66914959,0.079
Plxdc2,0.83071121,0.066
Mllt10,0.82560489,-0.03
Affy_10469503,0.78817206,-0.06
Commd3,0.25327065,0.209
Bmi1,0.64268114,-0.095
BC061194,0.37664494,-0.264
Affy_10469536,0.053056352,0.309
4930426L09Rik,0.5927995,-0.154
Armc3,0.6775775,0.07
Msrb2,0.27159923,-0.198
Ptf1a,0.69398946,-0.071
1810010K12Rik,0.14804238,-0.364
Otud1,0.46071354,-0.297
Affy_10469573,0.85989002,-0.035
Gm13363,0.86069958,0.052
Gm16495,0.4627792,-0.19
Affy_10469579,0.88741478,0.037
Etl4,0.97641376,0.006
Gm13375,0.35736283,-0.464
C130046B21Rik,0.14385967,-0.376
Thnsl1,0.75604007,0.057
Gpr158,0.89027317,0.024
Gm10846,0.84905883,-0.03
Myo3a,0.59462088,-0.076
Gad2,0.91845765,0.018
1700092C17Rik,0.66932658,0.085
Apbb1ip,0.12259775,0.45
Pdss1,0.94309847,-0.014
Acbd5,0.36891476,-0.19
Yme1l1,0.56481853,-0.093
4931423N10Rik,0.41008067,0.1
Nxph2,0.58150349,-0.097
Ube2d3,0.10500125,-0.198
Il1f8,0.77867607,-0.061
Gm13410,0.80265852,-0.046
Il1f9,0.30986954,0.178
Il1f6,0.7344035,0.061
Il1f5,0.8099758,0.033
Il1f10,0.6019334,0.105
Il1rn,0.51068654,0.252
Psd4,0.63702815,0.117
Zmynd19,0.50158445,0.195
Wdr85,0.31745234,0.209
Pnpla7,0.76803096,-0.062
Rpl21,0.92129838,-0.011
Nsmf,0.75606538,0.062
Entpd8,0.96008895,0.01
Nrarp,0.48628063,0.163
Affy_10469941,0.89083575,-0.025
Fam166a,0.58896108,0.095
Rnf208,0.7297947,-0.082
Tmem203,0.33000843,-0.24
Tprn,0.58912036,-0.094
Anapc2,0.80454605,0.04
Tmem210,0.43047045,-0.205
Lrrc26,0.77281732,-0.063
Man1b1,0.78991971,-0.051
C9orf140,0.29672668,-0.253
Entpd2,0.051768438,0.309
Npdc1,0.48001209,0.165
Fut7,0.30986888,-0.209
Abca2,0.58069272,0.199
Clic3,0.26840039,0.21
Fbxw5,0.87131629,-0.02
Edf1,0.8186671,0.036
Fcna,0.65751893,0.098
Affy_10470135,0.38457526,0.185
Lcn8,1,0
Lcn5,0.94230595,-0.012
Lcn6,0.85565896,0.048
Lcn10,0.075370788,-0.36
Lcn13,0.019491487,-4.809
Bmyc,0.14508346,-0.643
Lcn14,0.23747995,-0.221
Lcn3,0.11017264,-0.29
Lcn11,0.12764474,-0.338
Lcn9,0.87751543,-0.034
Kcnt1,0.32208707,0.198
Gpsm1,0.22408058,-0.227
Pmpca,0.38603291,-0.098
Egfl7,0.16407318,0.254
Mir126,0.26402359,0.286
Fam69b,0.18180982,-0.248
Rpl7a,0.90279797,-0.015
Affy_10470314,0.67610141,-0.146
Affy_10470316,0.20711337,0.276
Affy_10470318,0.91645347,0.036
Affy_10470320,0.84125258,0.089
Surf2,0.35595011,-0.154
Gm711,0.035680271,-0.251
Adamts13,0.96985012,0.007
Cacfd1,0.46840028,-0.104
Cacfd1,0.82374553,0.038
Gm13397,0.72690093,-0.067
Adamtsl2,0.44730452,0.361
Dbh,0.78966009,0.044
Wdr5,0.45951193,-0.104
Affy_10470444,0.61732761,0.108
Rxra,0.46833355,-0.1
Col5a1,0.60840487,-0.077
Olfm1,0.64775863,0.064
Gm347,0.96710616,-0.008
Mrps2,0.58101372,-0.07
Gbgt1,0.50770883,-0.189
Gm10134,0.74810819,-0.109
Ralgds,0.8215862,0.031
Tsc1,0.24620571,0.214
1190002A17Rik,0.73387168,-0.074
Ddx31,0.44054977,0.168
Affy_10470647,0.72280328,0.067
Ttf1,0.98138812,-0.003
Setx,0.42509478,0.166
Med27,0.77752117,0.05
Rapgef1,0.1926133,-0.188
Gm13547,0.75016005,-0.061
Coq4,0.65453009,0.095
Slc27a4,0.66178965,-0.087
Urm1,0.84318352,-0.041
Cercam,0.5478026,0.095
Odf2,0.51900613,0.101
Gle1,0.32578001,0.192
Spna2,0.29100924,0.195
Set,0.73574714,0.056
Set,0.42945777,0.201
Set,0.3912384,-0.142
Affy_10470909,0.34059842,-0.36
Affy_10470911,0.25959589,-0.359
Pkn3,0.22741594,-0.2
Tbc1d13,0.19901186,0.192
Slc39a1,0.19743631,0.211
Endog,0.77762635,0.051
Lrrc8a,0.84075107,0.033
Phyhd1,0.6514577,-0.061
Nup188,0.73632799,-0.04
Fam73b,0.52001662,0.129
Dolpp1,0.27066295,-0.158
Ppp2r4,0.13745417,0.286
Cstad,0.99658849,0.001
Mettl11a,0.25914855,-0.222
Prrx2,0.75660932,-0.081
Tor1b,0.77695185,-0.07
Usp20,0.70594143,-0.06
Gpr107,0.78576478,-0.065
Ncs1,0.16398632,-0.274
Hmcn2,0.44149677,-0.134
Ass1,0.78677405,0.058
Fubp3,0.75118483,-0.039
Exosc2,0.5102164,0.114
Abl1,0.38373108,0.13
Lamc3,0.89772281,-0.023
Aif1l,0.93828158,0.014
Nup214,0.30591951,0.163
Ppapdc3,0.89888013,-0.024
Prrc2b,0.27470702,-0.138
Affy_10471333,0.71938966,-0.066
Affy_10471335,0.71938966,-0.066
Pomt1,0.12544398,0.374
Rpl36,0.37614455,-0.135
Golga2,0.82718292,-0.035
mir-199b,0.68503819,-0.07
Ciz1,0.65567616,0.055
Ptges2,0.10503943,-0.263
Naif1,0.12940023,0.248
Fam102a,0.609732,-0.15
Dpm2,0.25539961,0.18
Pip5kl1,0.4977137,-0.151
St6galnac4,0.15177333,-0.541
St6galnac6,0.79112325,-0.044
Ak1,0.13738208,-0.269
Eng,0.53211407,0.121
Taf1d,0.13222003,0.31
Sh2d3c,0.022593972,0.342
Tor2a,0.33944264,-0.168
Ptrh1,0.24751179,-0.244
Affy_10471533,0.89437515,-0.026
Fam129b,0.66610353,0.135
Rpl12,0.73736448,0.105
Angptl2,0.89534986,-0.03
C130021I20Rik,0.92332835,0.023
C130021I20Rik,0.069418354,-0.368
Affy_10471569,0.24046673,-0.3
Mapkap1,0.61614237,-0.064
Hspa5,0.6844058,-0.14
Gm6422,0.15029669,-0.386
D730039F16Rik,0.11010213,0.472
Cep110,0.54358441,0.096
Gsn,0.21522366,0.227
Glo1,0.24764403,-0.624
Dab2ip,0.80071219,0.038
Gm10829,0.8998916,0.019
Morn5,0.87703674,0.024
Mrrf,0.33424989,-0.19
Ptgs1,0.32371846,0.349
Olfr335-ps,0.2839526,0.189
Affy_10471737,0.39384173,-0.184
Olfr338,0.74286711,-0.075
Olfr339,0.16195106,-0.303
Olfr340,0.9057094,0.022
Olfr342,0.2948037,0.174
Olfr344,0.76221093,-0.078
Olfr345,0.50088832,-0.177
Olfr346,0.11187702,-0.222
Olfr347,0.28048575,-0.163
Olfr348,0.4808311,0.122
Olfr50,0.36499012,-0.203
Olfr350,0.56795738,-0.113
Olfr352,0.92704998,-0.019
Olfr354,0.029430185,-0.507
Affy_10471766,0.81298227,-0.051
Olfr356,0.77586504,0.073
Olfr357,0.15925269,-0.296
Olfr360,0.31326198,-0.209
Olfr365,0.26103673,-0.292
Olfr365,0.21210477,-0.188
Olfr366,0.74827114,-0.052
Olfr367-ps,0.9520422,0.015
Olfr368,0.97201744,-0.008
Rabgap1,0.60771827,0.062
Gpr21,0.88373632,-0.042
Crb2,0.9318668,0.02
Lhx2,0.97867585,0.005
Affy_10471840,0.56441491,0.093
Affy_10471842,0.1285591,-0.415
Nek6,0.41085434,0.137
Affy_10471858,0.97671728,-0.004
Mir181a-2,0.63230151,-0.103
mir-181b-2,0.78488432,-0.067
Olfml2a,0.24539873,-0.281
Wdr38,0.2272723,-0.271
Arpc5l,0.42456232,0.14
Affy_10471909,0.76294677,-0.086
Kynu,0.99583537,0.001
Arhgap15,0.37470837,0.316
Zeb2,0.5234171,-0.17
Affy_10471949,0.68502498,0.085
Affy_10471951,0.66162681,-0.115
Acvr2a,0.762222,-0.054
Mbd5,0.53692059,0.136
Epc2,0.32516454,0.18
Kif5c,0.0882654,-0.364
Lypd6b,0.78301595,-0.042
Lypd6,0.61382378,-0.07
Gm13498,0.51612736,0.138
Gm13498,0.089271445,-0.328
Affy_10472044,0.53444923,0.091
Tas2r134,0.91743941,-0.018
Tnfaip6,0.77880638,-0.072
Rif1,0.55439766,0.161
Bloc1s2,0.69078185,-0.06
Fmnl2,0.14378994,0.482
Arl6ip6,0.82902753,0.082
Affy_10472134,0.27347361,-0.273
Galnt13,0.58914988,-0.072
Affy_10472153,0.77870681,0.063
Kcnj3,0.34336265,-0.172
Gpd2,0.3085213,-0.424
Galnt5,0.32784334,-0.148
Nudt15,0.31183015,-0.153
Rpl29,0.3309902,-0.21
Upp2,0.41440349,-0.552
Pkp4,0.082107604,-0.276
Dapl1,0.33843284,-0.213
Tanc1,0.66428416,-0.06
Affy_10472275,0.67839561,-0.118
07-Mar,0.92468726,-0.017
Tank,0.88868426,0.031
Psmd14,0.58197389,0.105
Tbr1,0.92127099,-0.021
Slc4a10,0.44226724,-0.175
Gca,0.73255894,0.133
Affy_10472361,0.53812606,0.108
Scn2a1,0.40563037,-0.168
Scn2a1,0.27800231,-0.226
Scn2a1,0.58822931,-0.07
Scn2a1,0.95514371,-0.009
Scn2a1,0.41015191,0.117
Scn9a,0.98077737,0.004
Scn2a1,0.26217702,0.272
Scn2a1,0.90512823,-0.057
Scn2a1,0.21911278,-0.27
Scn2a1,0.50380973,-0.147
Scn2a1,0.27283382,-0.266
Scn2a1,0.56283426,0.096
Scn2a1,0.94440102,-0.017
Scn2a1,0.72504463,0.07
Scn2a1,0.98855614,0.003
Scn2a1,0.00144868,-0.539
Csrnp3,0.75680123,0.063
Scn9a,0.83905761,0.058
Gm1322,0.91610512,0.021
Xirp2,0.31969137,0.189
B3galt1,0.59407842,-0.22
Tax1bp3,0.36937552,0.236
Gm1323,0.74764707,0.089
4933409G03Rik,0.48565274,-0.143
Affy_10472467,0.32518935,-0.233
4932414N04Rik,0.38759991,-0.159
Affy_10472499,0.80456433,-0.065
Lass6,0.022088839,0.9
Nostrin,0.70037361,0.102
G6pc2,0.95791874,-0.01
Dhrs9,0.50169916,0.45
Bbs5,0.064753908,0.314
Kbtbd10,0.50463891,-0.142
Ppig,0.86789891,-0.03
Rpl13,0.77344951,0.043
Phospho2,0.62714017,-0.078
Klhl23,0.53596539,-0.139
Ssb,0.85241695,0.037
Ubr3,0.81802348,-0.031
Ubr3,0.73859976,0.052
Myo3b,0.44192649,0.122
Rpl9,0.26234184,-0.147
Sp5,0.49183518,-0.154
4933404M02Rik,0.056581183,-0.25
Gad1,0.059413376,-0.354
Gorasp2,0.89399484,-0.016
Dcaf17,0.84020028,-0.031
Cybrd1,0.51490864,-0.157
Dync1i2,0.50577116,0.118
Hat1,0.12980664,0.405
Metap1d,0.76369381,-0.034
Dlx1,0.2852486,-0.249
Gm1631,0.73243819,-0.082
Itga6,0.70671171,-0.168
Pdk1,0.46724221,0.217
Rapgef4,0.63674661,-0.164
B230120H23Rik,0.023655599,0.45
Cdca7,0.44961555,-0.155
Ak4,0.24273097,-0.419
1700011J10Rik,0.12682026,0.275
Sp9,0.57042718,-0.136
Scrn3,0.8306264,-0.036
Gm10822,0.31467584,-0.167
Affy_10472944,0.47065121,0.137
Hoxd13,0.28867006,-0.212
Hoxd12,0.08349197,-0.482
Hoxd11,0.26659353,-0.266
Hoxd10,0.41257006,-0.192
Hoxd9,0.2811019,-0.168
Hoxd8,0.88996676,0.024
Hoxd4,0.54328771,-0.119
mir-10b,0.33706629,-0.192
Hoxd3,0.37880463,-0.159
Hoxd1,0.65899029,-0.086
Mtx2,0.50324401,0.106
Gm9104,0.84253721,-0.022
Hnrnpa3,0.82007198,0.06
Plp2,0.37762343,0.312
Agps,0.65682374,0.114
Rbm45,0.14796877,0.249
Osbpl6,0.21975883,-0.252
Dfnb59,0.32814535,-0.167
Plekha3,0.95700739,-0.007
Affy_10473107,0.69734018,-0.129
Gm14461,0.673088,-0.061
Ube2e3,0.19537222,0.22
Itga4,0.46456192,0.278
Gm9928,0.3509611,-0.15
Ssfa2,0.12986468,0.247
Ppp1r1c,0.30330874,-0.167
Prdx6-ps1,0.10500489,-0.319
Dnajc10,0.40616414,-0.364
Affy_10473217,0.57452921,-0.083
Affy_10473219,0.18437335,-0.284
Gm13688,0.17235677,0.305
Dusp19,0.51679674,0.148
Nup35,0.73241865,0.104
Eno1,0.37723407,0.248
Affy_10473242,0.99101964,-0.002
Zfp804a,0.66074106,0.096
Mrpl18,0.973564,0.01
LOC676070,0.83781964,-0.027
Fsip2,0.39113507,-0.176
Affy_10473258,0.45609574,-0.153
Fsip2,0.85757824,-0.046
Affy_10473270,0.1344405,-0.289
Zc3h15,0.71236897,0.05
Itgav,0.38816621,0.191
Fam171b,0.14319958,0.679
Cwc22,0.29317851,0.216
Cwc22,0.29317851,0.216
Cwc22,0.29317851,0.216
Cwc22,0.29317851,0.216
Cwc22,0.29317851,0.216
Cwc22,0.29317851,0.216
Cwc22,0.29317851,0.216
Med19,0.66725951,-0.072
Ypel4,0.90969354,-0.032
Ube2l6,0.74556475,0.112
Timm10,0.61080638,-0.108
Slc43a1,0.1685595,-0.734
Slc43a3,0.58217946,0.13
Prg2,0.45101946,-0.143
Prg3,0.94501255,-0.014
Ssrp1,0.27756438,0.164
Tnks1bp1,0.49217219,-0.204
Aplnr,0.52999732,-0.145
Olfr996,0.17001735,-0.292
Affy_10473448,0.24279544,0.192
Olfr998,0.037877435,-0.34
Affy_10473452,0.76819797,0.076
Olfr1008,0.77245764,-0.044
Olfr1009,0.76190483,0.078
Olfr1010,0.38625089,-0.17
Olfr1013,0.68692381,-0.091
Olfr1014,0.44839477,-0.141
Olfr1015,0.46242923,-0.174
Olfr1018,0.73489489,-0.062
Olfr1020,0.087201354,-0.344
Affy_10473471,0.39649697,0.198
Olfr1022,0.23165862,-0.215
Olfr1023,0.3869363,-0.119
Affy_10473477,0.55277504,-0.143
Olfr1026,0.87832617,0.032
Olfr1029,0.81969114,0.045
Olfr1029,0.56432857,0.485
Olfr1030,0.73828492,-0.12
Olfr1031,0.98167902,0.004
Olfr1032,0.46873504,0.21
Olfr1033,0.24505855,1.623
Olfr1034,0.21808441,2.205
Olfr1036,0.37739866,0.488
Olfr1038-ps,0.96468485,0.008
Olfr1052,0.44129931,-0.116
Olfr1076,0.84795356,-0.038
Olfr1093,0.83828534,-0.039
Olfr1094,0.37224998,-0.167
Olfr1102,0.17202425,-0.244
Olfr1112,0.14693156,-0.253
Olfr1113,0.97654535,0.006
Affy_10473517,0.74963804,-0.06
Olfr1115,0.57892567,-0.084
Olfr1116-ps,0.22977356,-0.267
Olfr1118-ps,0.6488573,-0.075
Olfr1118-ps,0.5789898,-0.08
Olfr1120,0.63828802,-0.086
Olfr1121,0.75203719,-0.065
Olfr1122,0.6761944,-0.075
Olfr1123,0.5312954,-0.12
Olfr1124,0.81080701,-0.04
Olfr1124,0.68347147,-0.082
Pramel6,0.12097655,-0.392
Srp9,0.13665051,-0.319
Olfr153,0.85614071,0.036
Olfr1129,0.20723474,-0.16
Olfr1126,0.46024795,-0.144
Olfr1131,0.46344167,-0.158
Olfr1140,0.71504688,-0.066
Olfr152,0.7744522,0.061
Olfr1143,0.98685882,0.003
Olfr1145,0.53011887,-0.124
Affy_10473568,0.17136418,-0.343
Olfr1148,0.72212389,-0.212
Affy_10473572,0.064492251,0.329
Olfr1151,0.84692881,0.033
Olfr1152,0.77519966,0.063
Olfr1153,0.60876115,-0.098
Olfr1158,0.56149245,0.136
Olfr1161,0.31070374,0.134
Affy_10473584,0.09824013,-0.33
Olfr1168,0.64709212,-0.064
Olfr1176,0.84123831,-0.04
Olfr1178,0.8262201,-0.047
Olfr1183,0.72151158,-0.07
Olfr1184,0.31466132,-0.146
Affy_10473596,0.83479858,-0.038
Olfr1186,0.35479178,0.163
Olfr1188,0.52407838,0.131
Olfr1189,0.60002538,-0.096
Affy_10473604,0.9785501,0.006
Affy_10473606,0.95777222,-0.012
Olfr1193,0.30612483,-0.258
Olfr1201,0.56211607,0.097
Olfr1202,0.66193849,-0.05
Olfr1203,0.54986267,-0.107
Olfr1204,0.66166796,0.112
Olfr1206,0.45152492,-0.167
Olfr1212,0.53558686,0.113
Olfr1255,0.47147381,0.13
Olfr1257,0.50655072,0.157
Olfr1258,0.25436983,-0.23
Olfr1260,0.33594334,-0.172
Olfr1261,0.33826017,-0.213
Olfr1262,0.27303731,0.238
Olfr1263,0.85671951,0.036
Olfr1265,0.79958279,-0.055
Olfr1506,0.74498305,-0.073
Olfr1274-ps,0.33139344,0.258
Nup160,0.98614766,-0.003
Fnbp4,0.26294267,-0.139
Agbl2,0.23748947,-0.231
Mtch2,0.79720966,0.034
C1qtnf4,0.51267916,-0.14
Kbtbd4,0.25663748,0.211
Celf1,0.32735969,-0.11
Celf1,0.30716404,0.217
Rapsn,0.36374304,-0.234
Psmc3,0.65910324,0.082
Sfpi1,0.39386525,0.496
Mybpc3,0.58614777,-0.128
Acp2,0.64243217,-0.082
Pacsin3,0.5362017,-0.097
Arfgap2,0.38146899,0.149
Lrp4,0.97891466,0.005
Ckap5,0.026106124,0.321
Arhgap1,0.4316409,0.18
Harbi1,0.43306873,-0.134
Ambra1,0.66465931,0.06
Chrm4,0.95137019,-0.016
Dgkz,0.70305877,-0.087
Phf21a,0.25897194,0.194
Pex16,0.71748256,-0.067
1700029I15Rik,0.7385068,-0.052
Chst1,0.65561451,-0.116
Syt13,0.20388149,-0.281
4631405J19Rik,0.21200285,-0.307
Trp53i11,0.390441,0.217
Affy_10474073,0.97378525,0.008
Gm10804,0.60960405,-0.194
Gm10803,0.53568556,-0.138
Alx4,0.3762255,-0.18
4921507L20Rik,0.067729396,-0.376
2810002D19Rik,0.5124972,0.144
Lrrc4c,0.38588796,-0.236
Affy_10474102,0.94631478,0.01
Rag2,0.27990342,-0.222
Traf6,0.42002747,-0.108
Commd9,0.68037047,-0.078
Pamr1,0.12548982,0.459
Slc1a2,0.37638819,-0.364
Apip,0.25954863,0.383
Affy_10474169,0.475731,-0.14
Elf5,0.67923638,-0.096
Abtb2,0.34182077,0.265
Affy_10474199,0.71496632,0.055
Lmo2,0.23037116,-0.336
Fbxo3,0.36966718,0.167
Gm10912,0.93703259,-0.018
Cd59b,0.69010908,0.128
Cd59a,0.69426561,-0.092
A930018P22Rik,0.29164492,0.182
Gapdh,0.65246884,0.073
Affy_10474241,0.88023195,-0.044
Cstf3,0.60111142,-0.129
Gm6306,0.20179382,-0.257
Gm6306,0.58267764,-0.156
Ccdc73,0.263294,-0.132
Wt1,0.81798737,-0.052
0610012H03Rik,0.97696751,0.012
Pax6,0.82872668,-0.047
Elp4,0.39438253,0.21
Immp1l,0.039993134,0.624
Gm10795,0.80010833,-0.038
Dcdc5,0.46665238,-0.238
Dcdc5,0.24046003,-0.286
Mpped2,0.30424538,-0.45
C130023O10Rik,0.18362696,-0.282
Gm16488,0.19155799,-0.28
Kcna4,0.31606646,-0.232
Affy_10474377,0.28906021,-0.144
Hadhb,0.93107754,-0.024
Kif18a,0.60577358,0.128
Bdnf,0.17176364,-0.227
Lin7c,0.84898034,0.032
Lgr4,0.66937891,-0.074
Ccdc34,0.67449508,-0.104
Affy_10474448,0.58728163,0.09
Slc5a12,0.28267319,-0.204
Muc15,0.76820675,-0.054
Gm13961,0.79423083,-0.056
Olfr1276,0.18218315,-0.273
Olfr1278,0.34558928,-0.228
Olfr1279,0.98758592,-0.004
Olfr1280,0.89543736,0.017
Olfr1281,0.90704944,-0.028
Olfr1283,0.97598214,0.006
Olfr1284,0.74061998,-0.064
Olfr1285,0.32138288,0.225
Olfr1287,0.31056307,0.161
Olfr1288,0.69495997,-0.074
Olfr1289,0.87897159,0.03
Olfr1289,0.9170133,-0.019
Olfr1293,0.59734194,-0.121
Olfr1299,0.44282355,-0.147
Olfr1300-ps1,0.8403296,-0.051
Olfr1301,0.82479667,-0.042
Olfr1302,0.95439297,0.013
Affy_10474518,0.44850078,-0.182
Tdh,0.16923805,-0.309
Olfr1317,0.060031626,0.336
Olfr1318,0.57256883,0.092
Lpcat4,0.54084207,-0.146
Nop10,0.43312083,0.158
Slc12a6,0.38829554,0.164
Slc12a6,0.18755742,-0.228
Slc12a6,0.059330412,-0.25
Katnbl1,0.82249503,0.05
2900064A13Rik,0.53811383,-0.078
Aven,0.72436313,0.064
Tmco5b,0.58525237,0.118
Fmn1,0.56981546,-0.21
BC052040,0.5131062,0.13
Tmco5,0.31183938,-0.184
Rpl27a,0.48796414,-0.104
Spred1,0.8750849,-0.046
mir-674,0.32864965,-0.254
Affy_10474685,0.24163581,0.171
Affy_10474687,0.49301163,-0.214
Fam98b,0.59111533,0.098
Affy_10474698,0.8102648,-0.056
Thbs1,0.35333546,0.343
Eif2ak4,0.032450323,0.383
Bub1b,0.81314184,0.037
Pak6,0.79507039,-0.068
Inafm2,0.70366763,0.068
Phgr1,0.36192337,0.176
Disp2,0.26986752,0.631
D2Ertd750e,0.23415911,0.336
Ivd,0.51874599,0.296
Bahd1,0.91076723,-0.02
Chst14,0.61374375,0.134
Gm14088,0.85723811,0.047
Rpusd2,0.28928724,-0.19
Casc5,0.72406035,0.101
Rad51,0.11361638,0.342
Gchfr,0.81620952,0.073
C15orf62,0.63461299,-0.115
Zfyve19,0.1534718,0.31
Spint1,0.9346767,0.015
Vps18,0.19305868,0.294
Dll4,0.59717738,0.088
Chac1,0.30586942,-0.304
Chp,0.24473389,0.64
Nusap1,0.22480234,0.322
Affy_10474998,0.58401387,0.159
Rtf1,0.90918042,0.02
Itpka,0.24158891,-0.335
Tyro3,0.32886634,-0.214
Mga,0.41819855,-0.164
Mapkbp1,0.83275243,0.039
Pla2g4b,0.36704491,-0.174
Capn3,0.096130202,-0.593
Snap23,0.70657118,0.114
Haus2,0.20956122,0.357
Affy_10475218,0.98723715,0.004
Stard9,0.077657609,0.386
Stard9,0.27096343,0.294
Ubr1,0.93911585,0.014
Tmem62,0.27817399,0.36
Affy_10475262,0.57160913,-0.177
Ccndbp1,0.25446394,0.188
Adal,0.77707319,-0.118
Tubgcp4,0.31619563,0.206
Mtap1a,0.61852373,0.099
Ckmt1,0.43282591,-0.182
Pdia3,0.55931237,-0.196
Serf2,0.51817887,0.198
2310003F16Rik,0.64057432,-0.074
Mrpl51,0.76584049,0.044
Wdr76,0.50940841,0.147
Casc4,0.10464158,0.753
Ctdspl2,0.65817054,0.11
Eif3j1,0.5425323,-0.109
B2m,0.83748659,-0.034
Trim69,0.16501405,-0.249
4933406J08Rik,0.29866408,-0.147
Rps12,0.72301668,0.079
Sord,0.77989747,0.082
Duoxa2,0.27182099,0.256
Duox1,0.69283198,-0.074
Slc28a2,0.14553265,0.298
Slc28a2,0.039508915,-0.332
Spata5l1,0.43086194,0.141
C15orf48,0.65882083,-0.078
Pldn,0.20082922,-0.398
Sqrdl,0.66855954,0.094
Sema6d,0.5418215,0.148
Slc24a5,0.61425674,0.144
Ctxn2,0.79266239,-0.049
Slc12a1,0.92897618,0.014
Dut,0.69368164,-0.061
Fbn1,0.39606354,-0.24
Eid1,0.70238958,-0.118
Galk2,0.16133398,0.287
Fgf7,0.21208537,-0.282
Dtwd1,0.28765281,-0.33
Slc27a2,0.46548202,-0.153
Usp8,0.34555146,-0.197
Ap4e1,0.80774278,-0.07
Blvra,0.83350234,-0.053
Snrnp200,0.26055557,0.246
Tmem127,0.3521325,-0.121
Stard7,0.76927966,0.047
Dusp2,0.38647263,-0.148
Astl,0.050081899,-0.253
Adra2b,0.10692331,0.306
Gpat2,0.72018485,0.067
Mrps5,0.48771298,0.152
Affy_10475841,0.98775054,-0.002
Gm10765,0.49199767,0.112
Acoxl,0.068297826,-0.375
Bcl2l11,0.27286522,0.365
Gm355,0.38825865,-0.148
Mertk,0.40887101,0.2
Affy_10475910,0.74183153,-0.074
Tmem87b,0.70905767,-0.078
Fbln7,0.31828278,-0.206
Zc3h6,0.26834745,-0.444
Zc3h6,0.42637457,-0.263
Ttl,0.38615566,0.23
Polr1b,0.56635253,0.113
Chchd5,0.81382798,0.052
Setd3,0.40452221,0.125
Slc20a1,0.067543898,-0.881
A730036I17Rik,0.096457518,-0.421
Gm14047,0.91492674,-0.023
Sirpa,0.93336368,-0.053
Stk35,0.2185879,-0.158
Tgm3,0.022079436,-0.455
AU015228,0.69727287,0.086
Tgm6,0.61960893,-0.131
Tmc2,0.29305425,-0.154
Nop56,0.082046117,-0.289
Affy_10476102,0.52594353,-0.183
Affy_10476104,0.28991307,-0.286
Affy_10476106,0.86969466,-0.058
Ebf4,0.080756534,-0.326
1700020A23Rik,0.19641679,-0.257
4933425O20Rik,0.7345773,0.076
Vps16,0.64352137,0.065
Ptpra,0.55981664,0.089
Mrps26,0.64066183,-0.114
Oxt,0.11569222,-0.328
Itpa,0.83662104,0.031
Atrn,0.2335767,-0.248
Hspa12b,0.51899405,-0.119
Cdc25b,0.68826206,-0.084
2310035K24Rik,0.35314366,0.204
Mavs,0.49336696,0.142
Pank2,0.23126293,0.311
mir-103-2,0.81107904,-0.057
Affy_10476299,0.54198439,-0.182
Smox,0.70214905,-0.076
4930425F17Rik,0.32961074,-0.117
Prnp,0.46437786,-0.248
Affy_10476319,0.67213058,-0.07
Prnd,0.33054775,-0.182
Cds2,0.60452951,0.068
4921508D12Rik,0.99576136,-0.001
AU019990,0.91465294,0.022
1110034G24Rik,0.70420495,-0.076
Affy_10476353,0.99311614,-0.002
Chgb,0.1019008,-0.312
Mcm8,0.50414147,-0.11
Crls1,0.51640896,0.143
Affy_10476393,0.36800292,0.265
Bmp2,0.18746553,0.327
Gm4638,0.17746195,2.12
Plcb1,0.85837771,-0.038
Rpl29,0.41705933,-0.172
Plcb4,0.50950413,0.117
Lamp5,0.55295288,-0.134
Affy_10476489,0.63498404,-0.129
BC034902,0.39490498,-0.138
Ankrd5,0.67716878,0.046
Snap25,0.58566509,-0.085
Slx4ip,0.18135726,0.26
Btbd3,0.83022994,0.041
Sptlc3,0.87590479,-0.083
Ism1,0.18733606,-0.695
Ndufaf5,0.51054071,-0.15
Macrod2,0.81636542,0.054
Macrod2,0.62051465,-0.099
Macrod2,0.72309468,0.166
Macrod2,0.74842013,0.058
Macrod2,0.31868045,0.199
Macrod2,0.64686293,0.089
Affy_10476612,0.037874197,-0.328
Affy_10476614,0.81399626,0.051
Gm14081,0.13573094,-0.47
Snrpb2,0.79002779,0.05
Otor,0.22825949,-0.215
Pcsk2,0.76032537,0.075
Dstn,0.17283288,0.249
Banf2,0.050221611,-0.374
LTR_BXD001,0.068174428,1.284
8430406I07Rik,0.25583096,0.204
Csrp2bp,0.14788706,-0.184
Zfp133,0.18989284,-0.327
LOC668917,0.65698423,0.071
Polr3f,0.68931695,0.088
Sec23b,0.82308987,0.058
Gm561,0.19665089,0.354
Dtd1,0.39664922,0.169
Affy_10476735,0.27594027,0.203
1700010M22Rik,0.10734785,-0.389
Slc24a3,0.42325478,-0.134
Rin2,0.15441066,0.478
Naa20,0.13589932,0.299
4930529M08Rik,0.68727661,-0.099
4930529M08Rik,0.43573656,-0.204
4930529M08Rik,0.88250811,0.033
4930529M08Rik,0.30681016,0.163
Insm1,0.11406838,-0.243
Atpaf1,0.070632328,0.788
Plk1s1,0.43994185,0.166
Xrn2,0.94216097,0.013
6430503K07Rik,0.96891923,-0.009
Affy_10476872,0.35017318,-0.313
Pax1,0.34523235,-0.194
A530006G24Rik,0.040778118,0.44
A530006G24Rik,0.18535392,0.385
Sstr4,0.25687812,-0.24
Nxt1,0.21385877,-0.18
Gzf1,0.77616482,0.047
Cstl1,0.25505247,-0.231
8030411F24Rik,0.37039471,-0.169
Cst12,0.14155918,-0.244
Cst8,0.29958993,-0.192
Cst13,0.70707042,0.065
Cst9,0.75702319,0.064
Cst9,0.28764248,0.271
Cst10,0.7726466,0.058
Tmem90b,0.89990289,0.031
Zfp937,0.22173392,0.338
Affy_10476941,0.59146655,0.179
Cst7,0.45519716,-0.187
Affy_10476950,0.66496587,-0.08
Entpd6,0.35576362,0.175
Pygb,0.74927116,0.108
Gins1,0.059558594,0.522
Gm14149,0.50997101,-0.131
LOC675602,0.37328238,-0.285
LOC100044416,0.67086756,0.177
Nsfl1c,0.61830576,0.094
Fkbp1a,0.77550561,0.077
Sdcbp2,0.28437135,-0.248
C20orf46,0.94936868,0.015
Rspo4,0.61222047,-0.141
Angpt4,0.1725729,-0.288
2310046K01Rik,0.1585263,-0.239
Scrt2,0.1955776,-0.291
Srxn1,0.36627397,0.266
Tcf15,0.072798539,-0.414
Csnk2a1,0.96220734,-0.004
Tbc1d20,0.96878765,0.005
Gm14165,0.81970143,-0.042
Nrsn2,0.99225317,0.002
6820408C15Rik,0.73054481,-0.053
Affy_10477120,0.56479502,-0.091
Defb20,0.84214758,-0.046
Defb28,0.88751661,-0.034
Defb21,0.94231409,-0.01
Defb36,0.19284278,-0.26
Rem1,0.59099991,-0.125
H13,0.24233268,-0.226
Mcts2,0.97498535,0.007
Id1,0.86977561,0.085
Affy_10477176,0.68331759,-0.08
Cox4i2,0.63932526,-0.098
Tpx2,0.6238499,-0.102
Mylk2,0.73231549,-0.065
Ttll9,0.47137729,-0.154
Xkr7,0.20224651,-0.33
BC020535,0.31181933,0.346
Hck,0.56123212,0.354
Tm9sf4,0.34255876,-0.149
Pofut1,0.74211025,0.044
Kif3b,0.87237995,0.03
Asxl1,0.579158,0.065
Dnmt3b,0.4164708,-0.146
Mapre1,0.11492004,0.383
Efcab8,0.89972284,0.024
Tomm20,0.83647683,0.043
Bpil1,0.21050964,-0.225
Bpil3,0.88486009,0.023
Rya3,0.80125449,-0.054
Gm1006,0.52038399,-0.139
Gm5840,0.54341867,0.105
Psp,0.68398021,-0.12
Affy_10477460,0.32627793,-0.197
1700058C13Rik,0.21136331,-0.229
Plunc,0.98924648,0.003
2310021H06Rik,0.43340249,-0.219
U46068,0.25006622,-0.18
BC018465,0.90648863,-0.022
4833413D08Rik,0.8060374,-0.057
5430413K10Rik,0.65676865,-0.088
Cbfa2t2,0.1602947,0.325
1700003F12Rik,0.29946387,-0.204
1700007I08Rik,0.29389845,-0.253
Zfp341,0.32926501,0.152
Chmp4b,0.71312169,-0.075
Rpl5,0.60420856,-0.085
Raly,0.59722598,0.071
Asip,0.38230481,-0.214
Affy_10477600,0.66437733,-0.12
Itch,0.91374563,-0.016
Dynlrb1,0.5306449,-0.076
Map1lc3a,0.44368408,0.177
mir-695,0.49775406,-0.102
Trp53inp2,0.080313019,-0.471
Acss2,0.15980744,0.654
Myh7b,0.51761397,-0.15
mir-499,0.95091689,0.016
Procr,0.67034446,-0.098
Mmp24,0.53910566,-0.106
Gdf5,0.45676149,0.187
Cep250,0.58187892,-0.087
Ergic3,0.96936315,0.005
Spag4,0.52617772,-0.126
Romo1,0.45251632,-0.123
Rbm39,0.22900207,0.323
Phf20,0.56839371,0.11
C20orf152,0.18094894,-0.236
Gm14251,0.43595289,0.165
Epb4.1l1,0.9965042,0.001
0610011L14Rik,0.11738746,0.214
Gm14168,0.41216169,-0.187
Dlgap4,0.91031967,-0.017
Myl9,0.9208578,-0.033
Tgif2,0.21318368,-0.392
C20oirf24,0.60945234,-0.086
Gm1332,0.69262903,0.095
Rbl1,0.54747261,-0.164
Affy_10477944,0.69503388,-0.06
Rpn2,0.93611681,-0.014
Manbal,0.45681909,-0.144
Src,0.58396803,-0.164
Nnat,0.45455234,-0.133
Affy_10477991,0.079401356,-0.383
Ctnnbl1,0.030482736,-0.387
Ube2i,0.23681003,0.167
Vstm2l,0.31354233,-0.224
Rprd1b,0.46323388,0.111
Bpi,0.1586738,0.209
Lbp,0.73605697,0.113
Snhg11,0.89318734,0.074
Snhg11,0.61176232,-0.098
Affy_10478075,0.7164275,-0.214
Ralgapb,0.94376486,0.01
Adig,0.85788765,0.035
Arhgap40,0.13155885,-0.37
Slc32a1,0.95652247,-0.011
Actr5,0.12734549,0.452
Ppp1r16b,0.066679036,-0.362
Fam83d,0.49541295,0.086
Dhx35,0.82080847,-0.026
4933416E03Rik,0.89019947,0.025
Top1,0.88901361,-0.029
Plcg1,0.65643178,-0.079
Lpin3,0.93853845,-0.014
Gm14243,0.23033841,-0.333
Mphosph6,0.25630749,0.303
9430021M05Rik,0.70193253,-0.081
9430021M05Rik,0.86037278,-0.035
Sfsf6,0.68309979,-0.056
L3mbtl,0.78073869,-0.055
Sgk2,0.45081732,0.282
Ift52,0.77112177,0.065
Mybl2,0.29767395,-0.345
Tox2,0.081400196,-0.319
Gdap1l1,0.12538752,-0.339
2310001K24Rik,0.27703289,-0.172
R3hdml,0.69359484,-0.089
Hnf4a,0.2633852,-0.166
Ttpal,0.7136422,-0.071
Serinc3,0.47469691,-0.132
Pkig,0.055316828,0.297
Wisp2,0.14488957,-0.335
Kcnk15,0.035545507,-0.505
Ywhab,0.90639323,0.011
Pabpc1l,0.33830712,-0.25
Stk4,0.37347951,0.141
Svs3a,0.70393208,0.104
Svs6,0.3900727,0.12
Svs5,0.79412267,0.068
Rbpjl,0.73553769,-0.074
Sys1,0.035192783,-0.358
Dbndd2,0.45772028,-0.113
Pigt,0.11536843,-0.481
Affy_10478523,0.48001977,0.796
Wfdc2,0.50590071,0.362
Affy_10478533,0.35421073,0.22
Wfdc6b,0.97005276,-0.007
Wfdc10,0.60212616,-0.144
Wfdc13,0.65929581,-0.086
Spint4,0.12114003,-0.403
Gm14316,0.061262789,-0.385
Dnttip1,0.34900381,-0.13
Ube2c,0.53758316,-0.178
Snx21,0.98566439,-0.003
Zswim3,0.35845259,-0.204
Zswim1,0.42526343,0.228
Ctsa,0.2941955,-0.163
Pcif1,0.18478748,0.207
Mmp9,0.63261467,0.139
Slc12a5,0.16662152,-0.334
Cd40,0.56001388,-0.129
Slc2a10,0.36780262,-0.145
Eya2,0.71208902,-0.067
Ncoa3,0.14000245,0.258
Affy_10478744,0.74606217,-0.101
LOC280487,0.17746195,2.12
Trp53rk,0.59137855,0.111
Arfgef2,0.66964543,-0.078
Arfgef2,0.96520458,-0.01
Arfgef2,0.42854409,-0.174
Arfgef2,0.62376258,-0.092
Arfgef2,0.92427539,-0.018
Cse1l,0.69490733,-0.058
Ddx27,0.80281685,-0.028
1500012F01Rik,0.8678138,-0.036
Slc9a8,0.9396536,-0.016
Rnf114,0.26999411,-0.099
Snai1,0.8132169,-0.051
Cebpb,0.90335839,0.035
A530013C23Rik,0.51688918,-0.152
Ptpn1,0.72270148,0.093
Pard6b,0.13673131,-0.21
Mocs3,0.024171095,-0.395
Affy_10478922,0.9606833,0.006
Gm9873,0.71476185,-0.063
1700101G07Rik,0.89418484,0.032
Tshz2,0.087209696,-0.475
Affy_10478936,0.88559552,-0.028
Hax1,0.67273953,0.094
Pfdn4,0.2360839,0.19
Dok5,0.3924434,-0.186
Mc3r,0.59620722,-0.155
Fam210b,0.4922104,-0.116
Cstf1,0.95324524,0.009
Cass4,0.28637475,0.172
2410001C21Rik,0.4221773,0.207
1700029J11Rik,0.68522091,-0.083
Tcfap2c,0.68424753,-0.061
Bmp7,0.23308647,-0.396
Spo11,0.5861486,0.114
Rae1,0.98058838,-0.003
Rbm38,0.028134817,-0.352
Pck1,0.49727674,-0.231
1700021F07Rik,0.55328703,-0.133
Rab22a,0.58725959,-0.052
1700010B08Rik,0.75833361,-0.074
Vapb,0.9288578,-0.012
Stx16,0.42872759,0.088
Npepl1,0.76366547,-0.036
Gnas,0.91215839,-0.012
Th1l,0.23507399,0.213
Tubb1,0.18525787,0.328
Zfp831,0.95930186,0.014
Edn3,0.9166543,-0.024
Affy_10479172,0.58603034,0.116
Rps8,0.41056392,-0.114
Gm14391,0.1890066,0.293
Gm14434,0.40269987,0.247
Affy_10479185,0.14166567,0.422
Rps8,0.41056392,-0.114
Gm14434,0.40269987,0.247
OTTMUSG00000016609,0.29223635,0.326
OTTMUSG00000016609,0.29223635,0.326
Gm14434,0.29223635,0.326
Affy_10479201,0.25668756,0.164
Gm14434,0.15013396,0.236
Affy_10479213,0.25668756,0.164
Rps8,0.17267737,-0.208
Gm14420,0.12389882,0.571
Gm14403,0.21168334,1.22
Etohi1,0.040021763,0.757
Phactr3,0.25029123,-0.23
C20orf177,0.97847929,0.006
Cdh26,0.60381889,-0.074
Wtap,0.40105256,0.153
4930591A17Rik,0.89999963,-0.028
Cdh4,0.18922688,-0.221
Affy_10479294,0.94132088,0.022
Lsm14b,0.92803454,-0.014
Ss18l1,0.076233549,-0.272
Gtpbp5,0.79277104,0.052
Osbpl2,0.51883204,-0.149
Adrm1,0.9527707,-0.009
Rps21,0.4866141,-0.116
Gata5,0.60805113,-0.09
Mir1a-1,0.50046838,0.101
mir-133a-2,0.9521293,0.012
Slco4a1,0.84390406,-0.042
Ntsr1,0.42107612,-0.2
1600027N09Rik,0.37123396,0.165
Ogfr,0.55663082,0.185
Col9a3,0.32804756,-0.25
Affy_10479456,0.80486517,-0.089
C20orf11,0.17663677,0.181
Slc17a9,0.82421511,-0.051
mir-124-3,0.96697746,0.009
Birc7,0.13496694,-0.306
Arfgap1,0.99522246,0.001
9230112E08Rik,0.27528718,-0.25
Col20a1,0.34177202,-0.209
Ppdpf,0.48166096,0.386
BC051628,0.99674031,-0.001
Rtel1,0.66652744,0.066
Zgpat,0.86390654,-0.024
Lime1,0.73616468,-0.06
Gm14462,0.35560067,-0.163
BC050777,0.14437232,-0.272
Tpd52l2,0.53847445,0.074
Dnajc5,0.71024356,0.047
Prpf6,0.17324373,-0.262
Tcea2,0.60396113,0.098
Oprl1,0.65200769,-0.073
Myt1,0.73206769,-0.064
Pcmtd2,0.91975327,0.018
Polr3k,0.63119733,0.108
Affy_10479740,0.97721932,-0.014
Gm14496,0.70612496,-0.069
Affy_10479747,0.49801597,0.128
Rpp38,0.62506748,-0.109
Olah,0.90311216,-0.021
Meig1,0.47360465,0.189
Suv39h2,0.94089404,-0.014
Hspa14,0.72814271,0.043
Affy_10479792,0.39584636,0.126
Prpf18,0.39864951,0.156
Prpf18,0.25261741,-0.26
Rps28,0.98832001,0.003
Mcm10,0.038656349,-0.611
Optn,0.74090022,0.068
Affy_10479850,0.93643578,0.013
Camk1d,0.20853841,1.102
Cdc123,0.12421662,-0.179
Gm13199,0.98368773,0.004
Sec61a2,0.19600066,0.279
Dhtkd1,0.21098521,-0.902
Proser2,0.88715517,0.022
Proser2,0.25407592,-0.251
Echdc3,0.26119058,0.211
Usp6nl,0.071055884,-0.634
Celf2,0.15627185,0.266
Celf2,0.35298183,0.252
Gm10855,0.12604104,-0.288
Gm10115,0.69124429,0.094
Affy_10479975,0.59518631,-0.122
Gm10854,0.62448419,-0.064
Slc25a36,0.42404232,0.312
Gata3,0.60417378,-0.112
Taf3,0.24673997,-0.146
Atp5c1,0.9555371,-0.01
Itih2,0.43267779,-0.116
Affy_10480025,0.21315007,0.208
Zbtb2,0.55874465,0.122
Gapdh,0.66256339,-0.062
Pfkfb3,0.036746622,-0.844
Rbm17,0.39316817,0.209
Fbxo18,0.27977475,0.236
LOC675534,0.27914596,0.293
Itga8,0.38928112,0.327
Fam188a,0.48819561,-0.131
C1ql3,0.25326421,0.224
Rsu1,0.58772554,0.129
Cubn,0.17131223,-0.19
Trdmt1,0.36303036,0.239
St8sia6,0.40425844,-0.184
Ptpla,0.80362167,0.055
Cacnb2,0.23094336,-0.241
Gm10848,0.35545804,0.179
Nsun6,0.13654994,0.313
Affy_10480273,0.98921354,-0.015
Nebl,0.72399699,-0.085
Nebl,0.82283556,-0.062
Nebl,0.64898779,-0.1
Nebl,0.72806694,0.064
Affy_10480314,0.70202626,-0.084
H2afb1,0.36696914,-0.198
A930004D18Rik,0.88941747,-0.032
2810030E01Rik,0.4357531,0.178
Dnajc1,0.29955106,-0.243
Gm13352,0.86281858,0.033
Pip4k2a,0.64264367,0.211
4921504E06Rik,0.45173029,-0.149
Mrps5,0.25005475,-0.255
Arhgap21,0.92699695,0.014
Affy_10480406,0.97354369,-0.006
Enkur,0.58699833,-0.107
A130006I12Rik,0.2248989,-0.203
Abi1,0.8587703,0.031
Mastl,0.0811307,0.436
Spopl,0.057721913,0.422
Hnmt,0.24325371,0.438
Tbpl2,0.77002439,-0.037
Pax8,0.006800537,-0.63
Affy_10480490,0.90658085,-0.026
Cacna1b,0.28626403,-0.224
Ehmt1,0.86850556,0.04
Arrdc1,0.56245653,0.13
Mrpl41,0.15851615,0.26
Affy_10480583,0.23985237,0.278
Noxa1,0.23220091,-0.206
A830007P12Rik,0.7816619,0.078
Cobra1,0.27021166,0.151
4933433C11Rik,0.73239281,-0.078
Tubb4b,0.20797685,0.432
Slc34a3,0.037992561,-0.368
Gm757,0.80080941,-0.048
2310002J15Rik,0.28293489,-0.194
Ndor1,0.9787845,-0.004
Ssna1,0.6849875,0.077
Grin1,0.98351117,0.004
Dpp7,0.79786278,-0.135
Uap1l1,0.26222606,0.306
BC029214,0.13912765,0.646
Ptgds,0.70828462,-0.063
Lcn12,0.7909102,0.075
C8g,0.90784335,0.031
Traf2,0.57056628,-0.127
Mamdc4,0.095824552,-0.452
Phpt1,0.57103152,0.107
Gm996,0.32757366,-0.271
B230208H17Rik,0.091316486,-0.27
Kiaa1984,0.21789652,-0.239
Tmem141,0.55452801,-0.201
Fcna,0.28166824,0.63
Glt6d1,0.72965138,-0.063
Sohlh1,0.4682451,-0.172
Camsap1,0.71727788,-0.061
Ubac1,0.61761867,-0.075
Nacc2,0.81955425,0.028
Lhx3,0.53360211,-0.179
Qsox2,0.9617012,0.011
C030048H21Rik,0.50863177,-0.158
4932418E24Rik,0.85173226,0.037
Dnlz,0.98529474,0.004
Card9,0.9030693,0.025
Snapc4,0.6525693,-0.058
Sdccag3,0.75652148,0.032
Inpp5e,0.96861648,0.007
Sec16a,0.45035582,0.103
Notch1,0.26679472,0.262
Agpat2,0.64398454,-0.11
Snhg7,0.56546786,-0.11
Lcn4,0.43982571,0.122
Affy_10481111,0.60172607,-0.169
Abo,0.69717458,0.07
Surf6,0.64296967,-0.075
Med22,0.45160811,-0.121
Surf1,0.69197433,-0.055
Surf4,0.16272372,-0.186
Rexo4,0.39983935,0.128
Slc2a6,0.93348708,0.025
Tmem8c,0.66294458,-0.097
Fam163b,0.073101977,-0.356
Sardh,0.42739256,0.259
Vav2,0.87322745,-0.022
Brd3,0.99413857,-0.001
Col5a1,0.29164744,-0.311
Fcnb,0.17610867,-0.29
1700007K13Rik,0.49594712,-0.123
Cel,0.014710407,-1.138
Gtf3c5,0.10662427,0.401
Gfi1b,0.532655,-0.124
1700026L06Rik,0.80586642,0.036
Gtf3c4,0.59312043,-0.07
Barhl1,0.5753193,-0.132
1700101E01Rik,0.58603657,0.142
Gapdh,0.68611618,-0.06
Ntng2,0.83646612,-0.032
Rapgef1,0.38624164,-0.171
Trub2,0.54342992,0.112
mir-219-2,0.024639083,-0.553
Cercam,0.64023401,-0.121
Wdr34,0.88707734,-0.024
Zdhhc12,0.63587777,-0.083
Zer1,0.82962228,-0.028
D2Wsu81e,0.47653827,0.139
Ccbl1,0.92270201,-0.037
1700084E18Rik,0.27622631,-0.271
Dolk,0.61025968,0.072
Sh3glb2,0.72984822,0.034
Crat,0.61951533,0.236
Ier5l,0.1003743,-0.306
Gm14488,0.057963409,-0.408
C9orf50,0.008534235,-0.647
Asb6,0.32619642,-0.123
Ptges,0.65112079,0.135
Tor1a,0.75920657,-0.061
BC005624,0.74007877,0.065
Fnbp1,0.12804737,0.321
Qrfp,0.81104511,-0.06
Fibcd1,0.59000328,-0.116
Fam78a,0.14147283,-0.35
Uck1,0.050180807,0.604
2900010J23Rik,0.53439321,0.104
Dnm1,0.50919883,-0.146
Affy_10481619,0.49269039,-0.164
1110008P14Rik,0.48905712,0.162
Lcn2,0.14986848,2.548
Slc25a25,0.73294992,0.18
9430097D07Rik,0.6165395,-0.104
Fpgs,0.57286101,0.126
Cdk9,0.55557862,-0.095
6330409D20Rik,0.41840012,-0.18
Ttc16,0.26592381,-0.248
Ptrh1,0.94082354,0.018
Stxbp1,0.62437182,-0.094
Lrsam1,0.10770814,0.27
Slc2a8,0.65518854,-0.067
Garnl3,0.19512334,-0.239
Ralgps1,0.80294967,0.058
Zbtb34,0.51494077,-0.103
Zbtb43,0.16437294,0.207
Lmx1b,0.61513951,-0.119
Mvb12b,0.42218292,0.183
Pbx3,0.42337535,0.147
Dnajb6,0.59731828,-0.078
Gapvd1,0.20039828,-0.168
Rabepk,0.27902412,-0.155
Fbxw2,0.72614491,-0.044
Psmd5,0.95469416,0.023
Phf19,0.52311627,-0.116
Traf1,0.73381151,-0.043
Hc,0.49619649,0.67
AI182371,0.46544197,-0.152
Rab14,0.4238056,-0.09
Stom,0.33721845,0.222
4930568D16Rik,0.6570236,-0.138
4930402F06Rik,0.64028146,0.082
Ggta1,0.97932535,0.009
Affy_10482073,0.36725557,-0.223
Ttll11,0.30985891,-0.224
Ndufa8,0.77585392,-0.044
Lhx6,0.65023053,0.097
Rbm18,0.3465378,-0.115
Olfr341,0.31395348,-0.232
Affy_10482119,0.97991063,-0.006
Olfr3,0.54815314,-0.132
Olfr351,0.38310357,-0.184
Olfr353,0.5441862,-0.108
Olfr355,0.50136859,0.098
Olfr358,0.89199587,0.026
Olfr360,0.93735889,0.013
Olfr361,0.41096385,-0.174
Olfr362,0.16836091,-0.298
Affy_10482137,0.59479892,-0.079
Pdcl,0.3032794,0.187
Rc3h2,0.71638166,0.061
Zbtb6,0.56012456,0.117
Zbtb26,0.56993089,-0.119
Strbp,0.58983525,0.12
Strbp,0.74366401,-0.07
Dennd1a,0.03743216,0.289
Psmb7,0.92448981,0.014
Nr5a1,0.21483077,-0.246
Nr6a1,0.72596381,0.044
Rpl35,0.46611123,0.076
Golga1,0.68080666,-0.059
Scai,0.18477157,0.298
Ppp6c,0.6057346,0.107
Atp6v1g1,0.49281445,-0.133
Affy_10482334,0.42810878,-0.109
Lrp1b,0.88220284,-0.016
Gapdh,0.9290278,-0.016
Gtdc1,0.26404987,0.393
Zeb2,0.72337674,0.118
Orc4l,0.3721083,0.211
Lypd6b,0.32466977,0.113
Mmadhc,0.69881127,0.064
Mmadhc,0.50064672,0.177
Rnd3,0.43051652,0.26
Ppia,0.91005534,-0.014
Rbm43,0.43532916,0.242
Nmi,0.052008933,0.632
Neb,0.44525865,-0.31
Arl5a,0.52451993,0.169
Cacnb4,0.93973014,0.014
Stam2,0.94702721,-0.01
Prpf40a,0.37518823,0.17
Affy_10482757,0.84060245,0.045
Idi1,0.64210278,-0.378
Rprm,0.11518713,-0.332
Nr4a2,0.79875933,0.07
A930012O16Rik,0.5459439,-0.157
Gm13531,0.26588212,-0.189
Affy_10482793,0.92411634,-0.016
Ermn,0.92320471,-0.015
Cytip,0.23449915,0.421
Acvr1c,0.10091506,-0.3
Acvr1,0.88273355,0.017
Ccdc148,0.94289326,0.014
Gm13549,0.31872127,0.226
Tanc1,0.17170132,-0.302
Wdsub1,0.7640023,0.054
Baz2b,0.37224998,0.124
Gm13570,0.38492954,0.241
Cd302,0.28858291,0.15
Ly75,0.71125269,0.102
Pla2r1,0.46048023,0.119
Itgb6,0.062890817,0.326
Rbms1,0.96105158,-0.011
Rbms1,0.93144427,-0.015
Gm13582,0.86158042,0.027
Dpp4,0.50528007,0.116
Gcg,0.52072306,-0.131
Fap,0.30319431,0.196
Ifih1,0.52537033,0.33
Kcnh7,0.55977836,-0.106
Affy_10483148,0.81781873,0.1
Fign,0.53333068,0.149
Affy_10483157,0.53625956,-0.144
Gm4638,0.17746195,2.12
Grb14,0.74699022,-0.063
Cobll1,0.4922418,-0.131
Slc38a11,0.12171046,0.23
Scn3a,0.8964061,-0.019
Scn3a,0.81092198,-0.041
Affy_10483246,0.33237135,-0.18
Galnt3,0.94417553,-0.011
Ttc21b,0.94974335,0.014
Scn1a,0.39659712,-0.101
Affy_10483322,0.41185078,0.147
Scn9a,0.64204173,0.076
Scn9a,0.65640314,0.07
Scn7a,0.87164651,0.069
F830016D02Rik,0.5595555,-0.093
Stk39,0.87173327,0.06
Spc25,0.74477722,-0.149
Abcb11,0.81266119,0.066
Lrp2,0.6135312,0.092
Fastkd1,0.37885073,0.203
4930578N16Rik,0.18425774,0.266
Affy_10483546,0.47347602,-0.207
Mettl5,0.39844632,0.199
Gm16510,0.5252929,-0.174
Gorasp2,0.096645827,-0.281
Tlk1,0.70144077,-0.076
Mettl8,0.62476583,0.097
Slc25a12,0.66751589,-0.082
Dlx1as,0.60723953,-0.105
Dlx2,0.1363149,-0.354
Gm13637,0.6865616,-0.091
Sp3,0.88343534,-0.027
Sp3,0.40883663,-0.168
Ola1,0.32971651,0.229
Sp9,0.2104583,-0.277
Cir1,0.32654683,0.14
Gpr155,0.12196887,-0.446
Wipf1,0.11020972,0.494
Chrna1,0.62323715,0.1
Chn1,0.46021507,-0.09
Atf2,0.54490385,0.077
Atp5g3,0.35141913,-0.12
Gm13668,0.11044319,0.337
Affy_10483766,0.46508045,0.106
Affy_10483768,0.67998942,-0.07
Lnp,0.89945561,-0.03
Mrpl23,0.73109639,0.098
Evx2,0.44202161,-0.171
1700109F18Rik,0.24635363,-0.231
1700109F18Rik,0.96970541,0.006
6720416L17Rik,0.39446455,0.171
Rps6,0.050787556,-0.177
Nfe2l2,0.3666957,0.288
6030499A19Rik,0.39466955,0.174
Ttc30b,0.59926584,0.166
Ttc30a2,0.027412128,0.591
Ttc30a1,0.72679923,-0.066
Pde11a,0.66573353,0.064
Cyct,0.56869191,0.09
Prkra,0.41726489,0.212
Fkbp7,0.25662259,0.33
Ttn,0.13041676,-0.158
Ttn,0.37809417,0.172
Ttn,0.96345431,0.01
Ccdc141,0.44636406,-0.192
Ccdc141,0.4369811,-0.219
Ccdc141,0.89522228,0.035
Ccdc141,0.3410512,0.275
Ccdc141,0.56093462,0.141
Sestd1,0.084806723,0.493
Zfp385b,0.68521337,-0.084
Cwc22,0.40265199,0.25
4930401B11Rik,0.17993823,-0.21
Affy_10484258,0.6451983,0.102
Cerkl,0.55368792,-0.3
Neurod1,0.2744901,-0.186
Pde1a,0.327365,-0.312
Frzb,0.51527361,0.277
Nckap1,0.43079783,0.093
Sumo2,0.86220856,0.028
Affy_10484353,0.76068801,-0.104
LOC280487,0.17746195,2.12
Rps4x,0.38467262,0.143
Zswim2,0.17564059,0.235
Calcrl,0.34443325,-0.374
Tfpi,0.32931177,0.498
Ctnnd1,0.45814597,0.118
2700094K13Rik,0.69427926,-0.058
Tmx2,0.842665,0.054
Zdhhc5,0.82246089,0.028
Clp1,0.38416581,-0.209
mir-130a,0.53897188,0.13
Serping1,0.92155795,0.012
Smtnl1,0.47065203,-0.162
Rtn4rl2,0.15456935,-0.368
P2rx3,0.097588488,-0.404
P2rx3,0.80616903,-0.072
Lrrc55,0.73043546,0.068
Olfr987,0.93628711,0.017
Olfr988,0.50542052,-0.111
Olfr992,0.017839956,-0.428
Olfr993,0.70595706,0.103
Olfr994,0.48586787,-0.133
Olfr995,0.77597186,-0.038
4833423E24Rik,0.19385028,-0.186
Olfr1000,0.30812972,0.194
Olfr1002,0.31908064,0.145
Olfr1006,0.9606048,-0.01
Olfr154,0.5098575,0.115
Olfr1006,0.56553954,-0.118
Olfr1012,0.75287425,-0.072
Olfr1016,0.56907865,-0.136
Olfr1019,0.85130977,-0.04
Affy_10484551,0.80900239,0.039
Olfr1024,0.53035723,-0.161
Olfr1037,0.23239027,-0.216
Olfr1039,0.40131613,-0.132
Olfr1040,0.88183254,-0.023
Olfr1042,0.18443694,-0.426
Olfr1043,0.79894562,-0.072
Olfr1044,0.25744556,-0.196
Olfr52,0.38736987,0.155
Olfr1045,0.79985487,0.098
Olfr1046,0.82851193,-0.029
Olfr1047,0.10002663,0.192
Olfr1048,0.97831926,-0.004
Olfr1049,0.36312403,0.231
Olfr1051,0.46179731,0.158
Affy_10484581,0.45436186,0.182
Affy_10484584,0.73588679,0.072
Olfr1054,0.76718973,-0.064
Olfr1055,0.16863664,-0.315
Olfr1056,0.62296492,-0.098
Olfr1057,0.81726805,0.06
Olfr1058,0.51701841,-0.097
Olfr1058,0.97678649,0.008
Olfr1061,0.68537638,0.053
Olfr1062,0.41587385,-0.215
Olfr1065,0.91478373,0.016
Olfr1065,0.53129841,0.186
Olfr1066,0.46329572,0.111
Olfr228,0.18442319,0.212
OTTMUSG00000013632,0.73667932,0.046
Olfr1079,0.52892687,0.092
Olfr1080,0.78419813,0.062
Olfr1082,0.2788235,0.202
Olfr1083,0.46860519,-0.109
Olfr1084,0.6942546,0.068
Olfr1085,0.024332161,-0.638
Olfr1086,0.25859069,-0.208
Olfr1087,0.65746572,-0.098
Olfr1089,0.67607624,0.088
Olfr1090,0.93548706,-0.015
Olfr141,0.93546598,0.016
Olfr1095,0.43411711,0.242
Olfr1097,0.68989988,0.078
Olfr1098,0.95106144,-0.01
Olfr1099,0.69141506,0.089
Olfr1100,0.39418629,0.147
Olfr1101,0.78764214,-0.05
Affy_10484646,0.49151906,0.131
Olfr1104,0.39766309,0.14
Olfr1105,0.61956343,-0.099
Olfr1106,0.71402213,0.056
Olfr1107,0.97748923,-0.004
Olfr1109,0.79765861,-0.047
Olfr259,0.37226299,-0.131
Olfr1110,0.30542807,-0.142
Olfr1111,0.46796844,0.125
Affy_10484667,0.38727552,0.158
Pramel7,0.93770983,0.019
Affy_10484673,0.81395447,0.048
Olfr1128,0.28627948,-0.218
Olfr1132,0.60978689,0.121
Olfr1133,0.49351512,-0.116
Olfr1134,0.51203476,0.201
Olfr1135,0.78907959,0.045
Olfr1136,0.57949727,-0.087
Olfr1137,0.34755097,-0.246
Olfr1138,0.55688159,-0.1
Olfr1141,0.16029333,-0.237
Affy_10484695,0.95983117,-0.009
Olfr1154,0.95121308,0.011
Olfr1155,0.13956266,-0.266
Olfr1156,0.16144523,-0.214
Olfr1157,0.11354588,-0.37
Olfr74,0.66571373,0.085
Olfr1160,0.60195324,0.188
Olfr73,0.2681249,-0.219
Olfr1162,0.32107691,-0.188
Olfr1163,0.15155786,0.305
Olfr1164,0.38734927,-0.257
Olfr1165-ps,0.8510424,-0.042
Olfr1166,0.61458251,-0.164
Olfr1167,0.37910962,0.234
Olfr1170,0.66724384,0.072
Olfr1167,0.15456669,-0.408
Olfr1173,0.57797492,0.112
Olfr1174-ps,0.10086297,-0.613
Olfr1175-ps,0.23137683,-0.321
Olfr1177-ps,0.42717487,-0.229
Olfr1179,0.75056603,-0.058
Olfr1180,0.88451571,0.026
Olfr1181,0.91396438,-0.025
Olfr1182,0.67503676,0.088
Affy_10484749,0.98314003,0.003
Olfr1195,0.77172445,0.039
Olfr1197,0.69682665,0.085
Olfr1197,0.52983526,-0.112
Olfr1198,0.30393783,0.193
Olfr1199,0.84422661,0.046
Olfr1200,0.79857487,-0.061
Olfr1208,0.63353332,-0.09
Olfr1209,0.899055,-0.022
Olfr1211,0.94446478,0.013
Olfr1213,0.24124499,-0.289
Olfr1214,0.58477199,-0.122
Olfr1215,0.079327336,-0.309
Olfr1216,0.11112933,0.223
Olfr1217,0.50045933,0.138
Olfr1218,0.88328726,0.02
Olfr1219,0.52338404,-0.106
Olfr1220,0.14731722,0.22
Olfr1221,0.47084355,0.123
Olfr1222,0.71901932,0.106
Olfr1223,0.82601725,-0.049
Affy_10484797,0.52425441,0.163
Olfr1225,0.7722649,-0.034
Olfr1226,0.39145963,-0.169
Olfr1228,0.98511543,0.003
Olfr1229,0.69130088,0.057
Olfr1230,0.73637532,0.064
Olfr1231,0.91631812,0.019
Olfr1232,0.15706594,-0.207
Olfr1233,0.13971816,-0.41
Olfr1234,0.4645836,-0.111
Olfr1238,0.14010617,-0.265
Olfr1239,0.55170438,-0.126
Olfr1240,0.87525306,-0.027
Olfr1241,0.13877268,0.236
Olfr1242,0.77196694,-0.056
Olfr1243,0.8026348,0.036
Olfr1245,0.82917513,0.036
Olfr1246,0.31248161,0.154
Olfr1247,0.54355955,0.076
Olfr1248,0.75202996,-0.08
Olfr1249,0.78266639,0.072
Olfr1252,0.51815867,-0.093
Olfr1251,0.59981142,0.168
Olfr1252,0.43954632,0.214
Affy_10484848,0.11354418,-0.455
Olfr1254,0.44460703,-0.154
Olfr1256,0.24380446,-0.246
Olfr48,0.83909584,0.049
Olfr1259,0.25207226,-0.188
Olfr1264,0.82512674,-0.034
Olfr140,0.29236546,-0.241
Olfr140,0.66276109,-0.091
Affy_10484865,0.39089812,0.21
Olfr1269,0.99668809,-0.001
Olfr32,0.99485035,0.001
Olfr1270,0.35225776,-0.157
Olfr1506,0.74498305,-0.073
Olfr142,0.63582627,-0.096
Olfr1271,0.47508366,-0.182
Olfr1272,0.22554679,-0.202
Olfr1273-ps,0.22318891,0.269
Ptprj,0.22998902,0.291
Ptprj,0.20936945,0.3
Ndufs3,0.12384691,-0.195
Ptpmt1,0.26569775,0.639
Gm13777,0.85579314,0.037
Slc39a13,0.29275174,-0.197
Madd,0.50441339,0.108
Nr1h3,0.21056615,0.174
Ddb2,0.26040966,0.261
1110051M20Rik,0.78511643,0.054
F2,0.93475435,-0.009
Zfp408,0.50489679,-0.139
Atg13,0.6837046,0.096
Affy_10485068,0.28176783,0.211
Mdk,0.64723796,-0.099
Dgkz,0.88411448,0.028
Dgkz,0.3032924,-0.254
Creb3l1,0.82579732,0.032
Gyltl1b,0.26947846,-0.282
Mapk8ip1,0.69106795,-0.08
Cry2,1,0
Slc35c1,0.56781958,-0.1
Prdm11,0.69257099,0.072
Tspan18,0.37807554,0.19
Cd82,0.71557754,0.05
Ext2,0.11608113,-0.275
Accs,0.86554729,-0.04
Accsl,0.41182164,-0.196
Affy_10485277,0.39112247,-0.169
Gm13889,0.80529758,-0.056
Alkbh3,0.53721089,0.071
Hsd17b12,0.29073861,0.297
mir-129-2,0.95063164,-0.01
E530001K10Rik,0.92619008,-0.026
mir-670,0.12958484,-0.291
Ttc17,0.34425188,0.191
Itpa,0.96958938,0.006
Ttc17,0.28274362,-0.18
Api5,0.59697044,-0.095
Gm4638,0.17746195,2.12
Affy_10485357,0.46218444,0.572
B230118H07Rik,0.79565208,-0.078
Rag2,0.43505831,0.136
Rag1,0.088616557,-0.356
Prr5l,0.095270841,0.306
Ldlrad3,0.25190096,0.609
Trim44,0.85907173,0.038
Fjx1,0.52517389,-0.092
Cd44,0.28443135,0.625
Pdhx,0.8840137,0.028
Ehf,0.70447182,0.147
BC016548,0.29876131,-0.211
Cat,0.23583642,-0.145
Nat10,0.41241441,0.154
Caprin1,0.025289107,0.339
Affy_10485536,0.060468119,-0.444
4931422A03Rik,0.34003272,-0.151
D430041D05Rik,0.60876226,-0.115
D430041D05Rik,0.69362817,-0.083
Hipk3,0.33882004,-0.156
Cstf3,0.93350552,-0.037
Tcp11l1,0.71765885,-0.12
Pin1l,0.97660061,-0.007
Depdc7,0.45802491,0.181
Qser1,0.61053251,0.081
Qser1,0.79924807,0.046
Prrg4,0.69568973,0.097
Gm10796,0.82932067,-0.081
Eif3m,0.3897756,0.301
Gm13888,0.27039667,0.164
AI314831,0.341251,-0.201
Rcn1,0.03454692,0.415
Rpl10,0.27823165,-0.144
Elp4,0.3480664,0.212
Dnajc24,0.49319894,-0.157
2700007P21Rik,0.75331894,0.082
Fshb,0.62117914,-0.122
Rpl35a,0.84976621,0.035
Mett5d1,0.62731657,0.114
Gm13939,0.17523787,-0.245
Gm13937,0.4159807,0.267
Bbox1,0.71106654,-0.074
Fibin,0.58136837,-0.107
Affy_10485716,0.1083411,0.362
Ano3,0.20480069,-0.181
Ano3,0.94045852,-0.011
4930430A15Rik,0.89301261,0.017
Olfr1275,0.040064573,0.375
Olfr1277,0.23343492,-0.201
Olfr1282,0.034416694,0.405
Olfr1286,0.44188719,0.118
Olfr1290,0.090089937,-0.397
Affy_10485775,0.91028763,-0.023
Olfr1294,0.79885136,-0.05
Olfr1295,0.21223946,-0.141
Olfr1296-ps1,0.56277852,-0.104
Olfr1297,0.65822311,-0.099
Olfr1298,0.42243094,0.17
Olfr1303,0.1754086,-0.244
Olfr1303,0.36512468,0.299
Olfr1305,0.18655638,-0.282
Olfr1306,0.23517453,-0.217
Olfr1307,0.42359646,-0.217
Olfr1308,0.87554155,0.028
Olfr1309,0.84362099,0.037
Olfr1310,0.37143194,-0.154
Olfr1311,0.81154996,-0.052
Olfr1312,0.031920282,-0.312
Olfr1313,0.1648063,-0.274
Olfr1314,0.51537504,-0.142
Olfr1316,0.41701514,-0.12
Olfr1316,0.65389903,-0.084
Nut,0.29006886,-0.256
Slc12a6,0.055193219,0.447
Tmem85,0.64801122,-0.059
Chrm5,0.32981809,0.207
Ryr3,0.085458968,-0.299
Grem1,0.80089634,-0.05
Scg5,0.30866561,-0.245
Arhgap11a,0.017756093,0.808
Gjd2,0.85032582,0.048
Actc1,0.9128856,0.023
Aqr,0.24458922,0.157
Zfp770,0.22227857,0.207
Atpbd4,0.085854881,0.374
Meis2,0.84598503,-0.043
Rab5b,0.35526696,0.138
Affy_10486059,0.77810762,-0.064
Rasgrp1,0.81341893,0.097
Fsip1,0.64459464,-0.094
A930104D05Rik,0.64641365,-0.115
Gpr176,0.43001625,-0.195
Srp14,0.61139407,-0.111
Bmf,0.97923254,0.007
Plcb2,0.11488503,0.45
C15orf52,0.78512749,-0.071
Ccdc32,0.22677361,0.178
Fam82a2,0.57082631,0.154
Dnajc17,0.21229022,-0.29
Ppp1r14d,0.19802492,-0.271
Rhov,0.93767578,-0.016
Gm14207,0.018575608,-0.48
Ino80,0.80651335,-0.036
Exd1,0.06892499,-0.631
Oip5,0.22724838,0.191
Ltk,0.13336177,-0.298
Ndufaf1,0.81622261,-0.055
Affy_10486290,0.3422473,-0.206
Rpap1,0.70990856,-0.091
6330405D24Rik,0.20049487,-0.233
Gm13998,0.06284294,-0.432
Mapkbp1,0.90824273,0.028
Spnb5,0.28109281,-0.183
Ehd4,0.32365681,0.3
Pla2g4e,0.33755042,-0.205
Pla2g4d,0.25847415,0.148
Pla2g4f,0.66711375,-0.087
Vps39,0.6838399,0.048
Tmem87a,0.86988685,-0.033
Zfp106,0.92701669,0.015
Lrrc57,0.50406489,-0.097
Affy_10486562,0.75800025,-0.067
Cdan1,0.38600229,0.146
Ttbk2,0.24294422,-0.147
Ubr1,0.90624573,0.019
Epb4.2,0.34726914,-0.163
Tgm5,0.32116962,-0.225
Tgm7,0.83294279,-0.043
Lcmt2,0.081678338,0.487
Zscan29,0.56605239,-0.141
Trp53bp1,0.23326346,0.189
Ppip5k1,0.52207022,-0.124
Strc,0.83711582,-0.048
Catsper2,0.14565579,-0.441
Ell3,0.50635046,-0.193
Serinc4,0.7185883,0.086
Mfap1a,0.43091723,-0.205
Mfap1a,0.46909354,-0.193
Frmd5,0.29601889,-0.183
Mageb3,0.43710219,0.152
Spg11,0.36334241,0.173
Patl2,0.34994642,-0.162
Dppa4,0.4052576,-0.196
Duox2,0.66428974,0.07
Duoxa1,0.91490106,-0.024
Shf,0.89707903,-0.023
Gatm,0.60739454,-0.359
Slc30a4,0.81705069,-0.048
Myef2,0.66845898,0.135
Fbn1,0.80019178,-0.084
Cep152,0.17662339,-0.692
Shc4,0.34020763,-0.184
Secisbp2l,0.5147782,0.125
Cops2,0.47254521,-0.126
4930525F21Rik,0.76496585,0.044
Atp8b4,0.5728497,0.156
Hdc,0.13306023,0.568
Gabpb1,0.62789252,-0.084
Polr2l,0.49951716,-0.138
Usp50,0.43807664,-0.446
Trpm7,0.33068411,-0.221
Sppl2a,0.24055713,-0.249
Ncaph,0.44444193,0.164
Itpripl1,0.24944369,0.344
1810024B03Rik,0.21600882,-0.31
Ciao1,0.2271417,0.24
Gm10766,0.081379155,-0.52
Fahd2a,0.33271399,-0.18
Kcnip3,0.14447819,-0.285
Prom2,0.66840382,-0.109
Zfp661,0.10775974,-0.235
Mal,0.41495665,-0.163
Mall,0.69214723,0.075
Nphp1,0.47620903,-0.138
1500011K16Rik,0.47665921,-0.142
Bub1,0.51895556,0.192
Gm14005,0.55953029,0.151
Affy_10487508,0.18697469,-0.313
Affy_10487510,0.85827,0.035
Anapc1,0.92673201,-0.015
Zc3h8,0.37952002,0.266
Gm10762,0.55688627,-0.131
Ckap2l,0.67620246,0.114
Il1a,0.30191704,0.465
Affy_10487595,0.63937766,-0.12
Il1b,0.38659232,0.486
F830045P16Rik,0.15378629,-0.261
Pdyn,0.54155379,-0.172
Gm10183,0.063251009,-0.384
Snrpb,0.93375578,0.017
Idh3b,0.29989284,-0.143
Rpl27a,0.65504811,-0.069
Cpxm1,0.38093416,-0.208
Fam113a,0.88774371,-0.023
Ptpra,0.78529329,-0.063
Avp,0.6107579,-0.122
Fastkd5,0.86882312,-0.022
Prosapip1,0.85352778,0.026
Ddrgk1,0.9568815,0.009
Slc4a11,0.66929553,0.096
4930402H24Rik,0.62652417,0.128
A730017L22Rik,0.29339548,-0.213
Gfra4,0.97259864,0.006
Adam33,0.13221944,-0.329
Siglec1,0.90302512,0.061
1700037H04Rik,0.35132337,-0.25
Spef1,0.88429159,0.029
Cenpb,0.10787008,-0.246
Rnf24,0.84283256,-0.093
Adra1d,0.01661595,-0.946
Erv3,0.42729457,-0.196
Rassf2,0.52929042,0.24
Slc23a2,0.69707611,0.09
Rpl18,0.43024932,-0.125
5730494N06Rik,0.51723305,-0.124
Pcna,0.18027072,0.196
Prokr2,0.95400115,-0.01
Gm10757,0.55288444,-0.145
Gpcpd1,0.46023059,-0.463
Trmt6,0.68592913,-0.053
Lrrn4,0.14259322,-0.34
Fermt1,0.83287028,-0.056
Hao1,0.42419421,-0.216
Tmx4,0.52443254,-0.117
Zfand1,0.19959212,-0.398
Affy_10488031,0.98237571,-0.004
Pak7,0.80527221,-0.041
Affy_10488046,0.26901323,0.218
Mkks,0.84546277,-0.027
Jag1,0.82579686,-0.049
Tasp1,0.10432832,0.425
Gm14072,0.9851607,0.006
Esf1,0.80238039,-0.059
Sel1l2,0.73862867,-0.062
Affy_10488145,0.053972068,0.275
Flrt3,0.77734431,0.05
Gm14105,0.61991175,-0.079
Kif16b,0.75661132,0.065
Bfsp1,0.99225502,-0.002
Rrbp1,0.67969755,-0.078
Hdac9,0.25078157,0.333
Gm5535,0.24247765,-0.325
Snx5,0.11214902,0.268
Affy_10488254,0.87095625,-0.026
Ovol2,0.55893706,-0.103
Calcoco2,0.60601763,-0.096
Dzank1,0.72825712,0.058
Rbbp9,0.27665736,-0.329
Gm14092,0.65759809,0.07
Crnkl1,0.76412144,0.055
Ralgapa2,0.85409613,0.031
Nkx2-4,0.28560789,-0.203
Nkx2-2,0.15675819,-0.264
Gm14115,0.894764,0.039
Foxa2,0.17533796,-0.323
Thbd,0.41485622,0.221
Cd93,0.63729891,0.184
Napb,0.88549812,-0.036
Cst11,0.34509066,0.188
9230104L09Rik,0.32251635,-0.166
Cst3,0.77266338,-0.068
Gm14129,0.48527421,-0.124
Gm1330,0.711347,-0.061
Gm10750,0.24292338,0.348
Affy_10488432,0.66810345,-0.089
C530025M09Rik,0.3444698,-0.247
C530025M09Rik,0.90932436,-0.028
Zfp120,0.18582146,0.308
Affy_10488449,0.89782369,0.055
3300002I08Rik,0.59955786,-0.114
Gm14122,0.63281388,0.135
Zfp442,0.2160113,0.344
Zfp345,0.80701094,0.055
Btbd1,0.59507139,-0.078
2310001A20Rik,0.21150513,0.265
Acss1,0.70166843,0.087
Vsx1,0.21324276,-0.302
Abhd12,0.47523901,0.158
Ninl,0.58713092,-0.104
Nanp,0.70386979,0.067
4921509C19Rik,0.92083112,-0.033
Snph,0.2668536,-0.207
Gm14160,0.51300424,-0.141
Gm14160,0.50386939,-0.147
Psmf1,0.93363929,-0.015
4930556L07Rik,0.71264957,-0.091
Fam110a,0.46636699,0.116
Rbck1,0.8855047,-0.02
Trib3,0.34355406,-0.247
Nrsn2,0.52152929,-0.11
Sox12,0.24595856,-0.302
Zcchc3,0.65571622,-0.104
Defb23,0.073644023,-0.446
Defb22,0.073872443,-0.396
Defb26,0.58149621,0.127
Defb29,0.27492006,-0.206
Defb19,0.26677388,-0.222
Defb45,0.22229979,-0.222
Defb25,0.14763984,-0.298
Bcl2l1,0.90928476,0.019
Foxs1,0.89277349,-0.029
Dusp15,0.55628873,-0.098
Pdrg1,0.053434627,1.072
Tspyl3,0.36283337,0.225
Plagl2,0.018309074,0.424
8430427H17Rik,0.64901074,-0.101
Commd7,0.18469118,0.559
Sun5,0.9227677,-0.019
Cdk5rap1,0.65745693,0.388
Snta1,0.93775651,-0.014
Necab3,0.061154221,-0.344
E2f1,0.93930743,-0.017
Pxmp4,0.80545185,0.049
4930519P11Rik,0.4246047,0.187
Gm14214,0.94892179,-0.03
Eif2s2,0.7746731,-0.07
Ahcy,0.67703391,-0.098
Pigu,0.03863535,-0.406
Ncoa6,0.68981827,0.076
Affy_10488860,0.13415993,0.262
Ggt7,0.22606781,-0.241
Gss,0.93506374,0.02
Trpc4ap,0.76900188,-0.034
Edem2,0.86796425,0.034
Mmp24,0.41403419,0.169
Eif6,0.86376531,-0.036
Fam83c,0.21155082,-0.279
Uqcc,0.60743772,0.097
Gdf5,0.52493478,-0.122
6430550D23Rik,0.64432771,0.102
Fer1l4,0.052363198,-0.472
Fer1l4,0.11500933,-0.294
Cpne1,0.29210714,0.151
Nfs1,0.54230536,-0.078
Rbm39,0.72604393,-0.052
Scand1,0.87007996,-0.034
Pdcd10,0.4473688,0.189
2900097C17Rik,0.96261255,0.007
Rpl37a,0.57836958,0.081
Rpl9,0.21711847,-0.166
5730471H19Rik,0.55063896,-0.148
4930518I15Rik,0.68306041,0.12
Sla2,0.83279068,-0.044
Ndrg3,0.048453436,-0.476
Dsn1,0.35615814,-0.241
9830001H06Rik,0.50551053,-0.164
Samhd1,0.89304134,0.056
Rbl1,0.57921416,-0.149
4922505G16Rik,0.58326232,0.124
Ghrh,0.28602135,-0.23
Rpl35a,0.7189151,0.07
Blcap,0.62732064,-0.076
Tti1,0.022542378,0.334
Tgm2,0.50644261,0.246
D630003M21Rik,0.16134748,-0.444
9430008C03Rik,0.41640218,0.205
9430008C03Rik,0.85459656,-0.05
9430008C03Rik,0.63158112,0.12
Gm826,0.3633595,-0.251
Mafb,0.4846582,-0.32
Zhx3,0.84867237,-0.029
Emilin3,0.93257234,0.023
Chd6,0.59766515,0.086
Affy_10489299,0.89557914,-0.052
Rpl29,0.27427211,-0.223
Ptprt,0.79497939,0.039
Affy_10489341,0.69143111,-0.078
Ptpla,0.49619904,-0.189
Gm11453,0.1373815,-0.364
Gtsf1l,0.96622002,-0.008
Jph2,0.082727509,-0.379
Jph2,0.36605363,-0.136
3230401D17Rik,0.77946196,0.056
Fitm2,0.49110133,0.192
0610008F07Rik,0.071525847,0.637
Serinc3,0.20936303,-0.254
Ada,0.88857618,0.037
Rims4,0.84273511,0.044
Tomm34,0.16051934,0.366
Kcns1,0.2254414,-0.267
Wfdc5,0.65983537,0.107
Wfdc12,0.056403609,-0.352
Wfdc15a,0.56871898,-0.148
Wfdc15b,0.002750214,-1.467
Semg1,0.30641127,-0.295
Svs3b,0.56215766,-0.159
Svs4,0.42235315,-0.147
Slpi,0.99495221,-0.002
Matn4,0.58698939,0.104
Sdc4,0.14607896,-0.406
Trp53tg5,0.77951016,-0.066
Dbndd2,0.14204965,-0.446
Spint3,0.65612596,0.102
Wfdc6a,0.67766015,-0.165
Spinlw1,0.25172503,-0.328
Wfdc8,0.32081067,-0.207
Wfdc16,0.2990741,-0.224
Wfdc9,0.734284,-0.07
Wfdc11,0.27004624,-0.222
Wfdc3,0.07923643,-0.371
Wfdc3,0.2541763,-0.239
Tnnc2,0.64337993,-0.094
Acot8,0.33665812,0.185
1700020C07Rik,0.48526738,0.157
Neurl2,0.74073461,0.07
Pltp,0.13369191,1.265
Pcif1,0.73868311,-0.063
Zfp335,0.12542965,0.21
Ncoa5,0.023939616,0.35
Cdh22,0.29664562,-0.16
Slc35c2,0.002587489,-0.381
Elmo2,0.971377,0.006
Zfp663,0.55656078,0.117
Zfp334,0.85699752,-0.034
4833422F24Rik,0.66689866,0.102
Slc13a3,0.97858194,-0.016
2810408M09Rik,0.26116175,-0.283
LOC280487,0.17746195,2.12
Zmynd8,0.58150077,0.102
Sulf2,0.98535275,-0.009
Affy_10489782,0.27082855,0.262
Prex1,0.58986104,-0.108
Affy_10489829,0.29963028,0.28
Stau1,0.99460426,0.001
Znfx1,0.42284402,0.18
Gm11472,0.74921539,0.115
Kcnb1,0.88025914,-0.029
Ptgis,0.86186946,-0.026
B4galt5,0.56326242,-0.222
Spata2,0.1167781,-0.322
Ube2v1,0.78165856,0.124
Tmem189,0.61390959,0.168
Fam65c,0.6337775,-0.081
Adnp,0.52397683,-0.095
Dpm1,0.54170102,-0.096
Kcng1,0.55873904,-0.125
Nfatc2,0.30396086,-0.186
Gm10724,0.20124724,-0.331
Atp9a,0.31714577,-0.36
Sall4,0.54300584,-0.142
Zfp64,0.56049308,-0.084
Affy_10490045,0.092077417,-0.348
AY702102,0.18781942,-0.403
Zfp217,0.77003037,-0.063
Bcas1,0.76484663,-0.059
Sumo1,0.26972902,0.302
Cyp24a1,0.32435116,-0.267
4930470P17Rik,0.41351702,0.185
Cbln4,0.053857307,-0.302
Aurka,0.42077583,0.143
Cass4,0.38546558,-0.206
Gcnt7,0.31361023,-0.246
Rps29,0.37753708,0.153
Bmp7,0.049065326,-0.651
Ctcfl,0.94216494,0.015
Zbp1,0.68055852,0.254
Pmepa1,0.77792196,0.083
Ankrd60,0.73431712,-0.072
Ppp4r1l-ps,0.68896112,-0.056
Affy_10490192,0.38671133,-0.185
Gm10714,0.59424444,-0.114
mir-296,0.27970856,-0.273
Mir298,0.87526917,-0.042
Gnas,0.039941206,0.681
Ctsz,0.098483427,-0.389
Atp5e,0.38695152,0.145
Slmo2,0.44626294,-0.085
Affy_10490232,0.076298889,0.346
Gm2049,0.88147887,-0.033
Gm6710,0.14852551,0.368
Affy_10490248,0.14166567,0.422
Gm14434,0.1890066,0.293
Rps8,0.40813955,-0.11
Gm14434,0.40269987,0.247
Gm14434,0.40269987,0.247
Gm14434,0.40269987,0.247
Gm14434,0.40269987,0.247
Gm2049,0.88147887,-0.033
Gm14305,0.29223635,0.326
Etohi,0.15013396,0.236
Gm14407,0.69539884,-0.078
Affy_10490289,0.34819765,0.215
Gm14434,0.40269987,0.247
Gm14434,0.056418279,0.437
Affy_10490299,0.34750555,-0.336
2810021G02Rik,0.22112939,0.695
Sycp2,0.91856616,-0.015
Ppp1r3d,0.068397996,-0.322
Taf4a,0.7138828,0.052
Psma7,0.4348646,-0.21
Hrh3,0.22745825,-0.274
Lama5,0.67106309,-0.081
Cables2,0.38664741,0.24
Rbbp8nl,0.083557205,-0.315
Gata5,0.31522958,0.196
Tcfl5,0.78305975,-0.05
Dido1,0.62236471,0.065
Bhlhe23,0.15135875,-0.25
Gm14340,0.053202441,-0.454
Ythdf1,0.29105203,-0.158
Nkain4,0.59300506,-0.11
Chrna4,0.19132686,0.616
Kcnq2,0.30813426,-0.156
Eef1a2,0.97840948,0.006
Ptk6,0.2299397,0.288
Srms,0.80772883,0.057
BC006779,0.67454768,0.126
Gmeb2,0.16936727,0.25
Stmn3,0.23708185,-0.229
Stmn3,0.27137302,-0.277
Arfrp1,0.15468799,-0.301
Zbtb46,0.32157485,-0.214
Uckl1,0.62111281,0.082
Znf512b,0.24099811,-0.216
Samd10,0.38951223,-0.194
Sox18,0.8022007,-0.051
Affy_10490734,0.80035292,-0.046
Rgs19,0.69373247,0.118
4930526D03Rik,0.90417284,-0.026
Affy_10490751,0.80751143,0.051
Hnf4g,0.06686407,-0.329
Rps24-ps2,0.2258174,0.488
Affy_10490770,0.65646308,0.151
Hnrnph2,0.062313506,0.326
Gm10748,0.058758181,-0.254
Zfhx4,0.88362392,-0.024
Pkia,0.94781036,0.013
Gm8826,0.81373677,0.051
Zc2hc1a,0.39794579,0.207
Affy_10490813,0.76511615,-0.038
Gm5841,0.64559469,0.158
Stmn2,0.044208139,-0.382
Rpl29,0.4537463,-0.15
Zbtb10,0.78772566,0.068
Gm6236,0.24262482,-0.305
Fabp5,0.51036738,-0.361
Myef2,0.7920556,-0.072
Chmp4c,0.85473275,-0.057
Affy_10490852,0.59269784,-0.124
Gm13051,0.11291194,1.071
Ralyl,0.080842513,-0.28
Slc7a12,0.937123,-0.014
Lrrcc1,0.44889482,0.242
E2f5,0.85361461,0.044
Car13,0.95797598,0.013
Car3,0.32328352,-0.288
Car2,0.41806271,0.425
Ythdf3,0.67551133,-0.046
mir-124-2,0.46961195,-0.182
Cypt12,0.78138064,-0.062
Hsp90aa1,0.9567361,-0.019
Bhlhe22,0.56247516,-0.112
Affy_10490953,0.11960351,-0.371
Mtfr1,0.47174634,-0.128
Dnajc5b,0.36042578,-0.27
Affy_10490970,0.2551679,0.496
Trim55,0.78954856,-0.053
BC002189,0.71167716,-0.086
Affy_10490984,0.5044706,0.201
4632415L05Rik,0.68090333,0.066
Cp,0.80590826,-0.041
Hltf,0.15692104,0.427
Nudt21,0.65007391,0.087
Tbl1xr1,0.37017376,-0.162
Tbl1xr1,0.15252817,-0.256
Parp2,0.31957043,0.327
Spin3,0.81637321,-0.084
Rpl27a,0.89331398,-0.021
Affy_10491064,0.44321985,-0.183
Nlgn1,0.92178569,0.019
Spata16,0.32534644,-0.142
Affy_10491081,0.39989465,-0.169
Nceh1,0.88520337,-0.058
Tnfsf10,0.45077744,0.295
Ghsr,0.76474165,-0.052
Pld1,0.25887665,0.368
Tnik,0.16466019,-0.311
Slc2a2,0.85009688,0.057
Eif5a2,0.83466187,-0.041
Rpl22l1,0.5626727,-0.113
Gm1527,0.79042409,0.046
Egfem1,0.46406999,-0.304
mir-551b,0.29123523,-0.226
Mynn,0.6120752,0.127
Lrriq4,0.49772868,-0.141
Samd7,0.87584493,0.028
Sec62,0.13825163,-0.142
Gpr160,0.78279073,-0.065
Prkci,0.31987505,0.137
Skil,0.8557955,0.052
Cldn11,0.59573773,-0.089
Kcnmb2,0.00738232,-0.66
4930429B21Rik,0.27467798,-0.234
Pik3ca,0.5179964,-0.074
Zfp639,0.22271159,0.45
Mfn1,0.68091707,0.12
Actl6a,0.64790539,0.155
Mrpl47,0.22016351,0.254
Ndufb5,0.80180227,0.03
Usp13,0.97678358,-0.005
Pex5l,0.56331625,0.068
Ttc14,0.63155181,0.089
Fxr1,0.67086792,0.076
Gm5708,0.026635285,-0.586
Sox2,0.67497906,-0.043
Affy_10491484,0.77325698,0.068
Atp11b,0.65541471,0.09
Affy_10491518,0.79790416,0.057
B230207O21Rik,0.71439281,-0.058
A330050B17Rik,0.68537935,0.087
Acad9,0.77892624,0.063
1810062G17Rik,0.56972749,-0.155
Exosc9,0.10609825,0.448
4932438A13Rik,0.25399824,0.411
4932438A13Rik,0.073132448,0.786
4932438A13Rik,0.17773624,0.609
4932438A13Rik,0.14071083,1.058
4932438A13Rik,0.2280329,0.5
4932438A13Rik,0.20926025,0.312
4932438A13Rik,0.44078561,0.229
4932438A13Rik,0.36664639,0.276
4932438A13Rik,0.41489393,0.22
4932438A13Rik,0.45135526,0.239
4932438A13Rik,0.42362137,0.251
4932438A13Rik,0.10220029,0.79
4932438A13Rik,0.53816514,0.186
4932438A13Rik,0.24829941,0.404
4932438A13Rik,0.33298705,0.285
4932438A13Rik,0.30252635,0.32
4932438A13Rik,0.18651118,0.362
4932438A13Rik,0.087135502,0.585
4932438A13Rik,0.17459738,0.43
Adad1,0.45576813,-0.119
Adad1,0.53224755,0.198
Bbs12,0.14063188,0.25
Fgf2,0.256442,0.162
Spata5,0.12337608,0.304
Spry1,0.94442921,0.011
Rps23,0.97808901,0.004
Fat4,0.04009998,-0.364
Affy_10491751,0.95579264,-0.01
Intu,0.5120618,0.104
Slc25a31,0.48356631,-0.25
Hspa4l,0.15181818,0.373
Plk4,0.27526629,0.17
3110057O12Rik,0.90478248,-0.027
3110057O12Rik,0.80985897,-0.069
Larp1b,0.70198624,0.074
Affy_10491846,0.95553656,0.021
Larp1b,0.92294997,-0.034
Affy_10491858,0.076910046,0.43
Phf17,0.1541924,-0.3
D3Ertd751e,0.20933781,0.425
Acp1,0.29089441,-0.184
Pcdh10,0.54237515,0.101
Affy_10491895,0.5935783,0.119
Affy_10491897,0.77293485,-0.1
4932443G14,0.72898118,-0.051
Affy_10491913,0.81659802,0.047
Ccrn4l,0.028621018,-1.275
Elf2,0.39746669,-0.164
Naa15,0.74847021,0.061
Rab33b,0.45635008,-0.104
Mgst2,0.18115328,-0.207
Gm10729,0.77616945,-0.052
Affy_10491960,0.62327756,0.156
Foxo1,0.65410237,-0.072
Gapdh,0.66256339,-0.062
Lhfp,0.24340845,0.428
Proser1,0.80348949,-0.033
Stoml3,0.81587905,-0.056
Gm10727,0.85307847,-0.027
Gm8109,0.77834426,0.123
Trpc4,0.27428433,-0.308
Postn,0.98212978,0.015
Hnrnpa3,0.80808762,0.072
Fam48a,0.58041912,0.114
Alg5,0.54186669,0.1
Smad9,0.85508984,-0.1
Spg20,0.70139215,0.087
C13orf38,0.49125112,-0.109
Sohlh2,0.6070293,-0.084
Dclk1,0.99080729,0.002
Affy_10492165,0.95401211,-0.012
Affy_10492167,0.82971037,-0.062
Mab21l1,0.46268103,-0.174
Affy_10492172,0.88399081,-0.019
Tm4sf4,0.13827057,1.108
Rnf13,0.62774111,0.141
Affy_10492193,0.90787566,-0.016
Tsc22d2,0.12914452,-0.246
Eif2a,0.23833599,0.196
Selt,0.93042654,0.014
Rpl13,0.99459106,-0.001
Med12l,0.44415669,0.327
4930449A18Rik,0.30280622,-0.248
C130079G13Rik,0.38530477,0.132
Affy_10492291,0.43732132,-0.236
Aadacl2,0.35709472,0.204
Aadac,0.76130231,0.05
Sucnr1,0.79214398,0.174
Mbnl1,0.7781472,-0.052
Ube2v1,0.41280779,-0.09
P2ry1,0.91334448,0.034
Rap2b,0.96482064,-0.014
4631416L12Rik,0.72795903,0.118
Mme,0.34504907,1.664
Gmps,0.76420091,0.049
Vmn2r1,0.88731119,-0.029
Kcnab1,0.63223442,-0.084
Affy_10492424,0.86806172,0.037
Acsf2,0.89694266,-0.023
Tiparp,0.22114502,0.264
LOC630761,0.049260353,-0.521
Lekr1,0.86351718,0.039
Affy_10492442,0.57350996,-0.099
Ptx3,0.72547594,-0.058
Affy_10492452,0.64388775,-0.146
Affy_10492454,0.56856501,-0.125
Rsrc1,0.20497181,0.235
Mlf1,1,0
Gfm1,0.8799996,-0.026
Mfsd1,0.16838196,-0.264
Iqcj,0.82345368,-0.042
Schip1,0.81191071,-0.035
Affy_10492536,0.86852574,-0.043
Gm10723,0.84375223,0.041
Il12a,0.062436423,-0.467
Gm7270,0.7664122,0.051
1110032F04Rik,0.079337057,-0.335
Smc4,0.15534654,0.386
mir-15b,0.35641815,0.178
mir-16-2,0.37910597,0.2
Arl14,0.10352961,-0.282
Ppm1l,0.26379605,-0.303
Nmd3,0.11497306,-0.289
Otol1,0.14645784,-0.363
Affy_10492621,0.63660651,-0.076
Affy_10492625,0.93601745,0.013
Serpini1,0.77632063,-0.046
Fstl5,0.10215523,-0.194
Gm5523,0.71211986,-0.054
Affy_10492660,0.58335051,0.143
LOC100233207,0.26863236,-0.313
4930589L23Rik,0.97674097,-0.006
Ppid,0.62311286,0.093
4930579G24Rik,0.92124611,0.025
Fam198b,0.50856576,0.12
Pdgfc,0.52757004,0.215
Ctso,0.60649933,-0.125
Accn5,0.26300527,-0.292
Mtap9,0.95633629,-0.01
Fgg,0.30450808,-0.136
Fga,0.56337216,0.155
Fga,0.43779958,0.47
Plrg1,0.8950989,0.026
LOC633371,0.57165978,-0.139
Sfrp2,0.33423899,0.168
Affy_10492803,0.19421805,0.186
Tigd4,0.39466838,-0.16
Tmem154,0.57612314,-0.095
Affy_10492824,0.47475662,0.148
Fbxw7,0.90081412,0.02
Pet112l,0.44916914,0.161
Higd1a,0.049302729,0.468
Sh3d19,0.56243232,0.172
Affy_10492888,0.34845592,0.258
Lrba,0.38044278,0.135
Affy_10492951,0.83305098,0.056
Affy_10492953,0.39604513,0.304
Affy_10492955,0.83405961,0.052
Cd1d2,0.41995775,-0.235
Cd5l,0.5316147,0.391
Fcrl1,0.83523255,0.039
Fcrl5,0.84537359,-0.099
Etv3,0.88159688,0.028
Etv3l,0.76010376,-0.056
Arhgef11,0.92993383,-0.013
Insrr,0.35403114,-0.18
Sh2d2a,0.93718161,-0.014
Hdgf,0.51758318,0.078
Mrpl24,0.34227605,0.233
Isg20l2,0.80301734,0.06
Crabp2,0.73801154,0.077
Nes,0.42187364,0.208
Gpatch4,0.39027072,-0.147
Iqgap3,0.91639236,-0.022
Mef2d,0.93117312,-0.017
Mef2d,0.29122916,0.231
mir-9-1,0.42934862,0.167
Cct3,0.25985962,0.226
0610031J06Rik,0.74160206,-0.048
Smg5,0.74764129,0.043
Paqr6,0.3456189,-0.204
Rpl21,0.99318621,-0.001
Mex3a,0.8906909,0.031
Ubqln4,0.70804882,0.076
Ssr2,0.69932528,0.075
Arhgef2,0.67827846,0.1
Blom7a,0.14755144,-0.226
Scarna4,0.10418035,0.726
Rit1,0.58096173,-0.139
Gon4l,0.20295739,0.202
Gon4l,0.2675211,1.19
Gon4l,0.88465364,-0.031
Affy_10493345,0.59980912,-0.158
Ash1l,0.25185604,-0.125
Affy_10493377,0.21098437,-0.223
Gm6835,0.8875859,-0.031
Pklr,0.59172544,0.296
Clk2,0.99472832,0.001
Scamp3,0.72155644,-0.082
Fam189b,0.67963412,-0.108
Gba,0.70168621,0.064
Thbs3,0.41905742,-0.132
Muc1,0.29937034,0.206
Krtcap2,0.85793689,-0.053
Dpm3,0.51940022,-0.112
Efna3,0.81980158,0.147
Adam15,0.48574294,-0.197
Dcst1,0.25476233,-0.299
Dcst2,0.59467798,-0.116
Gm15417,0.47191375,0.193
Shc1,0.18307482,0.211
Pygo2,0.79993744,-0.039
Pbxip1,0.27143744,-0.182
Pmvk,0.32143863,0.418
Kcnn3,0.86979711,-0.032
Adar,0.99442835,-0.002
Ube2q1,0.45667383,-0.113
She,0.76757571,-0.042
C1orf43,0.086231133,0.3
1700094D03Rik,0.22962758,0.329
mir-190b,0.20899917,0.186
Tpm3,0.45736297,-0.145
Nup210l,0.76821937,-0.05
Affy_10493658,0.57885411,0.115
Nup210l,0.43175938,-0.174
Nup210l,0.2305299,-0.326
Nup210l,0.89451197,0.028
Nup210l,0.5028825,-0.16
Nup210l,0.016884321,-0.462
Nup210l,0.79720699,-0.045
Nup210l,0.13193017,-0.303
Nup210l,0.74499176,-0.072
Rab13,0.31840871,-0.18
Jtb,0.20754262,-0.228
Slc39a1,0.50022112,-0.126
Crtc2,0.67316184,-0.084
Dennd4b,0.54913272,0.118
Gatad2b,0.51001037,-0.106
Ilf2,0.75218129,0.057
S100a13,0.047033197,0.283
S100a14,0.55524877,0.162
S100a16,0.30705135,0.171
S100a3,0.70557146,-0.072
S100a2,0.66184223,-0.089
S100a4,0.8298812,0.057
S100a5,0.86256673,-0.034
S100a6,0.87005151,0.04
S100a7a,0.44801714,-0.168
S100a8,0.13928086,0.451
Pglyrp4,0.54151765,-0.122
Pglyrp3,0.062002708,-0.301
Sprr2a1,0.50824939,0.112
Sprr2a1,0.49318581,-0.198
Sprr2a1,0.49318581,-0.198
Sprr2b,0.66445473,0.096
Sprr2d,0.80987262,-0.053
Sprr2e,0.56333035,-0.191
Sprr2f,0.49454824,-0.129
Sprr2g,0.44766412,-0.112
Sprr2h,0.77507808,0.053
Sprr2i,0.93314286,-0.015
Sprr2j-ps,0.64250411,-0.08
Sprr2k,0.23106934,-0.259
Lce1c,0.31106234,-0.42
Ywhaz,0.60240506,-0.086
Affy_10493894,0.66168772,-0.123
Lce3b,0.20166869,-0.364
Lce3c,0.9822271,0.006
Lce3c,0.24015707,-0.288
Affy_10493905,0.88004274,0.043
Lce3f,0.21115551,-0.374
Gm4858,0.90004289,-0.042
Crnn,0.75353563,0.081
Flg2,0.84379826,-0.045
Flg2,0.61530544,0.117
Hrnr,0.6251228,-0.131
Rptn,0.78151079,0.05
Tchh,0.094438061,-0.444
Tchhl1,0.16487563,-0.313
S100a11,0.18707014,1.072
S100a10,0.20326551,0.469
Tdpoz2,0.67737913,-0.08
Tdpoz4,0.96631869,-0.01
Tdpoz3,0.37585578,-0.204
Gm10696,0.42538741,-0.172
Them4,0.60372154,0.156
Them5,0.55402575,-0.16
Rorc,0.91991282,-0.025
Lingo4,0.12713875,-0.327
Tdrkh,0.64691405,-0.095
Mrpl9,0.94232608,-0.014
Celf3,0.84322918,-0.052
Selenbp2,0.10157092,-1.833
Pogz,0.33694471,0.176
Selenbp1,0.069416955,-1.189
Rfx5,0.041971177,0.44
Pi4kb,0.43173127,0.102
Affy_10494151,0.086987907,-0.277
Vps72,0.89186164,0.023
Tmod4,0.28796891,-0.703
Lysmd1,0.15095319,0.236
Sema6c,0.98758142,0.003
Cdc42se1,0.35962699,0.133
Fam63a,0.15909718,0.222
Lass2,0.94735079,0.011
Arnt,0.24546083,0.166
Ctsk,0.38549964,-0.216
Ctss,0.51794768,0.437
Hormad1,0.9403093,-0.017
Golph3l,0.4130032,0.204
Rps10,0.91409983,-0.014
Ensa,0.51977029,0.109
Mcl1,0.79864121,-0.047
Aph1a,0.87249841,-0.033
Anp32e,0.27794472,0.239
Affy_10494332,0.8214945,0.066
Otud7b,0.31176379,0.156
Mtmr11,0.71511705,0.201
Sf3b4,0.39251611,0.244
Sv2a,0.47892976,0.143
Hist1h2an,0.18127932,0.24
Hist2h2be,0.38626662,-0.174
Hist2h2aa1,0.17684934,0.235
Hist2h2aa1,0.050146318,0.392
Hist2h3c1,0.044270587,0.729
Hist2h3b,0.034081788,0.77
Hist2h2bb,0.058544708,0.388
Rnu1b1,0.95200004,0.019
Rnu1b1,0.70853182,0.142
Affy_10494415,0.15016628,-0.414
Rnu1b1,0.95200004,0.019
Gm10685,0.50658039,-0.132
Rnu1b1,0.70853182,0.142
Hfe2,0.026027405,0.403
Txnip,0.86710442,0.056
Ankrd34a,0.5684985,-0.144
Lix1l,0.1497541,-0.32
Rbm8a,0.41058419,0.153
Pex11b,0.84905741,-0.032
Itga10,0.52423173,-0.135
Ankrd35,0.020272721,-0.619
Pias3,0.36389037,0.163
Rnf115,0.77783506,-0.033
Pdzk1,1,0
Gja5,0.87771849,-0.034
Acp6,0.47687303,-0.119
Fmo5,0.89333764,-0.034
Prkab2,0.92856412,0.016
Sec22b,0.98653289,-0.003
Gm5544,0.56784046,0.107
Notch2,0.88541642,-0.025
Adam30,0.42691179,0.145
Reg4,0.35719901,-0.191
Hmgcs2,0.098350973,-0.215
Zfp697,0.30525815,-0.192
Ywhah,0.94677611,-0.018
Wars2,0.67611526,-0.078
Tbx15,0.98547691,-0.003
Spag17-ps,0.098853269,-0.248
Gdap2,0.18665771,-0.295
Affy_10494751,0.49754464,-0.089
Affy_10494753,0.19454663,0.374
Gm12474,0.31309272,-0.225
Vtcn1,0.95100576,-0.028
Trim45,0.20936455,-0.294
Igsf3,0.56240486,-0.14
Nhlh2,1,0
Casq2,0.87059841,-0.03
Ngf,0.53288143,0.151
Tspan2,0.79490673,-0.041
Sike1,0.92377398,-0.023
Csde1,0.77778908,0.032
Nras,0.38482064,0.153
Ampd1,0.39837347,-0.142
Dennd2c,0.20602033,0.217
Bcas2,0.96212754,0.009
Trim33,0.98419955,0.004
Syt6,0.36052818,-0.208
Ap4b1,0.8505896,-0.029
Bcl2l15,0.72822647,-0.05
Ptpn22,0.84739597,0.07
Rsbn1,0.48251943,0.135
Phtf1,0.15116314,0.146
Slc16a1,0.64266927,0.123
Ppm1j,0.54732782,-0.101
Rhoc,0.87933361,0.056
St7l,0.53306453,-0.096
4930564D02Rik,0.47171039,0.142
Kcnd3,0.5299179,-0.118
6530418L21Rik,0.48598233,-0.161
Adora3,0.64966231,-0.08
Adora3,0.71939851,-0.059
Wdr77,0.3443992,0.18
Ovgp1,0.41887053,-0.182
Gm4248,0.74111506,0.096
Chia,0.17488019,-0.231
Dennd2d,0.12122577,0.406
Dram2,0.65131549,0.08
C1orf103,0.57049771,0.091
Kcna3,0.56530324,-0.125
AI504432,0.32958669,-0.289
A930002I21Rik,0.59791546,-0.086
Kcna2,0.54459136,0.156
Gm10672,0.42313864,0.2
Kcna10,0.087022914,-0.388
Hbxip,0.86582715,-0.022
Slc16a4,0.19151637,0.18
Alx3,0.36197729,-0.246
Eps8l3,0.49238069,-0.159
Gstm5,0.88161711,0.051
Romo1,0.70876599,-0.072
Affy_10495255,0.065728019,-0.486
Ampd2,0.70719523,-0.076
Gnat2,0.83062584,0.041
Amigo1,0.68412482,-0.084
Psma5,0.50259147,0.1
Sort1,0.097164364,-0.772
Mybphl,0.20727951,-0.308
Psrc1,0.38854422,0.132
Affy_10495330,0.25339659,-0.195
1700013F07Rik,0.14500819,-0.262
Taf13,0.50677732,-0.191
Wdr47,0.48978603,0.198
Clcc1,0.62915227,-0.094
Aknad1,0.72186533,-0.078
4921515J06Rik,0.78617358,-0.05
4930443G12Rik,0.634963,-0.078
Slc25a24,0.40952995,0.246
Vav3,0.64818593,0.067
Affy_10495447,0.82854444,0.032
Col11a1,0.23358742,-0.226
Olfm3,0.4264502,-0.406
Gm9889,0.62436079,-0.115
Dph5,0.9693087,0.006
Extl2,0.10528237,0.353
Dbt,0.56222177,-0.13
Lrrc39,0.62576114,0.215
Sass6,0.48547183,0.274
Affy_10495592,0.26720139,-0.271
Affy_10495594,0.89234595,0.02
Frrs1,0.1532567,-0.391
Lppr5,0.38075551,0.282
mir-137,0.65685157,0.072
Gm9916,0.34151804,-0.279
Dpyd,0.53069591,0.111
Gm10652,0.37860655,0.205
Alg14,0.3695815,0.263
Alg14,0.87304555,0.03
Cnn3,0.59792128,-0.089
4930432M17Rik,0.19096759,-0.198
F3,0.18059612,-0.454
Arhgap29,0.10228238,0.526
Abca4,0.19771341,-0.223
Gclm,0.3377041,0.34
Dnttip2,0.2403449,0.165
Bcar3,0.8695684,0.023
Pde5a,0.37936205,0.178
Fabp2,0.93624996,0.034
C4orf3,0.3535818,-0.606
Sec24d,0.26517317,0.283
Prss12,0.68172087,-0.095
Gm9372,0.63657394,-0.091
Tram1l1,0.77930936,0.042
Ptma,0.92580053,0.015
Affy_10495876,0.29297032,0.194
Ndst4,0.2578983,-0.233
Arsj,0.041956161,-0.317
Camk2d,0.12344752,0.416
mir-302b,0.64326346,0.073
mir-302c,0.77530657,-0.068
mir-302a,0.46385952,0.091
Mir302d,0.96150496,-0.01
mir-367,0.31050113,0.156
4930422G04Rik,0.75879423,-0.07
4930422G04Rik,0.86129231,-0.038
4930422G04Rik,0.7885019,0.038
Neurog2,0.46135225,-0.15
Tifa,0.61246313,0.185
Gm10650,0.57638952,-0.123
Affy_10495974,0.76854739,0.057
Pitx2,0.02619791,-0.331
Gm5712,0.89202483,-0.033
Rpl7a,0.64382846,0.059
Affy_10495991,0.1282455,0.248
Elovl6,0.23157168,0.868
Cfi,0.23645566,-0.244
Pla2g12a,0.096362604,-0.53
Casp6,0.33701135,-0.311
Rpl12,0.63485964,-0.08
Col25a1,0.39388308,-0.212
Agxt2l1,0.73106245,0.193
Lef1,0.39464224,-0.172
Papss1,0.32649394,0.258
Dkk2,0.31807191,-0.208
Tbck,0.26735012,0.172
Ints12,0.50664308,0.131
LOC280487,0.17746195,2.12
Ppa2,0.24581938,0.232
Cxxc4,0.49637056,-0.112
Tacr3,0.56282299,0.122
Affy_10496200,0.11334405,-0.394
Affy_10496202,0.51536426,-0.084
Cenpe,0.88143183,-0.02
Bdh2,0.77619964,0.12
Nhedc2,0.98269326,0.006
Nhedc1,0.60746346,-0.08
Ube2d3,0.23814501,-0.152
Manba,0.22152138,0.294
Gm9799,0.79963706,0.052
Slc39a8,0.65736217,-0.086
LOC280487,0.17746195,2.12
Ppp3ca,0.82855226,-0.028
Affy_10496357,0.54428041,-0.173
Emcn,0.16271797,0.407
Ddit4l,0.30808595,-0.302
H2afz,0.11777136,0.316
Dnajb14,0.60437898,0.082
Mapksp1,0.613845,-0.064
Gm5105,0.76928809,0.052
Rg9mtd2,0.39310128,-0.266
Adh7,0.6967864,0.081
Adh1,0.84496097,-0.028
Adh6a,0.80742095,-0.044
Affy_10496455,0.74790922,-0.067
Adh6b,0.074592223,-0.521
Adh6-ps1,0.20407086,3.275
Adh4,0.55202392,-0.233
Adh5,0.43522655,0.112
Eif4e,0.87299514,0.043
Eif4e,0.074466794,-0.444
Affy_10496492,0.68966807,-0.111
Tspan5,0.043929864,-0.492
B930007M17Rik,0.88672996,-0.021
Unc5c,0.14752333,-0.333
Gbp5,0.25718762,0.41
Gbp1,0.42507509,0.441
Gbp7,0.85374475,0.1
Gbp3,0.291426,0.665
Gbp2,0.48616868,0.491
Ccbl2,0.61279163,-0.179
Gtf2b,0.67672679,-0.139
Gapdh,0.66256339,-0.062
15-Sep,0.45761432,-0.104
Odf2l,0.038847125,0.527
Col24a1,0.52160107,-0.124
Znhit6,0.1735062,-0.264
Ddah1,0.53319412,0.258
Rpl36a,0.65625929,0.131
Bcl10,0.98875646,0.004
2410004B18Rik,0.85289345,-0.035
Syde2,0.9217729,-0.024
Mcoln3,0.2366165,0.206
Mcoln2,0.47418819,-0.132
Lpar3,0.63356325,-0.066
Ssx2ip,0.66840118,0.073
Ctbs,0.93293238,0.018
Gng5,0.31779725,0.268
Uox,0.65343535,0.056
Hmgb1,0.82348826,0.029
Ttll7,0.3740754,-0.173
Ttll7,0.63998574,0.096
Affy_10496862,0.15389833,-0.338
Gm5149,0.89031889,-0.025
Eltd1,0.065407844,0.444
Affy_10496888,0.3528301,-0.263
Gipc2,0.83299758,-0.064
Fubp1,0.94274008,0.012
Affy_10496917,0.98921354,-0.015
Usp33,0.98500813,-0.002
Zzz3,0.41304415,-0.123
Pigk,0.63931961,-0.082
Asb17,0.91742864,-0.018
Slc44a5,0.58042997,0.114
Cryz,0.55018664,-0.149
C1orf173,0.76856138,0.063
Affy_10497031,0.75374946,0.061
Lrriq3,0.96106261,0.013
Affy_10497045,0.46836409,-0.13
Affy_10497048,0.68760907,0.086
Negr1,0.045741127,-0.334
Affy_10497064,0.81104579,-0.056
Zranb2,0.61034403,0.128
mir-186,0.17582526,0.404
Ptger3,0.72780101,-0.049
1810013D15Rik,0.71153655,-0.107
Ankrd13c,0.63648848,-0.078
Lrrc40,0.31088425,0.192
Depdc1a,0.26166173,0.193
Rpe65,0.95702619,0.011
Wls,0.60561893,0.11
Affy_10497165,0.36789405,-0.193
Affy_10497167,0.7535325,-0.054
Gm6140,0.35733134,-0.213
Pxmp3,0.099843086,0.318
1700008P02Rik,0.12478815,0.304
Affy_10497186,0.81027247,-0.04
Il7,0.82894879,0.04
5330432E05Rik,0.61173847,-0.133
Tmem189,0.98038614,-0.007
Affy_10497201,0.48593241,-0.167
Hey1,0.83330376,0.049
Mrps28,0.53173691,0.138
Tpd52,0.30864713,0.256
Zfp704,0.5030041,0.121
Pag1,0.15537424,-0.202
Affy_10497248,0.87605602,-0.028
Pag1,0.29204915,-0.265
Pmp2,0.73873381,0.071
Fabp9,0.84678881,-0.034
Fabp4,0.75517975,0.136
Fabp12,0.27155331,-0.251
Impa1,0.08169936,0.491
Slc10a5,0.066948281,1.017
Zfand1,0.25727796,-0.301
Snx16,0.8185301,0.047
Affy_10497319,0.64959372,0.142
Pgam1,0.98744553,0.003
A_55_P1975330,0.36871782,-0.165
Hmgb1,0.69250555,0.062
Hmgcs2,0.17746195,2.12
Affy_10497329,0.77253305,0.081
C8orf59,0.11153551,-0.404
Car1,0.13195697,-0.713
Gm16399,0.49547597,0.082
Gm9733,0.25446888,-0.26
Sirpb1a,0.53856219,0.237
Sirpb1a,0.55097295,0.254
Sirpb1a,0.6455607,0.225
Sirpb1a,0.69566523,0.143
Gm5150,0.9225198,0.066
Affy_10497376,0.74539459,-0.062
Gm10742,0.37751363,-0.17
Cyp7b1,0.2682851,-1.064
Armc1,0.27180583,-0.162
Pde7a,0.94886112,-0.015
Crh,0.29941223,0.156
Hps3,0.46948959,0.16
Gyg,0.7629676,0.092
Cpa3,0.93650669,0.018
Cpb1,0.040643997,-1.036
Agtr1b,0.68753726,0.086
2810416G20Rik,0.86881108,0.068
Hmgb1,0.47347738,0.133
Affy_10497485,0.68696976,0.141
Affy_10497487,0.9228144,0.037
Naaladl2,0.92897697,-0.032
Naaladl2,0.26424755,0.47
Kpna2,0.72327091,0.074
Nlgn1,1,0
Ect2,0.1265407,0.425
Fndc3b,0.63934568,0.155
Affy_10497580,0.53714134,0.101
Tmem212,0.14863139,-0.211
Yae1d1,0.8321913,-0.036
Mecom,0.41299399,0.177
Mecom,0.63701643,-0.106
Gm10258,0.66578581,0.074
1600017P15Rik,0.51092476,-0.136
Arpm1,0.36744219,-0.221
Lrrc34,0.96146366,-0.006
Affy_10497636,0.081394945,-0.389
Sec62,0.42814732,-0.222
Phc3,0.84894873,0.055
Phc3,0.44201983,-0.122
Slc7a14,0.6375696,-0.114
Zmat3,0.58152982,0.146
Kcnmb3,0.25010173,-0.264
Gnb4,0.48314404,0.141
Mrpl47,0.6796942,0.084
Ndufb5,0.67750529,0.09
Pex5l,0.31288041,-0.219
Ccdc39,0.32135787,0.134
Carhsp1,0.98554585,-0.004
Dnajc19,0.52186837,-0.092
Gm6639,0.4801798,0.09
Dcun1d1,0.66677125,-0.091
Mccc1,0.79723716,0.054
Ccdc144b,0.83501575,-0.041
Qrfpr,0.52753953,-0.103
Anxa5,0.49411244,0.451
Ccna2,0.78332066,0.106
Bbs7,0.57083581,0.142
Trpc3,0.6910246,0.076
Il2,0.40813642,-0.162
Il21,0.96158594,0.008
Cetn4,0.092485505,-0.403
Gm12541,0.7747254,0.059
Nudt6,0.761075,0.074
Gm5148,0.6492427,0.095
Gm9104,0.7980317,-0.03
Ankrd50,0.2582169,0.158
Affy_10497929,0.31501246,-0.262
Cflar,0.48055921,0.14
Affy_10497935,0.43523141,-0.206
1700017G19Rik,0.57678287,-0.103
Mfsd8,0.78643694,0.054
1700034I23Rik,0.57114506,0.146
1700034I23Rik,0.52659135,-0.139
Pgrmc2,0.31141506,0.22
Gm16508,0.36218522,-0.214
Sclt1,0.24130755,0.272
Pabpc4l,0.97016643,0.009
Ikzf5,0.41206511,-0.144
Affy_10497998,0.31244903,0.401
Gm10730,0.90788197,-0.016
1700018B24Rik,0.86867115,0.03
Affy_10498005,0.16528259,-0.19
Affy_10498011,0.60928664,-0.112
Pcdh18,0.15638444,0.368
Slc7a11,0.43317035,-0.145
Elf2,0.64719852,-0.068
Mgarp,0.31729012,-0.185
Ndufc1,0.95365247,-0.013
Setd7,0.93095251,-0.025
Maml3,0.43280496,-0.203
Affy_10498093,0.647629,-0.073
Cog6,0.44304333,0.111
Rpl29,0.34172719,-0.226
Frem2,0.493195,-0.144
Nhlrc3,0.62570749,-0.107
Rps14,0.20095037,-0.203
Gm10726,0.990436,0.002
Ufm1,0.65870885,-0.07
Gm10255,0.36642554,0.139
Exosc8,0.067513777,0.479
Rfxap,0.22611795,0.164
Tra2b,0.790396,0.035
C13orf36,0.71566741,-0.078
Ccna1,0.60857601,0.084
Gm9831,0.24514438,-0.296
Nbea,0.54072002,-0.121
F830104G03Rik,0.35988782,-0.156
Tm4sf1,0.21446243,0.792
Wwtr1,0.99658503,-0.001
Commd2,0.23845624,0.247
Gm410,0.4796457,0.143
Gm6394,0.69833498,0.133
Pfn2,0.17319959,-0.934
Pgk1,0.59690214,0.072
Serp1,0.49595778,-0.173
Fam194a,0.27449757,-0.171
Siah2,0.80273376,-0.04
Clrn1,0.18349765,-0.221
Affy_10498343,0.99360474,-0.002
Gpr171,0.45250306,0.16
P2ry14,0.76001911,-0.091
F630111L10Rik,0.81685391,-0.045
Gpr87,0.61522986,-0.086
P2ry13,0.53767171,0.284
P2ry12,0.8844095,0.049
Igsf10,0.75327578,-0.096
Igsf10,0.79341782,-0.068
Igsf10,0.79327924,-0.057
Gm4856,0.18315784,0.198
LOC639581,0.46825383,0.146
Affy_10498401,0.1214146,0.245
Affy_10498403,0.63840588,-0.128
Gm12070,0.86003205,-0.026
Affy_10498407,0.68314368,-0.083
Affy_10498413,0.75323741,0.07
Dhx36,1,0
Gpr149,0.99029175,-0.002
Gpr149,0.12365117,0.355
Plch1,0.5664208,0.091
E130311K13Rik,0.67557772,0.115
Slc33a1,0.98340832,-0.006
LOC100047913,0.40591013,-0.157
Vmn2r1,0.81744648,0.05
Affy_10498503,0.64387196,0.13
Vmn2r-ps11,0.88033588,-0.028
Vmn2r-ps11,0.7333344,-0.072
Ssr3,0.84154836,0.054
4931440P22Rik,0.89525408,-0.032
Affy_10498529,0.97979307,-0.005
Ccnl1,0.84284084,-0.04
Veph1,0.034214281,-0.288
Affy_10498566,0.44489785,-0.111
Shox2,0.12849526,-0.269
Lxn,0.033496117,0.398
Rarres1,0.13074377,-0.994
Rarres1,0.49568739,0.182
Gm412,0.41489847,-0.21
Snrpd2,0.9520274,-0.012
1110032F04Rik,0.12072469,-0.383
Ift80,0.02957658,0.469
Trim59,0.72505117,-0.061
Kpna4,0.67025179,0.104
Gm8565,0.53406707,-0.18
B3galnt1,0.15036388,-0.48
Rpl32-ps,0.90340149,-0.035
1110032A04Rik,0.86474108,-0.041
Affy_10498657,0.81732591,0.029
Sis,0.13081505,-0.178
Slitrk3,0.36735495,-0.184
Bche,0.21586426,0.375
Affy_10498716,1,0
Zbbx,0.29709797,-0.182
Serpini2,0.2488713,-0.177
Wdr49,0.79052535,-0.044
Wdr49,0.1019979,-0.281
Pdcd10,0.73674661,0.138
Golim4,0.27358692,0.25
Zfp114,0.47577504,0.111
Gm5277,0.53534121,0.142
Ube2d2,0.92773385,-0.015
Rapgef2,0.93599435,0.015
Fnip2,0.42121586,-0.146
Etfdh,0.70611379,-0.074
Rxfp1,0.43298976,-0.118
Tmem144,0.73092974,0.076
Gria2,0.51377603,0.103
Glrb,0.99496902,0.001
Gm9989,0.90289629,0.021
Tdo2,0.35291755,-0.136
Gucy1b3,0.89813345,0.026
Gucy1a3,0.87410945,0.041
Npy2r,0.88756767,-0.028
Rbm46,0.45806539,0.183
Lrat,0.065873695,0.608
Fgb,0.13114785,-0.162
Gm10710,0.97738642,0.004
Tlr2,0.63238773,0.226
D930015E06Rik,0.50009028,0.145
Mnd1,0.5500758,0.145
Trim2,0.056693366,0.642
Fhdc1,0.15012396,-0.259
Arfip1,0.57220867,0.155
Affy_10499089,0.52224858,-0.135
Dear1,0.62122523,0.101
Affy_10499093,0.10791178,0.24
Fam160a1,0.77448587,-0.055
Glt28d2,0.48116859,0.194
Prss48,0.42930674,0.154
Rps3a,0.4427372,0.108
Rnu73a,0.94279115,0.014
Rnu73b,0.71815534,0.256
Mab21l2,0.95133775,-0.015
Dclk2,0.39241958,0.159
Cd1d1,0.074488445,0.38
Affy_10499164,0.52559146,-0.128
Kirrel,0.14184222,0.3
Ube2l3,0.60311513,0.073
Fcrls,0.76350868,0.24
Rpl30,0.46045372,-0.15
4933430H15Rik,0.84991812,-0.036
Pear1,0.85926955,-0.029
Ntrk1,0.725182,-0.078
Prcc,0.33347138,0.186
BC023814,0.83355926,-0.023
Bcan,0.93179751,0.02
Hapln2,0.083394188,-0.399
Apoa1bp,0.6979663,-0.074
Ttc24,0.5067009,-0.133
Rhbg,0.049996347,-1.056
1700021C14Rik,0.69837315,-0.053
Tmem79,0.89316151,-0.03
Bglap-rs1,0.72676705,-0.144
Bglap2,0.45,-0.152
Bglap,0.43980145,-0.171
Pmf1,0.11042415,0.298
Slc25a44,0.78594345,-0.059
Sema4a,0.8788194,0.031
Lmna,0.42181222,0.125
Rab25,0.037935608,-0.432
Robld3,0.38433405,0.131
C14orf166,0.30196923,0.206
Rxfp4,0.84288312,-0.038
Gm10253,0.14236743,-0.3
Syt11,0.13096651,0.416
Msto1,0.69798468,-0.054
Dap3,0.73559479,0.083
Rusc1,0.7117563,-0.065
Fdps,0.89579651,-0.097
mir-720,0.53853007,-0.142
Hcn3,0.74637722,0.075
Mtx1,0.56865399,-0.085
mir-92b,0.18886891,-0.34
Trim46,0.45588162,-0.176
Rag1ap1,0.31047769,-0.261
Efna1,0.38028312,0.291
Efna3,0.54869522,-0.12
Efna4,0.89217606,-0.03
Adam15,0.84585619,-0.046
Dcst1,0.66211877,-0.09
Zbtb7b,0.25903341,0.154
Flad1,0.57586607,0.082
Cks1b,0.82955647,-0.069
Chrnb2,0.19925927,-0.308
4632404H12Rik,0.79109059,-0.036
Il6ra,0.2661572,-0.496
Atp8b2,0.46948968,0.148
Affy_10499696,0.19906728,-0.29
Affy_10499703,0.20765763,-0.253
Hax1,0.65292884,0.102
Ubap2l,0.7339786,-0.034
Rps27,0.70414333,-0.106
Creb3l4,0.50051584,-0.123
Slc27a3,0.17748088,-0.303
Ints3,0.94720438,0.01
Npr1,0.2158136,0.226
Snapin,0.94884426,0.014
Chtop,0.73600528,0.072
S100a1,0.094161503,0.424
Affy_10499859,0.76776858,-0.05
S100a9,0.29603679,0.307
Gm7165,0.77726931,0.042
Affy_10499867,0.24615673,-0.194
Lor,0.58271327,0.124
Prr9,0.30389513,-0.197
Lelp1,0.7128444,-0.1
Rpl3,0.48146294,0.208
Rpl3,0.48146294,0.208
Adrm1,0.88272148,-0.022
Sprr1b,0.52673287,-0.17
Sprr3,0.043500727,-0.408
Sprr1a,0.94833704,-0.032
Sprr4,0.15156057,-0.377
Ivl,0.29913624,-0.238
Smcp,0.42974847,-0.148
Lce6a,0.75619872,-0.068
Lce1a1,0.84239707,-0.04
Lce1b,0.1992554,-0.332
Lce1a2,0.43750824,0.189
Lce1d,0.8782535,0.026
Lce1e,0.098148259,-0.383
Lce1f,0.10917793,-0.39
Lce1g,0.40891357,-0.136
Lce1h,0.16178778,-0.353
Lce1i,0.95481939,0.017
Affy_10499937,0.61933667,-0.114
Lce1k,0.15863251,-0.359
Kprp,0.26645185,-0.254
Lce1l,0.2828324,-0.182
Lce3a,0.16396664,-0.392
Affy_10499950,0.67242741,0.088
Crct1,0.55722137,-0.126
Lce1m,0.43247835,-0.146
Gm5278,0.96847116,-0.009
Tdpoz2,0.74169082,0.086
Tdpoz1,0.26553157,0.288
Gm2889,0.50231219,-0.153
Gm10696,0.42538741,-0.172
Tdpoz1,0.59607888,-0.097
Tdpoz5,0.71853999,-0.071
Tdpoz1,0.59607888,-0.097
Tdpoz5,0.71853999,-0.071
Gm10696,0.42538741,-0.172
Oaz3,0.26144303,0.222
2310007A19Rik,0.46572576,-0.13
Snx27,0.69151611,0.072
Rpl31,0.38318898,0.109
Tuft1,0.56445828,-0.176
Cgn,0.51600563,0.146
Psmb4,0.90950958,0.034
Zfp687,0.36567946,0.14
Psmd4,0.077329885,0.409
Pip5k1a,0.9646215,0.01
Affy_10500089,0.44020469,-0.142
Scnm1,0.26757288,0.433
Tnfaip8l2,0.58380817,-0.132
Gabpb2,0.80654287,0.028
Mllt11,0.30584093,-0.273
Gm128,0.82104425,0.046
Bnipl,0.58396569,-0.117
Prune,0.44330128,0.251
Anxa9,0.60774167,-0.132
Gm10691,0.1552383,-0.248
Setdb1,0.17161737,0.268
Gm5070,0.10437528,0.617
Adamtsl4,0.17347023,-0.146
Ecm1,0.79134857,-0.083
Tars2,0.52626122,-0.123
Rprd2,0.57087483,-0.076
Prpf3,0.30144125,0.178
Mrps21,0.97236185,0.015
Gm129,0.24465449,-0.829
C1orf54,0.24951011,0.268
Car14,0.71706187,0.19
Affy_10500293,0.561383,-0.126
Plekho1,0.60513664,0.13
Vps45,0.17083722,0.336
Bola1,0.95592549,0.013
Hist2h2aa1,0.21074629,0.211
Hist2h3c2-ps,0.2166107,0.47
Hist2h2aa1,0.16930797,0.245
Hist2h4,0.92041929,-0.02
Fcgr1,0.19393101,0.436
Rnu1b1,0.70853182,0.142
Terc,0.99731627,-0.001
BC107364,0.27682855,-0.266
Rnu1b1,0.95200004,0.019
Rnu1b1,0.70853182,0.142
Gm15441,0.92281708,0.104
Polr3gl,0.96157217,0.01
6330549D23Rik,0.30327174,-0.227
Rpl21,0.74400462,0.047
Nudt17,0.35844045,-0.174
Polr3c,0.84772976,0.028
Affy_10500404,0.33670301,-0.205
Cd160,0.63805803,0.072
Gpr89,0.79675631,-0.044
Gja8,0.18602799,-0.225
Bcl9,0.019798626,0.445
Olfr1402,0.082800004,-0.407
Chd1l,0.40402085,0.197
Pde4dip,0.81512803,0.032
Affy_10500524,0.50801379,-0.126
Hmgcs2,0.17746195,2.12
Phgdh,0.79400094,-0.08
Slc10a4,0.52829545,-0.637
Slc10a4,0.52829545,-0.637
Hmgb1,0.59481372,0.096
Hsd3b5,0.70694665,-0.999
Hsd3b2,0.14600942,-1.181
Hsd3b3,0.81380261,0.091
Hsd3b6,0.96819273,0.011
Hsd3b1,0.86453982,-0.036
Hao2,0.50256744,0.405
Affy_10500580,0.23821841,-0.292
Wdr3,0.5945019,0.091
Fam46c,0.65188364,-0.156
Man1a2,0.84544786,0.034
Ttf2,0.032085563,0.312
Cd101,0.71767994,0.084
Ptgfrn,0.5805944,-0.152
Cd2,0.56015132,0.124
Rangrf,0.1652548,0.45
Atp1a1,0.51573953,-0.114
BC037703,0.72906164,-0.113
Slc22a15,0.44709033,0.187
Vangl1,0.81868668,-0.044
Tshb,0.04432256,-0.294
Sycp1,0.60914904,-0.145
Nr1h5,0.77514719,0.072
Affy_10500796,0.38053965,-0.224
Affy_10500798,0.63499179,0.234
Affy_10500800,0.68547235,0.082
Atg4a,0.96743256,0.01
LOC269472,0.91796839,-0.023
Olfml3,0.77729724,0.154
Hipk1,0.73867591,0.032
Dclre1b,0.039485539,0.338
A130049A11Rik,0.059470886,0.403
Magi3,0.60901887,0.084
Gm5546,0.50380127,-0.124
Affy_10500873,0.68662982,0.094
Lrig2,0.29473931,0.235
H3f3b,0.36258308,0.204
Fam19a3,0.32433899,-0.214
Mov10,0.062765612,-0.407
Capza1,0.78982067,0.054
Wnt2b,0.44666437,-0.165
Cttnbp2nl,0.71395852,0.076
1700095B22Rik,0.11286135,-0.368
Ddx20,0.36811456,0.201
Rap1a,0.61004626,0.089
I830077J02Rik,0.65048111,-0.135
Atp5f1,0.55815458,-0.076
1700027A23Rik,0.71971318,-0.069
Bclp2,0.15259641,-0.206
Chi3l3,0.78375695,0.082
Chi3l4,0.58998949,0.127
BC051070,0.5942945,0.082
Gm10673,0.40012779,0.157
2010016I18Rik,0.96326548,-0.009
Cept1,0.19040408,0.256
Cd53,0.48443676,0.501
Olfr266,0.20680255,-0.264
Cym,0.28497167,-0.249
Prok1,0.045211942,-0.758
Rbm15,0.99032989,-0.002
Affy_10501096,0.38248702,-0.238
Kcnc4,0.64912332,-0.111
Slc6a17,0.28075792,-0.165
Ubl4b,0.72420561,-0.09
Fam40a,0.22311585,0.171
Ahcyl1,0.65654039,-0.065
Csf1,0.59420856,-0.153
Rpl13,0.83360762,-0.028
Gm10667,0.96229601,0.008
Eps8l3,0.75565893,0.072
Affy_10501190,0.58512614,0.163
Gstm7,0.75334402,0.08
Gstm6,0.42454586,0.298
Gstm3,0.95097105,-0.07
Gstm2,0.43779632,0.308
Gstm1,0.48491689,0.206
Gstm4,0.46713224,0.285
Ampd2,0.10225582,0.32
Gnai3,0.43320482,-0.118
Gpr61,0.16808682,-0.266
Cyb561d1,0.82902298,0.044
Atxn7l2,0.7289507,-0.062
Sypl2,0.091462978,-0.425
Gm12501,0.73164931,0.077
Gm12522,0.46940185,-0.174
Celsr2,0.89877509,0.03
Sars,0.57396867,-0.114
Affy_10501372,0.66033463,0.103
Kiaa1324,0.753122,0.179
Tmem167b,0.88649605,0.025
Gpsm2,0.21550875,0.294
Stxbp3a,0.25104994,0.294
Fndc7,0.46485192,-0.155
Prpf38b,0.97727168,-0.005
4921515J06Rik,0.022530239,-0.562
Fam102b,0.61807498,0.079
Ntng1,0.45338951,-0.125
Ntng1,0.51284427,-0.133
Prmt6,0.54808626,0.103
Hectd1,0.73289772,-0.074
Hectd1,0.32492333,0.233
Amy2a1,0.006424574,-1.921
Amy2a1,0.010501472,-1.602
Amy2a1,0.010501472,-1.602
Amy2a1,0.010501472,-1.602
Amy2a1,0.010501472,-1.602
Affy_10501544,0.012491665,-1.591
Amy1,0.21085827,-0.434
Rnpc3,0.79181337,0.064
S1pr1,0.90690656,0.037
A930005H10Rik,0.49043125,-0.141
Slc30a7,0.88857803,-0.027
Vcam1,0.4150002,0.431
Gpr88,0.67642844,-0.102
Cdc14a,0.35315529,0.368
Affy_10501647,0.37757464,-0.173
Rtcd1,0.23699356,0.182
Sfrs3,0.60343294,0.095
tmrt13,0.84866747,0.04
Hiat1,0.45512103,-0.097
Slc35a3,0.75738153,0.064
Agl,1,0
Palmd,0.16437811,0.403
Rpl7a-ps3,0.91348487,0.015
1700061I17Rik,0.86019073,0.048
D3Bwg0562e,0.51268501,-0.147
Snx7,0.55079158,0.159
Affy_10501775,0.58104235,-0.125
Ptbp2,0.76532319,-0.07
Affy_10501793,0.11575655,-0.247
Rwdd3,0.69544783,-0.123
Tmem56,0.74088572,-0.098
Slc44a3,0.38822111,-0.536
A730020M07Rik,0.10899152,-0.251
Abcd3,0.78001833,0.056
Gapdh,0.66256339,-0.062
Fnbp1l,0.17404183,0.603
Affy_10501876,0.4222919,0.206
Usp53,0.53593037,0.174
Myoz2,0.81942886,-0.033
Synpo2,0.33789478,-0.192
Mettl14,0.096537526,0.384
Affy_10501922,0.39992339,0.302
Ndst3,0.53263011,-0.091
1700006A11Rik,0.50894505,-0.089
1700003H04Rik,0.11047476,0.272
Affy_10501959,0.65130655,-0.115
Ugt8a,0.76864057,0.092
Ank2,0.39049325,-0.258
Larp7,0.55224631,-0.098
Alpk1,0.64516627,0.135
Alpk1,0.38380892,0.362
Alpk1,0.77155086,0.107
Ap1ar,0.49450869,-0.101
5730508B09Rik,0.75922624,-0.058
Affy_10502076,0.43097873,0.289
5730508B09Rik,0.9555557,0.014
Enpep,0.34559205,0.291
Egf,0.11000579,-0.361
Lrit3,0.67740987,-0.128
Rrh,0.67804777,-0.094
Gar1,0.87044674,-0.031
Ccdc109b,0.74113737,-0.048
Sec24b,0.86939614,-0.029
Ostc,0.5589875,0.206
Rpl34,0.10349948,0.673
Affy_10502199,0.84167275,0.043
A430072C10Rik,0.35276954,-0.174
Hadh,0.56669223,-0.101
Cyp2u1,0.28838723,-0.494
Sgms2,0.42102677,-0.175
Affy_10502230,0.41611125,0.354
Aimp1,0.5460361,-0.118
Npnt,0.70209265,-0.152
Gstcd,0.85839543,0.025
D630013G24Rik,0.62579203,-0.101
Arhgef38,0.27306802,0.243
Tet2,0.61052265,0.124
Nfkb1,0.29006677,0.221
Cisd2,0.48523517,0.118
Gm16500,0.65403864,-0.134
Bank1,0.67008485,0.162
Gm4861,0.22189671,-0.194
Dapp1,0.71484543,0.146
Gm5105,0.55532022,-0.117
Mttp,0.78591988,0.061
4930579F01Rik,0.74591316,-0.166
Metap1,0.763729,-0.043
2410002F23Rik,0.10706696,0.322
Rap1gds1,0.3146512,0.199
Gm4862,0.3556465,0.147
Affy_10502440,0.39424229,0.165
Gm6214,0.12483287,-0.268
Pdha2,0.57989629,0.102
Bmpr1b,0.54792531,-0.103
Pdlim5,0.62880717,0.101
Affy_10502482,0.17201986,0.333
Pkn2,0.75304819,0.052
Lmo4,0.64718658,0.132
Affy_10502519,0.2913763,0.138
Hs2st1,0.77756353,0.054
Affy_10502535,0.093059223,0.319
Sh3glb1,0.48363934,0.097
Clca1,0.85898354,-0.136
Clca2,0.98496512,-0.01
Clca4,0.38144143,-0.164
Clca6,0.98969745,-0.002
Clca6,0.328674,-0.209
AI747448,0.64270361,-0.132
Clca3,0.86606003,0.037
Clca5,0.68190981,0.058
Cyr61,0.23952172,-0.514
Wdr63,0.97915335,0.005
Affy_10502682,0.74165625,-0.054
Gm10636,0.24430784,0.178
Dnase2b,0.78625937,-0.078
Spata1,0.73792805,0.083
Rpf1,0.67761478,-0.051
4930503B20Rik,0.43411493,-0.164
Prkacb,0.30163825,-0.143
Rpl11,0.92087317,0.016
Lphn2,0.38600835,0.244
Lphn2,0.57753066,0.16
Lphn2,0.45375268,0.34
Lphn2,0.46897289,0.309
Lphn2,0.16227136,0.378
Lphn2,0.47947531,0.196
Lphn2,0.11872943,0.584
Lphn2,0.55866287,0.171
Gm9912,0.96821999,-0.008
Gm10287,0.24226645,-0.179
Rpsa,0.78995542,-0.084
Ifi44,0.63658173,-0.495
H28,0.55183615,-0.104
Ptgfr,0.96584207,0.009
Affy_10502814,0.84336365,0.039
Gipc2,0.16755778,0.317
Dnajb4,0.35547351,-0.208
Nexn,0.019702767,0.49
Fam73a,0.41773207,0.202
Ak5,0.18816234,-0.216
St6galnac5,0.88069637,-0.031
St6galnac3,0.41472338,-0.149
Ube2l3,0.57600586,0.079
5730460C07Rik,0.52650135,-0.102
Msh4,0.2007838,-0.162
Rabggtb,0.83067484,-0.041
Affy_10502949,0.96671736,-0.018
Acadm,0.59812803,-0.141
Lhx8,0.42442996,0.116
Tyw3,0.24045776,-0.214
Tnni3k,0.76369654,0.052
Affy_10503008,0.47811069,0.182
Fpgt,0.22242196,0.248
Affy_10503017,0.93118614,0.016
4930566N20Rik,0.37887338,-0.124
Affy_10503021,0.93249849,-0.015
Cth,0.90842969,0.038
Srsf11,0.48394456,-0.093
Lrrc7,0.91429552,-0.021
Affy_10503083,0.61460443,0.101
Tgs1,0.50489045,0.161
Lyn,0.51344961,0.212
6330407A03Rik,0.4647141,0.349
Chchd7,0.47185736,0.145
LOC100036540,0.15970875,0.365
Fam110b,0.24776855,-0.228
Ubxn2b,0.14185478,0.322
Sdcbp,0.73006494,0.083
Affy_10503145,0.79683892,-0.071
LOC100047557,0.044902764,-0.34
Rab2a,0.64974303,-0.064
Chd7,0.27462074,-0.204
Chd7,0.33989766,0.208
Chd7,0.19722676,-0.271
Chd7,0.2462909,-0.285
Chd7,0.74049358,-0.1
Chd7,0.45543935,-0.178
Chd7,0.96056241,-0.012
Chd7,0.5917287,-0.104
Chd7,0.7319579,-0.106
Chd7,0.13329844,-0.298
Chd7,0.13481722,-0.241
Chd7,0.3619467,-0.182
Chd7,0.64856557,-0.093
Chd7,0.81996763,0.039
Chd7,0.97185086,0.006
Chd7,0.79849551,-0.055
Chd7,0.73136624,0.088
Chd7,0.57580102,0.183
Chd7,0.38273369,-0.191
Chd7,0.8062194,0.043
Chd7,0.25937888,-0.234
Chd7,0.15004523,-0.281
Chd7,0.95176382,-0.012
Chd7,0.41214202,-0.123
Chd7,0.68726877,0.111
Chd7,0.35112222,-0.243
Chd7,0.64041204,-0.115
Chd7,0.45831758,-0.154
Chd7,0.06784157,-0.298
Chd7,0.93443754,0.018
Affy_10503232,0.68855995,0.082
Clvs1,0.76603852,0.063
Gdf6,0.26400578,0.306
Affy_10503244,0.74962483,0.048
Rpl13,0.94856501,0.009
2610301B20Rik,0.44105784,-0.235
Gm11829,0.45134166,0.122
Trp53inp1,0.32842503,0.504
Ccne2,0.55447443,-0.161
Gxylt1,0.044056638,-0.333
Kiaa1429,0.53159206,0.09
Kiaa1429,0.75671692,-0.05
Kiaa1429,0.034871626,0.479
Rad54b,0.12830737,-0.306
Gem,0.085167559,0.507
Cdh17,0.93064778,0.02
Rbm12b,0.39985408,0.301
Affy_10503361,0.56271553,0.15
Rbm12b,0.74302585,0.052
Hnrnpa3,0.69840157,0.106
Affy_10503374,0.9632035,-0.02
Gm11818,0.15812775,-0.3
Runx1t1,0.92613631,0.016
Myl6,0.49422402,0.115
Tmem55a,0.96121039,0.006
Tmem64,0.69737151,-0.099
Calb1,0.047185295,-0.31
Nbn,0.94344734,-0.01
Mmp16,0.010070417,-0.447
Cngb3,0.42294966,-0.122
Rmdn1,0.90635807,-0.025
Slc7a13,0.6979723,0.076
Ttpa,0.40995122,0.205
Ggh,0.63205896,-0.14
Ttpa,0.46645424,0.209
Ggh,0.63205896,-0.14
Ccnc,0.69260861,0.121
Usp45,0.65033324,0.09
Sfrs18,0.59285361,0.1
Coq3,0.93811928,0.016
6230409E13Rik,0.30106527,-0.207
Fbxl4,0.91981889,0.023
Gm11878,0.88048898,-0.04
Affy_10503615,0.62281184,-0.118
F730047E07Rik,0.2863303,0.198
Ndufaf4,0.92977062,-0.02
Gpr63,0.481731,0.146
Affy_10503650,0.34764929,0.204
Affy_10503654,0.18010727,-0.289
Affy_10503656,0.49642441,-0.135
Epha7,0.73623447,0.073
Map3k7,0.30440501,-0.184
Affy_10503692,0.54881847,-0.158
Bach2,0.89547276,-0.037
D130062J21Rik,0.96597066,-0.014
Casp8ap2,0.86248264,0.03
Mdn1,0.96136648,0.007
Lyrm2,0.21843823,-0.562
Rplp1,0.68081407,-0.091
Rragd,0.58073704,0.226
Ube2j1,0.23411183,-0.152
Gabrr2,0.44671101,-0.142
Gabrr1,0.4263673,-0.142
Srsf13b,0.96232942,-0.009
Rngtt,0.10906202,0.358
Cnr1,0.08092838,-0.294
Polr1d,0.2170816,0.231
Chchd2,0.94184418,-0.013
Akirin2,0.40288566,-0.107
Rars2,0.76171911,0.051
Cga,0.97361106,-0.007
Ifnk,0.53937098,0.16
Affy_10503955,0.6436407,-0.1
1700009N14Rik,0.86805448,-0.033
Affy_10503963,0.76148768,0.062
Aco1,0.31457769,0.171
2010003O02Rik,0.65767635,-0.058
Tmem215,0.18397956,-0.369
Dnaja1,0.48871617,-0.208
Mir207,0.17030836,-0.331
Spink4,0.56797068,-0.096
Chmp5,0.28535833,0.148
Nfx1,0.27126638,-0.159
Ube2r2,0.35682373,0.118
Affy_10504054,0.4713817,-0.154
Ubap1,0.53426991,0.076
Nudt2,0.46002827,0.165
1700066J24Rik,0.41959524,-0.17
Dnaic1,0.065418178,-0.573
Galt,0.28576264,0.133
Il11ra1,0.61264971,0.096
Ccl21,0.070839852,2.257
CCL_complex,0.066038311,2.425
CCL_complex,0.066038311,2.425
Ccl21,0.40199098,0.276
Ccl19,0.94836887,0.013
CCL_complex,0.18445186,1.117
CCL_complex,0.076373221,2.064
CCL_complex,0.10267913,2.269
Ccl21,0.40199098,0.276
Ccl19,0.31570402,0.222
Ccl27a,0.27153007,0.249
CCL_complex,0.10004289,2.041
CCL_complex,0.081169505,2.009
CCL_complex,0.09854042,2.264
Ccl21,0.40199098,0.276
Ccl19,0.44836159,0.17
Ccl27a,0.27153007,0.249
Affy_10504199,0.80417478,-0.07
CCL_complex,0.18445186,1.117
CCL_complex,0.07137013,1.235
N28178,0.73851175,-0.07
Dnajb5,0.4106096,-0.116
1700022I11Rik,0.46924473,0.138
Unc13b,0.035133448,1.304
Atp8b5,0.28394877,-0.371
Rusc2,0.50352436,-0.311
Tesk1,0.48656101,-0.093
Ccdc107,0.91843856,-0.022
Car9,0.85639953,0.036
Creb3,0.19037086,-0.23
Rgp1,0.18033934,-0.215
Gm12472,0.21023889,-0.273
Npr2,0.34243503,-0.396
Serf2,0.82984223,-0.036
Tmem8b,0.58060215,-0.116
Hrct1,0.77775207,0.06
5430416O09Rik,0.83075784,-0.032
Olfr155,0.46654408,-0.124
Reck,0.47568658,0.156
Glipr2,0.55438696,-0.181
Ccin,0.57340084,-0.152
Clta,0.84054184,0.028
Gm12504,0.92501612,-0.019
Affy_10504468,0.15097495,0.252
Melk,0.4336371,-0.138
Zcchc7,1,0
Zcchc7,0.44070577,0.156
Grhpr,0.10848381,-0.263
1700055D18Rik,0.67986248,0.081
Polr1e,0.3227354,0.229
Frmpd1,0.94520359,0.015
Rg9mtd3,0.94610417,0.012
Exosc3,0.7251614,0.082
Dcaf10,0.99121511,0.002
Affy_10504574,0.53410367,0.098
Gm829,0.30776197,-0.196
1300002K09Rik,0.13911402,0.438
Aldh1b1,0.76663611,0.132
Ccdc180,0.83243135,-0.041
Ccdc180,0.005081351,-0.554
Ccdc180,0.77523569,0.067
Ccdc180,0.44471868,-0.131
Ccdc180,0.21549881,-0.332
Ccdc180,0.63316987,-0.077
Ccdc180,0.81957904,-0.048
Affy_10504630,0.43725846,-0.192
Affy_10504632,0.11166488,-0.286
Affy_10504634,0.98399212,-0.004
Affy_10504636,0.39990219,-0.191
Affy_10504638,0.71986217,-0.059
Affy_10504640,0.48318346,-0.147
Affy_10504642,0.75554848,-0.051
Affy_10504644,0.24910015,-0.281
Affy_10504646,0.42889083,0.192
Affy_10504648,0.54120023,-0.171
Affy_10504650,0.49173136,-0.169
Affy_10504652,0.63201826,-0.132
Affy_10504654,0.37111052,-0.239
Affy_10504656,0.21932692,-0.368
Affy_10504658,0.29901437,-0.228
Affy_10504660,0.10682379,-0.352
Affy_10504662,0.87637665,-0.05
Affy_10504664,0.68266225,-0.085
Affy_10504666,0.48918901,-0.135
Affy_10504668,0.25593142,-0.276
Affy_10504670,0.50681995,-0.134
Tdrd7,0.25355243,0.466
Affy_10504690,0.20247338,-0.332
Tmod1,0.52934725,0.122
Ncbp1,0.39521597,0.116
Foxe1,0.58692888,-0.129
Anp32b,0.77458502,-0.084
Nans,0.77360949,0.085
Affy_10504751,0.85259414,-0.046
LTR_LOC641050,0.96550074,0.016
Affy_10504755,0.40532977,-0.467
BC005685,0.85027884,-0.063
Affy_10504759,0.27408066,-0.343
LOC641050,0.86566672,0.063
Galnt12,0.27041785,-0.19
Col15a1,0.77692826,0.062
Tgfbr1,0.82802947,0.066
Sec61b,0.99274784,0.002
Nr4a3,0.84059367,-0.029
Stx17,0.41880231,0.135
Invs,0.37038777,0.17
5730528L13Rik,0.85646992,-0.041
Tmeff1,0.4909684,-0.103
Murc,0.0762159,-0.312
E130309F12Rik,0.51063405,-0.147
snRNA,0.31976531,-0.608
Affy_10504914,0.59040117,-0.091
Affy_10504916,0.024777499,-0.502
Zfp189,0.48548116,-0.117
Rnf20,0.75424783,0.037
Cylc2,0.35924302,-0.148
Gm12466,0.95528615,-0.013
Smc2,0.34402217,0.232
4930547C10Rik,0.47017955,-0.116
Gm12482,0.77832991,-0.084
Olfr275,0.48408169,-0.167
Olfr270,0.89687845,-0.028
Nipsnap3a,1,0
Nipsnap3b,0.68219889,0.074
Slc44a1,0.69727597,0.144
Slc44a1,0.85515544,0.092
Fsd1l,0.39525987,-0.161
Fktn,0.97011149,0.008
Tal2,0.33484023,-0.227
Tmem38b,0.98180412,-0.005
Tmem38b,0.41193625,0.337
Zfp462,0.64658858,-0.093
Gm8580,0.32172197,-0.226
Rad23b,0.64541212,-0.082
Gm12511,0.076336043,-0.461
Actl7b,0.15462403,-0.393
Actl7a,0.44487962,-0.191
BC026590,0.53703055,0.148
Affy_10505118,0.38309188,-0.186
Palm2,0.59495676,0.097
Akap2,0.24018506,0.229
Akap2,0.78211366,0.087
Musk,0.80860572,-0.039
Zkscan16,0.78782686,-0.04
Dnajc25,0.93812478,-0.01
Gng10,0.10613537,-0.215
Ugcg,0.71497629,-0.099
Rod1,0.26681694,-0.278
Hsdl2,0.88749695,0.051
E130308A19Rik,0.43179506,-0.124
Snx30,0.57134288,-0.095
Affy_10505237,0.41651786,-0.473
Affy_10505240,0.61247232,-0.237
Affy_10505246,0.42937968,-0.339
Affy_10505249,0.2900543,-0.496
Affy_10505252,0.18322776,0.789
Affy_10505254,0.31564843,-0.372
Affy_10505258,0.42937968,-0.339
Affy_10505261,0.75264019,-0.17
Affy_10505266,0.59103992,0.547
Affy_10505268,0.8662833,0.39
Slc31a2,0.79590275,-0.064
Slc31a1,0.39776495,0.163
Prpf4,0.59864005,-0.065
Bspry,0.74452408,-0.069
4933430I17Rik,0.51475632,-0.138
Rgs3,0.80848584,0.038
Zfp618,0.16323811,-0.295
Col27a1,0.42278,-0.192
mir-455,0.021986293,-0.434
Orm1,0.45143481,0.166
Orm3,0.6830055,0.585
Orm2,0.13883303,1.939
4933437N03Rik,0.63659236,0.09
Atp6v1g1,0.36208972,-0.161
6330416G13Rik,0.54641007,-0.135
8030463A06Rik,0.5569147,-0.082
Pappa,0.71133061,-0.055
Trim32,0.40783903,0.186
Affy_10505515,0.41718717,-0.151
Tlr4,0.11619688,0.537
Rps2,0.25768006,0.323
Affy_10505528,0.004609336,-0.498
Affy_10505530,0.32354683,0.187
Gm11222,0.1729433,0.25
Gm11225,0.85347156,-0.034
Gm428,0.54102493,0.13
Gm428,0.56883806,0.115
Gm428,0.54102493,0.13
Gm428,0.46458445,0.162
Gm428,0.61931665,0.102
Frmd3,0.87694197,-0.023
Kdm4c,0.2227362,0.198
Rps6,0.97271013,0.008
Tyrp1,0.92621378,0.019
D4Bwg0951e,0.23487086,-0.27
Gm11412,0.5754331,0.1
Snapc3,0.90291675,-0.02
Ccdc171,0.059272574,1.272
Cntln,0.32469447,0.166
Sh3gl2,0.85358678,0.035
Adamtsl1,0.99521668,0.001
Adamtsl1,0.76920143,-0.064
Rraga,0.210037,0.25
Dennd4c,0.45561502,0.087
Acer2,0.79768287,0.078
Acer2,0.9187295,-0.028
Focad,0.025014961,0.618
mir-491,0.87274903,0.036
Klhl9,0.046271034,0.542
Gm13271,0.89059956,-0.03
Gm13271,0.74875095,-0.089
Ifnz,0.31431834,-0.225
Ifnz,0.42818037,-0.169
Ifnz,0.42818037,-0.169
Gm13271,0.7363043,-0.087
Ifnz,0.25283525,-0.238
Gm13271,0.67220782,-0.101
Gm13271,0.67220782,-0.101
Gm13271,0.67220782,-0.101
Gm13271,0.67220782,-0.101
Gm13271,0.67220782,-0.101
Gm13271,0.67220782,-0.101
Gm13271,0.76626358,-0.084
Ifnz,0.42361126,-0.165
Ifna7,0.55803383,-0.131
Ifna11,0.25782831,0.258
Ifna6,0.2070936,-0.314
Ifna5,0.12717341,-0.38
Ifna4,0.79716959,-0.052
Ifna1,0.66271009,-0.09
Mtap,0.38175889,-0.397
Gm12605,0.80355445,0.07
Dmrta1,0.99829394,-0.001
Zfp352,0.98220703,-0.006
Gm12643,0.32768312,0.474
Affy_10505919,0.45498017,-0.176
Affy_10505922,0.40670521,0.201
Affy_10505925,0.64192773,-0.1
Affy_10505927,0.57243992,0.091
Affy_10505929,0.55485637,-0.111
Ift74,0.54711034,0.135
Tek,0.4354386,0.132
Affy_10505978,0.66248304,0.088
Fggy,0.21455549,0.415
Fggy,0.41040734,0.193
Fggy,0.2234632,0.391
Fggy,0.31919401,0.284
Fggy,0.47781166,0.218
Hook1,0.99484114,0.001
Affy_10506029,0.33373706,0.179
Nfia,0.61961889,0.086
Nfia,0.7483062,-0.101
Affy_10506052,0.19109732,-0.248
0610025J13Rik,0.8442436,-0.044
Inadl,0.53354414,-0.139
Affy_10506108,0.94864489,-0.01
L1td1,0.44222082,-0.186
Usp1,0.29226538,0.263
Angptl3,0.52379304,-0.104
Atg4c,0.60992489,0.138
Gm10305,0.098961025,0.343
Gm12689,0.11011061,0.313
Foxd3,0.42534555,-0.212
Alg6,0.7364949,0.075
Efcab7,0.5128033,-0.117
Affy_10506186,0.80150022,0.034
Pgm2,0.81464224,0.042
Ror1,0.20883399,-0.192
Ube2u,0.1424536,0.732
Cachd1,0.72131852,-0.058
Raver2,0.82130523,-0.098
Affy_10506267,0.58224071,-0.136
Ak4,0.25564705,-0.344
Dnajc6,0.32841448,-0.19
Affy_10506296,0.19112946,-0.244
Leprot,0.5030685,0.196
Lepr,0.81387359,0.137
Affy_10506330,0.60046485,-0.151
Gm12794,0.28139077,-0.316
Pde4b,0.084148203,0.668
Sgip1,0.037902956,-0.266
Tctex1d1,0.69973994,-0.062
Mier1,0.78293069,0.058
Oma1,0.59999851,0.146
Actg1,0.060790285,0.496
Affy_10506427,0.79885223,-0.049
Gm10304,0.5261355,-0.169
Dab1,0.20363074,-0.537
AY512949,0.97191206,0.009
C8b,0.15308245,-0.796
1700024P16Rik,0.38477654,0.316
Ppap2b,0.10692069,-0.317
Ppap2b,0.59589221,0.098
Affy_10506498,0.72350246,0.105
Usp24,0.52027475,-0.075
Usp24,0.17921142,0.235
Dhcr24,0.78924908,0.083
Ttc22,0.14194255,-0.378
Pars2,0.92221918,-0.021
Acot11,0.63459411,-0.1
Ssbp3,0.86570418,0.026
Cyb5rl,0.24877881,0.176
Cdcp2,0.73114845,0.097
Tmem59,0.016829511,-0.234
Ldlrad1,0.37095801,-0.198
Hspb11,0.7846912,-0.063
Yipf1,0.72191918,-0.066
Tmem48,0.25769583,0.225
Glis1,0.26983871,-0.256
Lrp8,0.083942342,-0.243
Magoh,0.6591081,0.084
0610037L13Rik,0.72486271,-0.055
Slc1a7,0.72741153,-0.065
Echdc2,0.4453694,0.181
2010305A19Rik,0.70008123,-0.069
Zcchc11,0.65210259,0.154
Affy_10506820,0.92620529,-0.025
Orc1l,0.61992023,-0.084
Cc2d1b,0.18578821,0.166
Txndc12,0.74593939,-0.052
Kti12,0.46769314,0.161
Rab3b,0.71803523,-0.075
Nrd1,0.33660377,-0.089
Calr4,0.71918053,0.076
Eps15,0.64665591,-0.104
Ttc39a,0.29335374,-0.467
Faf1,0.42354909,0.125
Dmrta2,0.22240295,-0.269
Agbl4,1,0
Bend5,0.8918249,-0.025
Spata6,0.28108837,0.27
Affy_10507057,0.42078485,0.138
Skint7,0.89978856,-0.041
Skint4,0.11981776,-0.246
Skint3,0.60539728,-0.092
Skint2,0.90394641,-0.014
Skint11,0.71417871,0.106
Gm12824,0.56354122,0.152
Gm12824,0.66753047,-0.112
Gm12830,0.44792514,-0.145
Affy_10507110,0.65511254,-0.076
Stil,0.98578459,-0.004
Tal1,0.41935955,-0.172
Pdzk1ip1,0.18511143,0.356
Cyp4a12a,0.25209401,-1.086
Cyp4a12b,0.2141186,-1.059
Cyp4a12b,0.16861489,-0.246
Cyp4a10,0.66951226,0.281
Cyp4a31,0.69845575,0.327
Cyp4a32,0.88592576,-0.076
4732418C07Rik,0.51245189,0.116
Atpaf1,0.058001168,0.726
Mobkl2c,0.95562047,-0.012
Mknk1,0.66092988,0.07
Kncn,0.70351276,-0.094
6430628N08Rik,0.47939308,-0.172
Lrrc41,0.38426008,0.121
Pomgnt1,0.44239608,0.142
Pik3r3,0.66110886,-0.108
Gm12950,0.94665575,-0.019
Ipp,0.69424267,0.087
Gpbp1l1,0.87943355,-0.03
Ccdc17,0.29738314,0.212
Affy_10507326,0.55117062,0.152
Prdx1,0.25369962,0.203
Ccdc163,0.49234703,0.125
Tesk2,0.94538028,0.011
Mutyh,0.76650288,-0.058
Zswim5,0.29339312,0.183
Hectd3,0.97377863,-0.005
Eif2b3,0.70182255,0.074
Affy_10507431,0.61361061,-0.182
Ptch2,0.96745419,-0.006
Tctex1d4,0.70449268,-0.105
Affy_10507461,0.067613368,-0.434
Gm13015,0.75172394,-0.066
Affy_10507473,0.75116224,0.097
Affy_10507475,0.90291373,-0.054
Affy_10507477,0.9357168,0.029
Tmem53,0.73127533,-0.147
Eri3,0.81260562,0.041
Affy_10507496,0.56506761,-0.125
Slc6a9,0.88637878,0.06
Affy_10507518,0.33971074,-0.253
Hyi,0.28113384,-0.316
Med8,0.28058628,0.179
Elovl1,0.21459544,-0.274
2610528J11Rik,0.4936255,0.21
Affy_10507555,0.19198353,-0.263
Ebna1bp2,0.024451548,-0.36
Olfr62,0.2217568,-0.204
Olfr1341,0.2956472,-0.251
Olfr1340,0.51919054,-0.125
Olfr1339,0.60919954,-0.106
Olfr1331,0.7143451,0.151
Olfr1330,0.91360453,0.018
Lao1,0.8790267,-0.03
Affy_10507589,0.85174246,-0.042
Slc2a1,0.21644712,0.29
Ccdc23,0.272929,0.215
Lepre1,0.42640243,0.112
Cldn19,0.39229135,-0.168
Zmynd12,0.97460025,0.007
Affy_10507653,0.21859193,0.667
Affy_10507655,0.57313654,-0.105
Foxj3,0.43925327,0.137
Guca2a,0.93508126,-0.024
Hivep3,0.25448024,-0.317
Hivep3,0.67555336,-0.08
Edn2,0.92853798,0.02
Scmh1,0.5337276,0.106
Slfnl1,0.29580993,-0.205
Cited4,0.16055926,-0.375
Rims3,0.91845937,-0.018
Col9a2,0.079801193,-0.362
Affy_10507773,0.60809523,0.09
Affy_10507775,0.87497882,-0.024
9530002B09Rik,0.94921645,0.011
Ppt1,0.57242376,-0.152
Mycl1,0.39045006,-0.154
Trit1,0.56368289,0.117
Bmp8b,0.35086095,-0.194
Oxct2b,0.29740879,-0.221
Hpcal4,0.59069785,-0.096
Nt5c1a,0.72283159,-0.08
Heyl,0.9098044,0.023
Affy_10507848,0.23981389,0.282
Pabpc4,0.24362025,-0.203
Affy_10507870,0.80340575,-0.114
Snord55,0.8791165,-0.072
Rhbdl2,0.83403094,0.048
4933427I04Rik,0.92840916,-0.02
Mycbp,0.60085093,0.106
Rragc,0.98091469,-0.004
4933407E24Rik,0.61862546,0.096
Pou3f1,0.34651599,-0.164
Fhl3,0.44876931,-0.222
Sf3a3,0.44590567,-0.142
Mir697,0.33456483,-0.192
Inpp5b,0.571179,0.082
Mtf1,0.36848418,-0.142
Yrdc,0.50362402,-0.103
Epha10,0.047705017,-0.385
Epha10,0.13231327,-0.341
9930104L06Rik,0.40276607,-0.131
Rspo1,0.67787826,-0.088
Gnl2,0.37355561,0.179
Snip1,0.79233902,-0.048
Meaf6,0.040417661,0.262
Grik3,0.067359379,-0.377
Ftl2,0.17689283,-0.213
Csf3r,0.11183739,0.558
Mrps15,0.78983295,-0.039
Oscp1,0.099912488,-0.284
Lsm10,0.06530227,0.395
Stk40,0.070822528,0.312
Fam176b,0.36970024,0.122
Trappc3,0.29042874,-0.144
Col8a2,0.020418554,-0.492
Tekt2,0.28385654,-0.27
Clspn,0.77384238,-0.056
5730409E04Rik,0.92000485,-0.025
Psmb2,0.75131549,0.061
AU040320,0.035711931,0.291
Sfpq,0.89838856,-0.02
Zmym6,0.030380975,0.414
Affy_10508247,0.38213701,0.178
Gm12942,0.84001041,0.044
Dlgap3,0.050871633,-0.299
BC003266,0.21189072,0.189
Csmd2,0.25252029,-0.201
Phc2,0.14796614,0.238
A3galt2,0.06597523,-0.43
Trim62,0.37614516,-0.219
Ak2,0.45853631,-0.184
Rnf19b,0.94425519,-0.016
Tmem54,0.63281393,-0.08
Fndc5,0.2552168,-0.274
Yars,0.35781169,0.199
Sync,0.80255406,-0.064
Zbtb8os,0.73021539,-0.072
Affy_10508452,0.83801144,-0.031
Bsdc1,0.4577493,-0.12
Marcksl1,0.27842724,0.268
Tmem234,0.055116833,-0.343
Affy_10508477,0.8891141,-0.023
Ptp4a2,0.27287917,-0.304
Affy_10508486,0.41948968,-0.197
Affy_10508488,0.47942079,-0.136
Srsf5,0.91400025,0.027
Spocd1,0.35748813,-0.162
Bai2,0.056560954,-0.474
Col16a1,0.27969205,-0.236
Pef1,0.97490043,0.005
Fabp3,0.85282148,-0.052
Pum1,0.82633547,0.03
Snord85,0.38666329,0.246
Affy_10508647,0.65202529,0.081
Affy_10508649,0.65202529,0.081
Sdc3,0.54988078,0.238
Laptm5,0.58789431,0.329
Matn1,0.18467657,-0.322
Mecr,0.93806913,0.016
Srsf4,0.90696755,0.019
Tmem200b,0.54629903,-0.115
Affy_10508709,0.61684427,0.074
Taf12,0.4322012,-0.166
Snora16a,0.633377,-0.261
Snora44,0.85562899,0.095
Snora61,0.22148187,-0.558
Affy_10508725,0.77983884,0.05
Dnajc8,0.7634826,-0.051
Ptafr,0.26826142,0.276
Eya3,0.98632911,0.002
Rpa2,0.68202265,0.076
Gm13033,0.85874717,0.033
Fgr,0.5101162,0.196
Ahdc1,0.61081241,-0.083
Gm10151,0.18494424,-0.248
LOC433762,0.40023852,1.237
Wasf2,0.78361213,0.051
Cd164l2,0.2925851,-0.215
Map3k6,0.66328042,-0.086
Slc9a1,0.83230184,0.04
Fam46b,0.41431144,-0.173
1810019J16Rik,0.47662748,0.241
Nr0b2,0.074822124,0.647
Gpatch3,0.13488312,0.296
Gpn2,0.63384602,-0.07
Lin28a,0.26339355,-0.146
Affy_10508909,0.71533315,-0.074
Aim1l,0.39519898,-0.222
Ubxn11,0.51135595,-0.136
Trim63,0.4517523,-0.201
Slc30a2,0.50494098,-0.107
Gm5589,0.047271993,0.625
Pafah2,0.4046413,0.221
Stmn1,0.574721,0.162
Paqr7,0.88798718,-0.05
2610002D18Rik,0.47903518,-0.168
Affy_10509000,0.81379501,-0.077
Rhd,0.36950854,-0.203
Rsrp1,0.22986828,0.226
Syf2,0.63477498,-0.066
Runx3,0.8967597,0.027
4930555I21Rik,0.94325271,-0.014
1700029M20Rik,0.40860662,-0.215
Il28ra,0.57104075,-0.106
Il22ra1,0.30032016,0.504
9130219A07Rik,0.56908523,0.17
Myom3,0.36576756,-0.175
Srsf10,0.97926707,0.007
Cnr2,0.48737561,-0.175
Fuca1,0.457159,-0.168
Hmgcl,0.57555459,0.138
Gale,0.14317709,0.405
Affy_10509161,0.77521401,0.052
Id3,0.66693714,0.284
E2f2,0.23125802,-0.271
Asap3,0.97061392,-0.008
Tcea3,0.37910854,0.558
Zfp46,0.9192015,0.015
Hnrnpr,0.66073023,0.08
Htr1d,0.7232139,0.077
6030445D17Rik,0.59678118,-0.122
Luzp1,0.76682575,-0.048
4930549C01Rik,0.25141414,-0.224
Lactbl1,0.03580199,-0.521
Wnt4,0.92648525,0.025
Wnt4,0.42090276,-0.193
Rpl31,0.32087676,0.159
1700013G24Rik,0.62334303,0.109
Hspg2,0.47953653,0.111
Usp48,0.88033461,0.024
Rap1gap,0.034865206,-0.424
Ece1,0.32437512,-0.207
Eif4g3,0.30543485,-0.371
Hb1bp3,0.70507636,0.047
Sh2d5,0.070532521,-0.436
Kif17,0.63986558,0.104
Ddost,0.59358982,-0.179
Affy_10509555,0.3141932,0.177
AB041806,0.41154648,-0.195
Rpl38,0.79812654,0.06
Mul1,0.12224948,0.446
Camk2n1,0.96282403,0.009
Pla2g2c,0.55343228,-0.161
Pla2g2d,0.775596,-0.075
Pla2g2a,0.99524576,0.001
Pla2g2e,0.4930815,-0.15
Rnf186,0.43209717,0.355
Tmco4,0.89785174,0.028
Capzb,0.50618966,0.124
Akr7a5,0.35750104,0.299
Ubr4,0.26451097,0.172
Iffo2,0.64436865,0.159
Aldh4a1,0.90869309,-0.026
Tas1r2,0.19124073,-0.308
Rcc2,0.14188986,-0.242
Padi2,0.85921034,0.036
Affy_10509856,0.45476261,-0.146
Sdhb,0.8982331,-0.023
Atp13a2,0.73449161,-0.064
Mfap2,0.25354899,-0.294
Spata21,0.23225587,-0.271
D4Ertd22e,0.69199751,0.078
Fbxo42,0.14395212,0.179
6330545A04Rik,0.80639379,-0.06
Arhgef19,0.10869646,0.73
Epha2,0.23317791,0.712
Fam131c,0.46709513,-0.401
Hspb7,0.78951835,-0.074
Zbtb17,0.33463088,-0.142
B330016D10Rik,0.34540417,0.22
Tmem82,0.32790051,-0.264
Agmat,0.92251272,-0.019
Casp9,0.24080918,0.265
Gm10565,0.15642157,-0.505
Affy_10510050,0.77086477,-0.059
Lrrc38,0.15014278,-0.35
Pramel1,0.69734722,-0.09
Pramef8,0.20529357,0.304
Gm13040,0.42678199,-0.087
Gm13040,0.42678199,-0.087
Gm13040,0.42678199,-0.087
BC080695,0.032796171,0.55
Gm13023,0.98093697,0.004
Gm13103,0.17170288,-0.327
Pramel4,0.19250236,-0.199
Gm13102,0.34615268,-0.143
Oog2,0.38258465,-0.123
Gm13119,0.2674317,-0.147
D530049N12Rik,0.19624645,0.297
9430007A20Rik,0.65776864,0.074
9430007A20Rik,0.84431363,-0.072
Gm13177,0.28448465,-0.224
Dhrs3,0.71073742,-0.068
Vmn2r-ps14,0.76653895,0.052
Gm13154,0.98053158,0.006
Gm13154,0.57309093,0.158
Gm13242,0.2383472,-0.342
Ppp2r5a,0.72754435,0.059
Cdv3,0.38343115,-0.12
Cdv3,0.10161756,0.968
Gm13225,0.39179542,0.484
Hmgb2,0.13225205,0.333
Smarca5,0.49119052,0.166
Gm13251,0.16350673,0.754
Zfp600,0.65256695,-0.15
Hmgb1,0.44278648,0.155
Ppp2r5a,0.90117171,0.024
Rex2,0.79014218,0.153
Hmgb1,0.44278648,0.155
Gm13139,0.10408973,1.639
Cdv3,0.53534293,-0.076
LOC433762,0.95931006,0.054
Gm13235,0.39179542,0.484
Hmgb1,0.28739915,0.217
Gm13152,0.043731067,1.3
Gm16503,0.86201355,0.041
Gm13154,0.96573626,0.009
Gm13149,0.21536136,-0.297
Fv1,0.58483898,-0.328
2510039O18Rik,0.52512893,-0.084
Nppb,0.1473863,-0.245
Nppa,0.55292058,-0.132
Mthfr,0.11908843,0.515
Mad2l2,0.2654618,0.254
Fbxo2,0.57007495,-0.104
Mtor,0.3146622,-0.297
Exosc10,0.58380682,0.055
Srm,0.26965021,0.302
Masp2,0.87008516,0.045
Gm572,0.083999718,-0.304
Casz1,0.31703285,-0.17
Affy_10510445,0.52658427,-0.167
Casz1,0.49060992,-0.141
Dffa,0.36887569,0.147
Trmt112,0.76359891,-0.123
Lzic,0.45100314,-0.271
Ctnnbip1,0.91160784,0.023
Clstn1,0.25387042,-0.178
Affy_10510505,0.63359279,-0.154
mir-34a,0.61504824,0.107
Gpr157,0.81362513,-0.048
Slc2a5,0.038980745,-0.768
Slc2a7,0.096051081,-0.374
Eno1,0.13140529,0.429
Rere,0.37644544,-0.107
Errfi1,0.61649332,-0.081
Tnfrsf9,0.7066531,0.086
Affy_10510592,0.16051217,-0.246
Uts2,0.71924542,-0.087
9230110K08Rik,0.34219886,-0.178
Dnajc11,0.65653905,-0.062
Klhl21,0.18763702,-0.291
Nol9,0.08077473,-0.303
Plekhg5,0.17923463,-0.224
Tnfrsf25,0.11135218,-0.239
Hes2,0.21323868,-0.234
Acot7,0.13995485,0.191
Gpr153,1,0
Icmt,0.99356471,0.001
Rpl22,0.81906992,0.036
Chd5,0.51236012,-0.141
Nphp4,0.56064332,-0.117
Gm833,0.4700602,-0.19
A430005L14Rik,0.44890302,0.134
BC046331,0.74693456,0.062
Lrrc47,1,0
Wdr8,0.9391571,-0.011
Megf6,0.22883364,-0.413
Megf6,0.88749751,-0.028
Affy_10510872,0.23657736,-0.363
Megf6,0.12352697,-0.323
Megf6,0.6680686,-0.08
Megf6,0.11570703,-0.292
Megf6,0.20868584,-0.29
Megf6,0.16602299,-0.312
Megf6,0.11447871,-0.45
Megf6,0.55259141,-0.12
Affy_10510908,0.023072773,-0.981
Prdm16,0.47459584,-0.158
Ttc34,0.040811563,-0.574
Mmel1,0.88410191,-0.026
Hes5,0.27458809,-0.255
Pank4,0.93791804,-0.013
Affy_10510980,0.38658799,-0.219
Pex10,0.91675828,-0.02
Morn1,0.72453711,0.063
Faap20,0.96249545,-0.011
Affy_10511014,0.87351946,-0.041
2010015L04Rik,0.94889335,0.02
C030017K20Rik,0.57514914,0.123
Tmem52,0.42696475,-0.21
Gnb1,0.41350809,-0.152
Nadk,0.62830385,0.105
Slc35e2,0.80707358,-0.047
Cdk11b,0.148526,0.2
B930041F14Rik,0.21254926,-0.254
Ssu72,0.094806637,-0.241
2610204G22Rik,0.00195542,0.526
Mrpl20,0.97418446,0.012
Ccnl2,0.070834195,-0.358
Aurkaip1,0.21544529,0.159
Mxra8,0.17996616,0.326
Dvl1,0.51583883,-0.162
Cpsf3l,0.33666334,-0.239
Acap3,0.78055073,-0.031
Ube2j2,0.71913949,-0.067
Fam132a,0.51363559,0.12
Sdf4,0.91490568,-0.022
Tnfrsf4,0.68891715,-0.103
Tnfrsf18,0.39044465,0.156
9430015G10Rik,0.093816258,-0.369
9930005F22Rik,0.35161376,-0.263
Tmem68,0.39064426,0.349
9430025C20Rik,0.33228876,0.137
Rps20,0.69670195,-0.096
Mos,0.92440977,-0.019
Plag1,0.93615561,0.014
Uba52,0.64552841,-0.098
Sdr16c5,0.48949409,-0.133
Sdr16c6,0.74256064,-0.052
Penk,0.50629129,-0.181
Gm11780,0.60501769,0.125
Impad1,0.93955585,-0.014
Cyp7a1,0.45569526,-0.812
Nsmaf,0.042489692,0.448
Affy_10511414,0.27704822,0.229
Tox,0.37773615,0.316
Car8,0.089193303,-0.568
Affy_10511442,0.47537332,0.139
Gm11810,0.31111282,0.304
Asph,0.90300931,0.026
Affy_10511484,0.97374552,-0.006
4930448K20Rik,0.64699452,0.076
Affy_10511490,0.56866327,-0.156
Gm11814,0.56635201,0.121
Gm11814,0.87107295,-0.049
Plekhf2,0.78178782,-0.044
Ndufaf6,0.081449394,0.437
Ints8,0.93008976,0.02
Dpy19l4,0.93524584,-0.023
Esrp1,0.96888812,0.006
Affy_10511577,0.62932904,0.092
Pdp1,0.053809161,0.334
Gm10604,0.65883602,-0.08
Tmem67,0.96979165,0.009
Fam92a,0.72351316,0.093
Gm10136,0.29184177,0.254
Slc26a7,0.87300938,0.026
Lrrc69,0.93634407,-0.014
Otud6b,0.9857121,0.004
Necab1,0.91267545,0.024
Decr1,0.82656438,-0.046
Nbn,0.13836679,-0.414
Osgin2,0.78067908,0.061
Ripk2,0.478956,-0.164
Affy_10511719,0.04963818,-0.397
Affy_10511721,0.10898031,-0.287
Affy_10511723,0.72707925,0.074
Cyb5r4,0.16578419,0.4
Cnbd1,0.96877361,-0.007
Cnbd1,0.85202391,-0.038
Cpne3,0.82012366,0.042
Wwp1,0.93262688,-0.01
Atp6v0d2,0.19897368,1.149
Nkain3,0.52372905,-0.105
Prdm13,0.85021627,-0.046
2610029I01Rik,0.95890712,-0.017
Sfrs18,0.82706358,0.051
Pou3f2,0.59466615,0.087
Pou3f2,0.14337022,-0.362
1700025O08Rik,0.25459854,-0.268
Klh132,0.95973465,0.009
Klh132,0.46986719,0.124
C230012O17Rik,0.12169207,-0.251
Fhl5,0.24661161,-0.176
Ufm1,0.17724174,0.287
Ptges3,0.56447243,-0.106
Affy_10511868,0.39033768,0.164
Fut9,0.83068526,-0.043
Affy_10511877,0.61159264,0.1
Affy_10511879,0.16486922,-0.23
Manea,0.70705589,0.082
Bhmt,0.5524125,-0.198
Affy_10511888,0.51753542,-0.207
Affy_10511890,0.6723125,-0.084
Affy_10511892,0.87500865,0.025
Affy_10511894,0.43192678,0.141
BC024582,0.85649638,0.034
Gja10,0.6318857,0.112
Ankrd6,0.037889144,-0.423
Pm20d2,0.29640794,0.172
Pnrc1,0.41638282,0.17
Spaca1,0.59020389,-0.072
Affy_10511950,0.87307131,-0.033
Orc3l,0.89626361,-0.024
Slc35a1,0.45681868,-0.22
1700003M02Rik,0.29880101,-0.131
Gm136,0.44830265,0.112
1810030N24Rik,0.19320714,0.505
Zfp292,0.4132332,0.145
Mob3b,0.8382179,0.038
Mob3b,0.33724479,0.196
C9orf72,0.7040648,0.104
Lingo2,0.72517164,-0.056
Affy_10512057,0.1435666,-0.253
Lingo2,0.33042044,-0.241
Taf9,0.49781677,0.13
Affy_10512063,0.80199093,0.083
Gm12387,0.82240119,0.063
Ddx58,0.93776583,0.027
Topors,0.46393067,0.152
Ndufb6,0.27339229,0.235
Aptx,0.7804638,0.053
Smu1,0.83029558,0.04
Psenen,0.81230496,0.04
B4galt1,0.3768785,-0.154
Bag1,0.61709455,0.107
Aqp7,0.80074208,0.102
Aqp3,0.6200388,-0.092
Nol6,0.6787193,0.064
Ubap2,0.19121793,-0.171
Dcaf12,0.45861276,-0.114
Kif24,0.26666478,0.289
AI464131,0.37392864,-0.236
1110017D15Rik,0.76363954,-0.051
2310028H24Rik,0.16111201,0.349
Enho,0.21971458,-0.542
Cntfr,0.73395554,0.059
2810432D09Rik,0.80814054,0.039
Dctn3,0.27934088,0.25
Arid3c,0.35848013,-0.237
Sigmar1,0.37822806,0.162
Ccl27a,0.4135569,0.188
Ccl19,0.31570402,0.222
CCL_complex,0.099248994,1.931
4930466F19Rik,0.1330594,0.561
Gm13305,0.56156568,0.101
CCL_complex,0.18445186,1.117
CCL_complex,0.18445186,1.117
4930466F19Rik,0.1330594,0.561
Gm13305,0.56156568,0.101
Ccl19,0.29384941,0.244
Ccl21,0.40199098,0.276
BC049635,0.73461278,-0.068
Vcp,0.74797599,0.038
Fancg,0.88621704,0.02
Pigo,0.42252258,0.132
Stoml2,0.5340251,0.13
Fam214b,0.45973071,-0.131
LOC280487,0.17746195,2.12
Fam166b,0.75738643,0.065
Cd72,0.22064525,1.36
Sit1,0.71086966,-0.084
Rmrp,0.95676596,-0.015
E130306D19Rik,0.6986486,0.089
Tpm2,0.025916126,0.614
Tln1,0.21889565,0.188
Gba2,0.025065872,-1.067
Msmp,0.26537197,-0.158
Spag8,0.29740278,-0.195
Hint2,0.63817612,-0.11
4930412F15Rik,0.47891418,-0.109
Olfr70,0.4894464,-0.15
Olfr71,0.48213136,-0.148
Olfr159,0.55389852,0.148
Olfr159,0.77609361,0.067
Olfr156,0.56394253,-0.1
Olfr157,0.11078647,-0.3
Gne,0.35708016,-0.167
Affy_10512653,0.48680089,-0.133
Rnf38,0.29878864,0.232
Pax5,0.67418102,0.079
Aurkc,0.30095972,-0.301
Zbtb5,0.35558027,0.187
Fbxo10,0.32898489,-0.18
Tomm5,0.20682981,0.249
Exosc3,0.25413101,0.24
Mcart1,0.44429327,0.221
Shb,0.58144459,-0.111
Igfbpl1,0.34806208,-0.254
Tstd2,0.84056155,0.045
Xpa,0.94248413,-0.019
5830415F09Rik,0.84315578,-0.042
Hemgn,0.008401099,-0.558
Trim14,0.76036156,0.076
Coro2a,0.69987244,0.094
Tbc1d2,0.18011588,-0.296
Gabbr2,0.076652141,0.976
Gm568,0.93520896,0.015
Anks6,0.38942899,-0.139
Alg2,0.79562329,0.082
Erp44,0.89203918,0.024
Tex10,0.75971371,0.054
Affy_10512884,0.8760138,0.039
Acnat2,0.64526065,-0.263
Acnat1,0.85559637,-0.041
Baat,0.14818968,0.24
Mrpl50,0.28765968,0.184
Aldob,0.98677424,-0.002
C9orf125,0.79975824,-0.059
Grin3a,0.20905362,-0.238
Ppp3r2,0.51987088,-0.102
Amd1,0.80608312,-0.062
Rnu1b1,0.70853182,0.142
2610030H06Rik,0.49760461,0.123
Olfr273,0.46235037,-0.13
Olfr272,0.51911053,-0.146
Affy_10512947,0.59059097,-0.131
Abca1,0.78767247,-0.056
AI427809,0.80112209,-0.054
Gm12471,0.12133991,-0.715
Gm10588,0.68788747,0.076
Affy_10513006,0.78290804,0.046
Klf4,0.18477225,-0.258
Actl7b,0.5700274,-0.13
Ikbkap,0.76144698,-0.054
Ctnnal1,0.30746879,0.201
Tmem245,0.13331459,0.257
mir-32,0.86049551,-0.042
Frrs1l,0.23151249,-0.175
Epb4.1l4b,0.31836161,-0.257
Ptpn3,0.61368645,0.126
Ptpn3,0.47632951,-0.192
Ptpn3,0.30482596,-0.17
Ptpn3,0.50219234,-0.15
Ptpn3,0.59715978,-0.098
Ptpn3,0.75351071,-0.064
Ptpn3,0.84557691,-0.034
Ptpn3,0.80558238,-0.071
Ptpn3,0.85077645,0.043
Ptpn3,0.33007777,-0.2
Ptpn3,0.77174858,-0.066
Ptpn3,0.29265241,-0.204
Gapdh,0.77316611,-0.042
Gm12538,0.093152813,0.434
Gm12526,0.54993705,0.106
D630039A03Rik,0.94983939,0.015
Txn1,0.38600743,-0.133
Txndc8,0.7535465,0.068
Svep1,0.69385121,0.131
Lpar1,0.11676806,-0.432
Olfr267,0.5789603,-0.104
Kiaa0368,0.65789489,-0.067
Ptgr1,0.79068285,0.062
AI481877,0.19569957,-0.17
Rpsa-ps11,0.029745825,0.48
Susd1,0.601074,-0.108
Rod1,0.63961623,-0.082
Inip,0.85744731,-0.035
Gm12542,0.57752912,0.114
Slc46a2,0.17987949,-0.289
Mup4,0.85591412,0.036
Mup7,0.15028717,-0.182
Mup2,0.23552483,-0.176
Mup2,0.18422561,-0.174
Mup2,0.16444089,-0.174
Mup2,0.33011974,-0.181
Mup2,0.20233959,-0.168
Mup2,0.317313,-0.183
Mup2,0.23075692,-0.185
Mup1,0.50831161,-0.141
Mup5,0.85550886,-0.041
Mup20,0.86765909,0.062
Mup3,0.66117712,-0.118
Gm2173,0.21619248,0.495
Mup21,0.59259391,-0.471
Zfp37,0.84405051,-0.05
Fkbp15,0.24885651,-0.149
Cdc26,0.22936372,0.263
Rnf183,0.81888228,-0.047
Wdr31,0.35137673,-0.151
Hdhd3,0.15736116,-0.884
Alad,0.10337899,-1.016
Pole3,0.41518085,0.116
Ambp,0.43391585,-0.084
Kif12,0.63938203,-0.097
Akna,0.95028626,0.016
whirlin,0.21111712,-0.208
1700018C11Rik,0.9290213,0.022
Tnfsf15,0.22005451,0.229
Tnfsf8,0.43968295,-0.156
Rpl17,0.50909944,-0.067
Tnc,0.01757346,0.506
Affy_10513770,0.45315344,-0.137
Affy_10513774,0.57257081,0.09
Astn2,0.93926695,0.018
Affy_10513803,0.94435353,-0.029
Dbc1,0.81548337,-0.047
Stmn1,0.59306484,0.157
Stmn1,0.49493189,-0.112
Cdk5rap2,0.41705737,0.111
Cdk5rap2,0.73315927,0.069
Megf9,0.59326557,0.121
Rps18,0.27938324,-0.21
Gm11232,0.94534799,-0.015
Tle1,0.37260885,-0.238
Aldoart1,0.67002915,0.102
Gm11487,0.89643575,0.034
Affy_10513918,0.61619564,-0.12
Gm11488,0.73342827,0.076
Rasef,0.31059609,-0.168
Rasef,0.099485683,-0.516
2310002L09Rik,0.49949251,-0.12
3110001D03Rik,0.01689604,-0.756
Affy_10513955,0.32784479,0.123
Ptprd,0.22469063,0.335
Mpdz,0.65227126,-0.115
Affy_10514047,0.64370708,0.065
Nfib,0.29705825,0.23
Nfib,0.78779894,0.04
2310067E19Rik,0.8081684,0.073
Zdhhc21,0.21450332,0.379
Cer1,0.1256874,-0.294
Frem1,0.57642929,-0.164
Ttc39b,0.19300428,-0.441
Ttc39b,0.80963448,-0.063
Affy_10514156,0.71008686,0.088
Psip1,0.89182894,0.04
Affy_10514173,0.21244152,0.332
Affy_10514175,0.708263,0.056
Bnc2,0.92952116,-0.019
Affy_10514185,0.34064885,-0.234
Affy_10514187,0.91700057,0.021
Affy_10514189,0.55782653,0.091
Affy_10514193,0.82681216,0.042
Fam154a,0.1396194,-0.22
Haus6,0.32732779,0.268
Scarna8,0.57049729,0.147
Plin2,0.88001588,-0.045
Rps6,0.093988155,-0.16
Slc24a2,0.34262216,-0.198
Mllt3,0.94927451,0.012
Ptplad2,0.015675682,0.722
Ifnb1,0.7658931,0.048
Gm12597,0.95081066,-0.012
Ifna14,0.88322169,0.043
Ifna9,0.37733378,-0.174
Mrpl48,0.081551596,0.441
Ifna12,0.52380593,0.194
C87499,0.2602619,-0.239
Ifna13,0.36036281,0.249
Gm13280,0.8953582,-0.035
Ifna2,0.21025337,0.348
Ifnab,0.6885104,0.13
Klhl9,0.1567126,-0.219
LOC100037413,0.68159877,-0.112
Ifnz,0.3417701,-0.202
Ifnz,0.30725825,-0.2
Ifnz,0.31795627,-0.264
Ifnz,0.31674239,-0.205
4930553M12Rik,0.90291788,0.029
Ifne,0.46224525,-0.14
mir-31,0.13451489,-0.448
Cdkn2a,0.70770518,0.077
Cdkn2b,0.3923968,-0.186
Affy_10514350,0.24651073,0.328
Elavl2,0.028095906,-0.338
Glrx3,0.74736171,0.094
Gm12070,0.71373326,-0.054
Gm7388,0.78867519,0.059
Izumo3,0.98812184,-0.003
Larp7,0.052637069,0.398
Affy_10514388,0.54627028,0.126
Gm12642,0.22521631,-0.263
Tusc1,0.072987635,-0.37
Affy_10514396,0.11651864,-0.306
5830433M19Rik,0.47670021,0.219
Plaa,0.97569224,0.005
Lrrc19,0.40620523,0.17
Eqtn,0.53490737,-0.085
Mysm1,0.60677337,0.136
Gm12703,0.076850873,-0.42
Gm8580,0.38795499,-0.187
Jun,0.98238987,0.013
Affy_10514473,0.8018173,-0.045
Hook1,0.63266679,-0.11
Cyp2j13,0.40542732,0.119
Cyp2j12-ps,0.96279106,-0.011
Cyp2j11-ps,0.46238346,-0.137
Cyp2j6,0.26722287,-0.304
Cyp2j9,0.93574919,-0.032
Cyp2j5,0.3953059,-0.13
C1orf87,0.66389715,0.083
Gm10192,0.85003066,-0.032
Affy_10514558,0.25696437,-0.317
E130114P18Rik,0.11060106,-0.328
Tm2d1,0.42793348,0.111
Kank4,0.28091061,-0.168
I0C0044D17Rik,0.18330487,-0.336
Dock7,0.86399373,0.05
Affy_10514645,0.15290469,-0.294
Affy_10514647,0.60494823,-0.15
Itgb3bp,0.11263949,0.34
Itgb3bp,0.59494568,0.146
Gm10577,0.19011057,-0.234
Gm10576,0.57847443,0.095
Affy_10514666,0.67641152,0.059
Jak1,0.3890162,-0.124
mir-101a,0.78242052,0.041
B020004J07Rik,0.99300387,-0.002
C130073F10Rik,0.05045485,-0.464
C130073F10Rik,0.12070102,0.384
Insl5,0.75053003,0.058
Wdr78,0.87756143,0.03
Slc35d1,0.20176363,-0.278
4921539E11Rik,0.51748597,0.083
C8a,0.21916743,-0.411
Prkaa2,0.17781038,-0.209
Gm12722,0.91557308,-0.027
Pcsk9,0.8307534,0.11
Bsnd,0.89603575,-0.032
Tmem61,0.087195588,-0.472
C1orf177,0.11209332,-0.306
Ttc4,0.58380538,0.112
Gm1027,0.27987802,-0.266
Acot11,0.24196832,0.606
Mrpl37,0.92345533,-0.016
Tceanc2,0.67991329,0.114
Tceanc2,0.25781084,0.858
Lrrc42,0.83092054,0.046
Dio1,0.45458732,-0.345
Dmrtb1,0.13226283,-0.348
Tomm22,0.6786522,0.091
B230314M03Rik,0.17169066,-0.405
4930430J20Rik,0.54659849,0.131
Cpt2,0.65111861,-0.109
Podn,0.41188837,-0.197
Scp2,0.041847759,-0.326
Zyg11a,0.43981656,0.286
Zyg11b,0.47293654,0.103
Fam159a,0.7941005,-0.067
Gpx7,0.15203483,-0.254
Prpf38a,0.78618657,0.047
Cc2d1b,0.84405561,-0.034
Zfyve9,0.58693852,0.105
Btf3l4,0.6904986,0.116
Kti12,0.067607231,0.29
Osbpl9,0.84829393,-0.023
Rnf11,0.78242504,0.049
4930522H14Rik,0.79313108,0.044
9630013D21Rik,0.038251725,0.682
Cdkn2c,0.075193791,0.724
Elavl4,0.86044125,0.023
Affy_10515111,0.33009123,-0.244
Hnrnpa3,0.79655084,0.077
Slc5a9,0.85000411,-0.03
Affy_10515132,0.85608273,-0.033
Skint9,0.97978532,-0.004
Affy_10515142,0.52500105,0.122
Skint10,0.33833837,0.173
Rpl3,0.32015823,0.278
Minpp1,0.67518255,0.078
Foxd2,0.09489468,-0.346
Foxe3,0.35872514,-0.206
Cmpk1,0.634923,-0.098
Cyp4x1,0.073381733,-0.238
Affy_10515181,0.66274045,-0.158
Cyp4a14,0.21325994,1.407
Cyp4b1,0.31246987,0.269
4930544O15Rik,0.95645637,0.013
Dmbx1,0.19487607,-0.3
Faah,0.46115072,-0.14
Nsun4,0.85849344,0.024
Uqcrh,0.30270603,-0.174
Rad54l,0.49541894,0.13
1520402A15Rik,0.29096429,-0.294
Affy_10515280,0.93535972,0.022
Tspan1,0.11110617,-0.312
Llph,0.97108308,-0.008
Mast2,0.13678218,0.208
Tmem69,0.15814295,0.313
Ccdc17,0.014127192,-0.575
Nasp,0.21315392,0.244
Akr1a4,0.45868843,-0.102
Mmachc,0.53854268,0.112
Toe1,0.32138854,0.185
Hpdl,0.89480565,-0.032
Rpl36,0.32583633,-0.131
Urod,0.33309562,0.208
Btbd19,0.41786087,0.241
Plk3,0.32581044,-0.629
Rps8,0.49189727,-0.097
Affy_10515423,0.9063455,0.036
Snord38a,0.084225935,0.494
Affy_10515427,0.90481417,-0.025
Affy_10515429,0.085148861,-0.505
Kif2c,0.68011539,0.075
Gm1661,0.79322212,0.052
Rnf220,0.10663113,-0.21
Dmap1,0.44097874,0.122
Rhoa,0.47592105,-0.088
Klf17,0.38621305,-0.162
B4galt2,0.53731611,-0.114
Atp6v0b,0.12418357,-0.282
Dph2,0.86962649,0.033
Ipo13,0.93201871,-0.013
Artn,0.01827272,-0.496
St3gal3,0.33880661,0.285
Kdm4a,0.83009931,0.023
Ptprf,0.32600529,-0.247
Szt2,0.61832391,0.065
Szt2,0.85308642,0.035
Szt2,0.79125097,-0.07
Szt2,0.70020704,-0.08
Szt2,0.77458371,-0.046
Szt2,0.49453196,0.124
Szt2,0.39292507,0.158
Szt2,0.46812906,-0.148
Szt2,0.71730837,-0.08
Szt2,0.36316925,0.233
Szt2,0.33260851,-0.202
Szt2,0.23725011,-0.344
Szt2,0.25168091,-0.3
Szt2,0.67783991,-0.152
Szt2,0.38742383,-0.167
Szt2,0.36161468,0.203
Szt2,0.30075778,-0.168
Szt2,0.0586024,0.398
Szt2,0.58746906,0.107
Szt2,0.69012431,-0.06
Szt2,0.65943829,0.084
Szt2,0.32457412,0.195
Cdc20,0.47887895,0.136
Mpl,0.66055614,-0.068
Tie1,0.14635179,-0.248
Tmem125,0.26544853,-0.229
Wdr65,0.77057334,-0.063
LOC674677,0.29169044,-0.209
Affy_10515819,0.94413583,-0.016
Olfr1342,0.94145076,-0.019
Olfr1338,0.80958686,0.052
Olfr1337,0.2264775,-0.266
Olfr1335,0.14949287,-0.349
Olfr1333,0.76095376,-0.057
Olfr1329,0.33975655,0.242
Olfr1328,0.96276071,-0.009
Ccnb1,0.84495381,0.052
Gm12863,0.56738202,-0.106
Gm12866,0.40114076,-0.211
Zfp691,0.43185484,-0.154
Ermap,0.27998312,-0.19
4930538K18Rik,0.49789454,0.112
C1orf50,0.21763416,0.378
Ybx1,0.82512392,-0.036
Ppih,0.15230008,0.241
Ccdc30,0.91592893,0.02
Ppcs,0.98471226,-0.004
Rimkla,0.62993964,-0.106
AA415398,0.3170612,0.293
Guca2b,0.44916341,-0.462
Foxo6,0.384677,-0.263
Ctps,0.8472771,-0.052
Kcnq4,0.19489676,-0.344
Nfyc,0.12371251,0.432
mir-30c-1,0.29787297,-0.307
mir-30e,0.17263033,0.353
Dem1,0.33986265,0.184
Zfp69,0.091984177,-0.83
Smap2,0.66763781,0.053
Zmpste24,0.14642488,-0.288
Zmpste24,0.51216691,-0.141
Affy_10516022,0.71030478,-0.088
Tmco2,0.61882153,-0.1
Rlf,0.31339425,-0.24
Gm12888,0.56772807,-0.15
Gm10573,0.91503726,-0.021
Gm12877,0.35464257,-0.208
Cap1,0.1916838,0.364
Mfsd2a,0.3382296,1.068
LOC100038759,0.23810263,-0.336
Ppie,0.25844387,0.194
Bmp8a,0.42578166,-0.187
Oxct2a,0.9937893,0.002
Macf1,0.42053975,0.106
Rps2,0.25184388,0.328
Ndufs5,0.3523218,0.202
Akirin1,0.73564452,0.086
Gm10572,0.983514,-0.003
Affy_10516221,0.069733798,0.281
Rragc,0.61688205,-0.107
3100002H09Rik,0.35325012,-0.235
Utp11l,0.9085591,0.029
1110065P20Rik,0.21918507,-0.158
Maneal,0.48532228,-0.183
Cdca8,0.1386421,0.227
Dnali1,0.58467239,0.129
Zc3h12a,0.90082993,0.022
Rpl28,0.65733462,-0.102
1700029G01Rik,0.42561385,-0.122
Thrap3,0.96748937,0.007
Affy_10516303,0.6036348,0.162
Mtap7d1,0.69126984,-0.047
Gm8505,0.69772732,-0.129
Adprhl2,0.87047258,-0.022
Tekt2,0.74070004,-0.064
Eif2c3,0.83411489,0.041
Eif2c1,0.83088573,-0.036
Eif2c4,0.28470968,0.21
Tcfap2e,0.47432635,-0.169
Ncdn,0.85645786,-0.021
Zmym4,0.65496356,-0.094
Zmym1,0.68917836,0.074
Rps28,0.75620833,0.063
Gja4,0.45121369,0.134
Gjb3,0.90483676,0.025
Gjb4,0.027215807,-0.442
Gjb5,0.21458036,-0.224
CK137956,0.3531852,-0.252
Hmgb4,0.89528524,0.027
Zscan20,0.56020708,-0.087
Tlr12,0.31310403,0.481
Zfp362,0.59599973,-0.066
Azin2,0.7637658,-0.064
Hpca,0.51522291,-0.123
S100pbp,0.2494575,0.185
C77080,0.14303429,-0.234
Rbbp4,0.46525664,-0.144
Zbtb8a,0.69284095,0.091
Zbtb8b,0.75058071,0.077
Tssk3,0.086244161,-0.407
Hdac1,0.15489321,0.482
Lck,0.64427172,0.12
Fam167b,0.42022214,-0.162
Eif3i,0.97676681,0.004
Iqcc,0.057692033,-0.331
Ccdc28b,0.56337733,-0.099
Txlna,0.14285044,-0.221
Kpna6,0.19994143,0.151
Tmem39b,0.42427844,0.188
Khdrbs1,0.63467,-0.108
Gm12967,0.41514853,0.162
Hcrtr1,0.82869308,0.038
Tinagl1,0.8194788,0.04
Gm853,0.31404748,-0.231
Serinc2,0.65634064,-0.238
Gm10570,0.077867446,-0.364
Zcchc17,0.25501838,0.314
Affy_10516784,0.90724418,0.025
Ptpru,0.80633835,0.062
Epb4.1,0.70593051,-0.078
Oprd1,0.583444,-0.148
Ythdf2,0.43944519,0.076
Gmeb1,0.4386181,0.124
Rab42-ps,0.88942609,0.031
Trnau1ap,0.71143839,-0.054
Rcc1,0.4737796,0.11
Affy_10516906,0.97791884,-0.026
Affy_10516908,0.9782065,-0.023
Phactr4,0.93519144,-0.015
Med18,0.57661098,0.117
Sesn2,0.36959552,0.203
Atpif1,0.95373388,-0.014
Affy_10516948,0.46177862,0.164
Xkr8,0.80322787,0.044
Smpdl3b,0.60436238,0.119
BC013712,0.43070358,0.391
Ppp1r8,0.6402419,0.082
Stx12,0.42424546,0.166
Fam76a,0.56691795,0.111
Affy_10517003,0.32799076,0.192
Gpr3,0.31239607,-0.195
Sytl1,0.43256165,0.282
Tmem222,0.3914618,-0.181
Wdtc1,0.4132348,0.401
Trnp1,0.12565675,-0.361
Affy_10517056,0.20899776,-0.406
1810019J16Rik,0.31145116,-0.206
Nudc,0.30306387,-0.245
Sfn,0.55247399,0.157
Zdhhc18,0.68881361,0.166
Rpl29,0.11765169,-0.759
Pigv,0.57010885,-0.073
Arid1a,0.72628173,0.055
Affy_10517114,0.2020093,-0.256
Rps6ka1,0.53956618,-0.192
Hmgn2,0.74269367,-0.08
Dhdds,0.2005461,0.29
Lin28a,0.30585772,-0.218
Cd52,0.08354147,1.408
Sh3bgrl3,0.13415466,0.656
Ccdc21,0.21980466,0.798
Gm7534,0.094150028,-0.412
Catsper4,0.45070468,0.108
Cnksr1,0.54444342,-0.089
Zfp593,0.84358367,-0.044
Grrp1,0.80278768,-0.079
Pdik1l,0.30153363,-0.177
Extl1,0.24668069,-0.809
Fam54b,0.24151875,-0.281
Sepn1,0.86067344,0.045
Man1c1,0.74851161,0.064
Ldlrap1,0.17832859,-0.156
Tmem57,0.8242984,0.032
Tmem50a,0.74096271,-0.062
Clic4,0.94031343,0.012
Affy_10517343,0.005284077,0.475
Srrm1,0.62965432,-0.073
A330049M08Rik,0.50331808,-0.193
Affy_10517371,0.18653257,-0.316
Rcan3,0.014888394,-0.518
Nipal3,0.98665944,0.003
Grhl3,0.95866177,0.014
Grhl3,0.92064104,0.028
Pnrc2,0.55708981,0.139
Lypla2,0.44930026,0.149
1110049F12Rik,0.43114128,0.186
Tceb3,0.52737045,0.122
Rpl11,0.98597505,-0.003
Luzp1,0.84461544,-0.031
Kdm1a,0.31819382,0.134
Gm12986,0.48055628,0.138
Ephb2,0.71016718,0.073
C1qb,0.36276747,0.567
C1qc,0.1889191,0.813
C1qa,0.18486273,0.547
Epha8,0.95701511,0.012
Zbtb40,0.92742169,0.019
Cdc42,0.51849821,-0.12
Affy_10517566,0.56028348,-0.134
Cela3a,0.49177273,-0.186
Cela3b,0.02220475,-1.023
Ldlrad2,0.32376839,-0.19
Alpl,0.10789066,-0.746
Pink1,0.7902591,0.048
Cda,0.62358223,0.143
Fam43b,0.21097972,-0.338
Vwa5b1,0.22666914,-0.305
Ubxn10,0.94008959,-0.019
Pla2g2f,0.98536052,-0.004
Pla2g5,0.16059378,-0.313
Affy_10517664,0.21529584,-0.26
Otud3,0.40746384,0.216
Htr6,0.53921142,-0.16
Nbl1,0.80973277,-0.055
2310028O11Rik,0.36438491,0.168
Gm16287,0.62858378,-0.088
Pqlc2,0.25172868,-0.568
Ccnd3-ps,0.50436683,-0.239
Mrto4,0.099332391,0.463
Pax7,0.25125042,-0.215
Klhdc7a,0.043575332,-0.585
Igsf21,0.42470252,-0.177
Gm9867,0.94588392,-0.016
Arhgef10l,0.18858551,0.243
Padi6,0.62810829,-0.083
Padi4,0.9864965,0.003
Padi3,0.34092002,-0.193
Padi1,0.56606771,-0.135
Crocc,0.13475873,-0.308
Necap2,0.89132124,-0.03
D4Ertd22e,0.9023531,0.023
C630004L07Rik,0.45189278,-0.173
Clcnka,0.7016745,-0.071
Clcnkb,0.48887762,-0.158
Gm694,0.23546118,-0.274
Spen,0.24389902,-0.142
Fblim1,0.63022734,-0.116
Tmem82,0.035383159,-0.56
Slc25a34,0.80232413,-0.058
Plekhm2,0.31333138,0.158
Ddi2,0.43524504,-0.117
Dnajc16,0.027512933,-0.391
Cela2a,0.089953706,-0.561
Ctrc,0.49493305,-0.132
Efhd2,0.71828957,-0.088
Fhad1,0.46482627,-0.119
Fhad1,0.072197547,-0.382
Tmem51,0.11225816,-0.38
Kazn,0.79003174,-0.048
Prdm2,0.37122084,-0.153
Prdm2,0.77990325,-0.081
Pdpn,0.19699168,-0.39
Oog4,0.69363042,-0.09
Affy_10518163,0.98641338,0.004
Trappc2,0.40496382,0.229
Gm13089,0.60889812,-0.108
Oog2,0.52417071,-0.095
Oog3,0.51416361,0.124
Gm13023,0.38075151,-0.155
Pramel5,0.52807958,0.127
Gm13125,0.93211572,0.023
Pramef12,0.2600431,0.17
Affy_10518207,0.55171877,-0.174
1700012P22Rik,0.95551027,0.012
Gm9944,0.23593379,0.249
Gm13126,0.23852818,0.217
Gm13178,0.26629022,-0.35
Vps13d,0.23177685,0.409
Vps13d,0.25512005,0.234
Tnfrsf1b,0.14810323,0.47
Tnfrsf8,0.6678889,-0.118
Affy_10518327,0.1156899,-0.371
Rpl28,0.50095562,-0.149
Affy_10518331,0.6926651,-0.138
Gm13163,0.96026994,0.011
1700029I01Rik,0.16578304,1.035
Ppp2r5a,0.88956285,0.024
Cdv3,0.77717958,0.041
Gm13251,0.21248579,1.156
Hmgb2,0.13535962,0.308
Hmgb2,0.06035334,0.429
Gm13149,0.21536136,-0.297
Rpl29,0.37790084,-0.174
2610305D13Rik,0.81299354,0.131
Smarca5,0.58995001,0.099
Rps19-ps3,0.99042366,0.003
2810408P10Rik,0.81933185,0.06
Miip,0.049219073,0.849
Mfn2,0.53469843,0.116
Plod1,0.94258796,0.016
Clcn6,0.48585123,-0.171
Chchd2,0.89764719,0.024
Agtrap,0.11752203,0.343
2610109H07Rik,0.17302007,-0.259
Fbxo6,0.23741437,0.275
Fbxo44,0.17797671,0.897
Ptchd2,0.39906755,-0.17
Ptchd2,0.42021656,-0.199
Ubiad1,0.13696355,-0.799
Ubiad1,0.54017235,0.14
Angptl7,0.05131989,-0.429
Tardbp,0.57504248,0.114
Pex14,0.27047728,0.278
Cort,0.51375195,-0.191
Apitd1,0.11781685,-0.249
Rpsa-ps12,0.29525463,0.394
Pgd,0.25434167,0.558
Kif1b,0.90543473,0.023
Ube4b,0.80373293,-0.05
Rbp7,0.078433047,-0.4
Nmnat1,0.38381836,-0.262
Pik3cd,0.80760552,-0.067
Tmem201,0.58635671,-0.079
Slc25a33,0.92146819,-0.029
Spsb1,0.2390509,-0.257
H6pd,0.32763043,-0.165
Car6,0.941148,-0.014
Car6,0.79590045,-0.087
Slc45a1,0.794343,-0.064
Park7,0.91172874,0.028
Per3,0.072482783,-0.861
Vamp3,0.87093919,0.038
Camta1,0.32166781,-0.215
Camta1,0.70866421,-0.099
Camta1,0.82791913,0.044
Camta1,0.66858941,0.086
Thap3,0.94668072,-0.011
Phf13,0.5162028,-0.086
Klhl21,0.72538854,-0.078
Zbtb48,0.91038455,-0.022
Tas1r1,0.20764333,-0.248
Espn,0.44828891,-0.17
Hes3,0.75378521,-0.056
Rnf207,0.40339276,-0.17
Kcnab2,0.10203442,-0.396
Ajap1,0.33392118,-0.192
BC049688,0.22873515,-0.255
Dffb,0.98187314,0.004
1190007F08Rik,0.76350705,-0.05
Ccdc27,0.08221557,-0.293
Trp73,0.53100184,-0.132
Tprgl,0.78142207,-0.043
Arhgef16,0.26774361,0.409
Prdm16,0.432937,-0.136
5930403L14Rik,0.16015467,-0.229
Actrt2,0.15095257,-0.367
Fam213b,0.1303486,-1.134
Tnfrsf14,0.85205727,-0.045
Plch2,0.52264644,-0.182
Rer1,0.86277303,0.033
Ski,0.76357389,0.042
Prkcz,0.2288912,-0.282
Gabrd,0.87419783,-0.036
Affy_10519136,0.72466288,-0.068
Gm10563,0.82773355,-0.058
Mmp23,0.62934439,0.126
Mib2,0.81718732,0.031
Affy_10519177,0.52070466,0.129
1500002C15Rik,0.78038273,0.043
Affy_10519181,0.15483292,-0.392
Atad3a,0.3254993,-0.225
Vwa1,0.81445832,-0.059
Tmem88b,0.20147767,0.237
Ccnl2,0.76018806,0.06
Mxra8,0.91389387,0.019
Tas1r3,0.094625129,-0.344
Gltpd1,0.52468461,-0.268
Pusl1,0.31345528,0.185
B3galt6,0.015272277,0.421
Gm10560,0.84217959,-0.048
Ttll10,0.084366604,-0.36
mir-429,0.50124521,0.094
mir-200a,0.98299951,-0.006
mir-200b,0.39445469,0.165
Agrn,0.11243726,-0.271
Affy_10519310,0.04503387,-0.321
Affy_10519314,0.56215421,0.194
Rpl26,0.25994661,0.481
Cdk6,0.44983731,-0.182
Fam133b,0.75511697,0.058
Affy_10519344,0.7415515,0.078
1700109H08Rik,0.21736143,0.333
Pex1,0.083276006,0.29
4930511M11Rik,0.29121025,-0.117
Krit1,0.80441765,0.048
4932412H11Rik,0.16174291,0.294
Akap9,0.62851657,-0.077
Gm9897,0.79289236,0.042
Affy_10519475,0.26946719,0.156
Affy_10519477,0.27570005,0.282
Affy_10519480,0.50411248,-0.196
Gm8773,0.21766761,-0.282
Steap2,0.69409603,0.077
Affy_10519486,0.076977637,-0.652
Tubb4b,0.19866432,0.406
4921511H03Rik,0.43043647,-0.103
4921511H03Rik,0.40701028,0.199
Steap4,0.81818651,0.121
Sri,0.38327532,-0.133
Gm15730,0.94499077,0.017
Slc25a40,0.97923934,0.008
Abcb1a,0.98137816,-0.009
Abcb1b,0.75564066,-0.076
Abcb4,0.87380026,-0.044
Tmem243,0.3966007,0.169
9330182L06Rik,0.34358011,0.14
Affy_10519636,0.49537172,-0.146
Gm10482,0.74483773,0.042
Gm4959,0.47788967,0.115
Gm6455,0.53769663,-0.063
Gm6455,0.89527366,-0.027
Gm8912,0.23562297,0.205
Gm8944,0.30625721,0.188
Gm3360,0.10198053,0.372
Gm6455,0.70427809,0.038
Gm8912,0.23901127,0.226
Gm8912,0.37846965,0.167
Speer1-ps1,0.50655848,-0.099
Gm8912,0.12329581,0.274
Gm6455,0.38461988,0.079
Gm8944,0.30625721,0.188
Gm8944,0.15329307,0.235
Gm6455,0.38971118,-0.157
Gm3360,0.11166207,0.346
Sema3d,0.51152945,0.144
Affy_10519711,0.1823581,0.256
LOC635773,0.52616008,-0.245
Sema3a,0.66729198,-0.08
Speer3,0.36866436,0.163
LOC635905,0.36947133,-0.176
Sema3e,0.062467658,-0.678
Pclo,0.5516496,0.122
Speer4d,0.11662979,-0.277
Speer8-ps1,0.15040827,-0.273
Cacna2d1,0.32404711,0.187
Cacna2d1,0.54719439,0.159
Hgf,0.77360012,-0.078
Speer4f,0.45240908,-0.122
Sema3c,0.89143668,-0.025
Gnat3,0.45048121,0.126
Magi2,0.87939488,0.032
Affy_10519940,0.49283426,-0.115
Magi2,0.92171607,-0.019
Tmem60,0.76906991,0.072
Rsbn1l,0.25072426,0.334
Gsap,0.61544567,-0.149
Fgl2,0.35492424,0.571
Fam185a,0.24559963,-0.304
Lrrc17,0.18595594,-0.364
Armc10,0.15852267,-0.297
Pmpcb,0.49109667,0.214
Psmc2,0.096357525,0.283
Gm10475,0.28484411,-0.207
Lhfpl3,0.82458679,-0.059
Affy_10520046,0.83238345,0.024
Mll5,0.28818658,0.196
Rint1,0.23993276,0.264
Klhl7,0.46913401,0.295
Affy_10520109,0.30209478,0.238
Nupl2,0.091400801,0.3
EG665955,0.073109175,-3.849
Sumo2,0.97939635,-0.004
Nos3,0.27041745,-0.338
Abcb8,0.74311169,-0.066
Accn3,0.53904716,-0.139
Slc4a2,0.25345117,-0.183
Agap3,0.78340547,-0.031
Affy_10520232,0.17927566,-0.256
Chpf2,0.40530914,-0.172
1700022A21Rik,0.11090187,-0.328
Nub1,0.39606393,-0.113
1500035N22Rik,0.85528953,0.04
2900005J15Rik,0.51086148,0.106
Galntl5,0.97382403,-0.006
Galnt11,0.47970217,-0.326
Cct8l1,0.99671624,0.001
Actr3b,0.82334448,-0.038
Dpp6,0.45882525,-0.162
B930011P16Rik,0.38258864,-0.205
Htr5a,0.51371876,-0.162
Affy_10520360,0.99266842,0.001
Insig1,0.60995394,0.398
En2,0.27772267,-0.248
Rbm33,0.28769764,-0.196
Rbm33,0.46253984,-0.098
Rbm33,0.88257309,-0.036
Gapdh,0.87037197,-0.024
Rnf32,0.70832357,0.06
Nom1,0.97316726,-0.006
Nom1,0.66318565,-0.074
Ube3c,0.73929147,0.05
Dnajb6,0.47715834,-0.179
Gm10469,0.70162561,-0.07
Il6,0.39063096,-0.157
Fam59b,0.79176677,-0.053
Hadhb,0.86805875,-0.046
Ept1,0.8755177,0.023
Gm1060,0.69102629,-0.102
1700001C02Rik,0.48161888,-0.119
Kcnk3,0.75290802,-0.078
4930471M23Rik,0.93794547,0.012
Cenpa,0.35832219,-0.153
Dpysl5,0.36189667,-0.194
Mapre3,0.26747262,0.232
Tmem214,0.46167447,-0.12
Agbl5,0.62560191,-0.09
Emilin1,0.79499026,0.058
Khk,0.79602073,0.071
Abhd1,0.19890216,0.27
Tcf23,0.96565593,-0.012
03-Apr,0.23453066,-0.137
Affy_10520648,0.91324885,-0.02
Cad,0.4002857,0.144
Gm9924,0.70025663,-0.091
Dnajc5g,0.66655665,-0.106
Trim54,0.79873034,0.052
Snx17,0.73051348,0.058
Nrbp1,0.57153227,-0.094
Krtcap3,0.37239002,-0.18
Gckr,0.96018734,-0.01
Zfp512,0.88671323,0.024
4930548H24Rik,0.89721483,0.024
Gpn1,0.45577005,0.165
Slc4a1ap,0.4576351,0.113
Mrpl33,0.030204606,0.422
Bre,0.61108356,0.102
Affy_10520860,0.68839179,-0.087
Fosl2,0.54720045,0.129
Affy_10520867,0.51342907,-0.11
Plb1,0.585798,-0.09
Plb1,0.66507634,-0.079
Plb1,0.31110042,-0.284
Plb1,0.94333986,-0.019
Plb1,0.88639587,-0.039
Plb1,0.61194674,0.117
Plb1,0.76030443,-0.055
Pdlim1,0.22057399,0.412
Ppp1cb,0.27122793,-0.143
Yes1,0.92631611,-0.016
Depdc5,0.64125536,0.064
Ywhah,0.61670684,0.108
Ino80,0.71252581,0.073
Slc5a1,0.58549796,0.114
Maea,0.58881312,0.083
4933407H18Rik,0.45424529,-0.154
Gm9903,0.68051733,0.084
Gm10459,0.52041545,-0.155
Tacc3,0.41870762,-0.174
Fgfr3,0.28782014,-0.292
Rps29,0.32759428,0.175
Whsc1,0.67484231,0.093
C4orf48,0.35994396,-0.166
Nat8l,0.44304628,-0.189
Rnf4,0.3493636,-0.103
Fam193a,0.46323277,0.092
Sh3bp2,0.6620147,0.113
Add1,0.52651658,0.096
Grk4,0.74219134,0.05
Htt,0.61770922,0.08
A930005I04Rik,0.21673013,-0.287
Rgs12,0.096681529,-0.254
Hgfac,0.50020027,0.328
Dok7,0.53283967,-0.12
Adra2c,0.30727608,-0.246
Hmx1,0.19445441,-0.306
Hmx1,0.49938417,0.133
Acox3,0.33948185,-0.17
Ablim2,0.23911436,-0.147
Afap1,0.36044228,0.187
Psapl1,0.27504231,-0.252
Grpel1,0.24382452,-0.19
Ccdc96,0.57947005,-0.133
Affy_10521469,0.74770129,-0.086
Ppp2r2c,0.46958297,-0.194
Jakmip1,0.27628411,-0.268
Gm1043,0.87407622,-0.034
Crmp1,0.27765002,-0.211
Evc2,0.27671881,-0.221
Cytl1,0.6077209,-0.096
Stx18,0.20072305,0.223
Lyar,0.94598036,-0.011
Tmem128,0.70188699,0.082
Otop1,0.39000464,-0.157
Drd5,0.50170133,-0.152
Affy_10521585,0.53048977,-0.132
Dnaja1,0.60564544,-0.112
Cir1,0.60440044,0.093
Rpl7,0.97321581,0.005
Gm16223,0.66028048,-0.115
Affy_10521600,0.98921354,-0.015
Cpeb2,0.10460556,0.453
C1qtnf7,0.7928279,0.059
4833430A08Rik,0.90692453,-0.032
Cc2d2a,0.97869055,-0.007
Bst1,0.18784833,-0.301
Cd38,0.32418622,0.368
Ppih,0.22853169,0.197
Affy_10521693,0.41978001,-0.152
Gm16401,0.68654989,-0.082
Affy_10521698,0.12198399,-0.333
Gm10208,0.81786138,-0.043
4930431F12Rik,0.35674038,-0.168
Clrn2,0.13186295,-0.344
Lap3,0.49723187,-0.098
Med28,0.10961222,0.357
Ncapg,0.51085587,0.093
4930449I04Rik,0.16819841,-0.345
Affy_10521757,0.90944869,0.036
Slit2,0.42168902,0.149
mir-218-1,0.57575823,-0.136
Pacrgl,0.70408622,0.046
Affy_10521811,0.77311755,-0.117
Nsfl1c,0.37425143,-0.106
Affy_10521815,0.23253276,-0.259
Gm8012,0.41600518,0.247
Sod3,0.73704072,0.094
Slc35a4,0.92365857,-0.016
Pi4k2b,0.5381792,-0.148
Zcchc4,0.31305972,0.191
Anapc4,0.49541894,0.182
Slc34a2,0.74286973,0.168
C4orf52,0.32223475,0.173
Rbpj,0.38259745,-0.218
Rbpj,0.92411731,0.017
Tbc1d19,0.26420666,0.521
Stim2,0.43554858,-0.114
Gm10440,0.030629342,-0.443
Papd4,0.52180386,0.113
Immp1l,0.59094841,0.11
Pcdh7,0.71525294,0.078
Gm6632,0.86366948,-0.028
Cbfa2t2,0.69885003,0.062
G6pd2,0.44996951,0.181
Affy_10521986,0.9099512,-0.017
Kiaa1239,0.48818465,-0.128
0610040J01Rik,0.34528462,-0.122
Pgm1,0.93804194,-0.019
Tbc1d1,0.19450339,0.408
Klf3,0.91199212,-0.025
Fam114a1,0.45428381,0.242
Klhl5,0.55991418,-0.132
Wdr19,0.63040904,0.136
Klb,0.65334031,-0.13
Lias,0.74574947,0.061
Ube2k,0.98442531,-0.002
N4bp2,0.57116283,-0.177
Rhoh,0.81300562,-0.066
Chrna9,0.2561121,-0.263
Nsun7,0.16277218,-0.455
Uchl1,0.36339504,0.188
Limch1,0.58178802,-0.103
Gm6517,0.24861406,0.282
Tmem33,0.83183647,-0.04
Slc30a9,0.53467438,-0.108
C330024D21Rik,0.1554335,-0.304
Shisa3,0.794564,-0.044
Grxcr1,0.15657653,-0.238
Grxcr1,0.85986852,0.056
Guf1,0.51888807,0.149
Gabrb1,0.73911887,0.054
Atp10d,0.46519146,-0.253
Affy_10522366,0.19182847,-0.2
Nipal1,0.86094442,0.125
Slain2,0.24037108,0.143
Slc10a4,0.48219213,0.231
Zar1,0.52294057,-0.157
Ociad1,0.15351057,0.412
Gm8485,0.34153464,-0.271
Cwh43,0.74869901,0.064
Dcun1d4,0.37603469,-0.244
Spata18,0.88696617,0.019
Usp46,0.33825841,-0.239
2700023E23Rik,0.33261627,0.188
Rasl11b,0.17130053,0.374
Fip1l1,0.54049975,0.096
Gm6116,0.083226904,-0.369
Gsx2,0.068785651,-0.374
Pdgfra,0.69516846,-0.117
Kit,0.51415009,0.132
D5Ertd577e,0.94738051,-0.013
Gm7682,0.041442444,-0.42
C87414,0.083286868,-0.372
D5Ertd577e,0.94738051,-0.013
D5Ertd577e,0.92573389,-0.02
D5Ertd577e,0.78153662,0.059
D5Ertd577e,0.96845343,0.008
Gm7682,0.012400445,-0.458
Srd5a3,0.5427879,0.161
Tmem165,0.13209797,0.327
Gm7467,0.049440898,-0.434
Exoc1,0.028974935,0.32
Cep135,0.4896363,-0.124
A730089K16Rik,0.83428977,0.057
C530008M17Rik,0.69037374,-0.084
C530008M17Rik,0.97390256,-0.006
C530008M17Rik,0.41204564,-0.151
Ppat,0.8833708,0.022
Paics,0.86945375,0.044
Srp72,0.53565524,0.078
Arl9,0.90687779,0.018
1700023E05Rik,0.77470665,-0.077
Rest,0.21499716,0.216
Polr2b,0.48429149,0.092
Hmgcs2,0.17746195,2.12
Mthfr,0.73006578,0.059
Affy_10522747,0.61767333,0.133
Lphn3,0.80793499,-0.048
Rpl7,0.68666263,0.065
Hmgn2,0.678017,0.102
Affy_10522786,0.093799881,-0.311
Stap1,0.17466839,-1.329
Affy_10522800,0.65596419,0.093
Ythdc1,0.43119579,-0.122
Ugt2b35,0.86145687,-0.054
Csn1s1,0.45646624,0.12
Csn1s2a,0.93868595,-0.014
Csn1s2b,0.67797543,0.072
4930432K09Rik,0.43713543,-0.131
Gm7337,0.086438029,-0.431
Odam,0.32760688,-0.111
BC037156,0.53366494,-0.112
Csn3,0.54819593,-0.086
BC051076,0.56729936,-0.123
2310003L06Rik,0.87607506,0.023
4931407G18Rik,0.62730301,-0.084
Smr3a,0.10806532,0.32
Smr2,0.53732842,0.119
Prol1,0.81185763,0.038
Amtn,0.75014313,-0.064
Gm7721,0.80074805,-0.067
Ambn,0.092466032,-0.283
Enam,0.27007137,-0.133
Utp3,0.20223144,0.243
Rufy3,0.95007719,-0.011
Mobkl1a,0.73069829,-0.063
Dck,0.28872221,0.226
Slc4a4,0.73757284,0.104
Npffr2,0.54025893,0.118
Affy_10523056,0.59218234,-0.101
Eif5a,0.87667415,-0.04
Gm9958,0.30203285,0.341
Alb,0.13016326,-0.15
Afp,0.87456797,0.028
Afm,0.56803345,-0.22
5830473C10Rik,0.98384906,0.009
Cxcl5,0.37537609,0.161
Ppbp,0.13548992,0.821
Pf4,0.53704878,0.154
Cxcl3,0.41642316,-0.142
Cxcl15,0.42328763,0.173
Cxcl1,0.64070834,-0.225
Cxcl2,0.29303239,-0.305
Mthfd2l,0.2909589,-0.258
Epgn,0.76686212,-0.058
Ereg,0.27030136,0.241
Areg,0.52927498,-0.119
Parm1,0.78203952,-0.059
Thap6,0.44864474,0.26
Gm1045,0.22003835,-0.262
Cdkl2,0.30600566,0.19
Uso1,0.75430443,0.044
Art3,0.50347295,0.11
Fam47e,0.69357226,-0.156
Stbd1,0.65618348,-0.134
Shroom3,0.71664234,0.058
LOC674636,0.60838883,0.076
Ankrd56,0.56256641,-0.166
Affy_10523279,0.036946864,-0.256
11-Sep,0.99338647,-0.003
2010109A12Rik,0.072050513,0.354
Ccng2,0.05594205,0.534
D5Ertd577e,0.83138026,0.044
Gm7682,0.056366831,-0.333
C87414,0.019257255,-0.545
Gm7682,0.81678233,0.052
D5Ertd577e,0.093366711,-0.282
Gm7682,0.068277688,-0.459
D5Ertd577e,0.84044827,0.034
Gm7682,0.056366831,-0.333
D5Ertd577e,0.85215796,0.039
Gapdh,0.66581531,-0.064
Affy_10523357,0.44843713,-0.158
Cxcl13,0.75844175,0.414
Mrpl1,0.81010794,0.049
Fras1,0.12772941,-0.55
Anxa3,0.12130189,0.657
Affy_10523466,0.37938,-0.103
Bmp2k,0.57401534,0.155
Slc25a5,0.32248243,-0.14
Affy_10523481,0.821284,0.046
Prdm8,0.46270057,-0.153
Fgf5,0.90095448,0.025
1700007G11Rik,0.71443657,0.05
Bmp3,0.10823,-0.339
Prkg2,0.31329087,-0.151
4930522N08Rik,0.20845137,-0.284
4930524J08Rik,0.45958597,-0.144
Enoph1,0.36457128,0.142
Gm9932,0.68953671,0.09
Cops4,0.47715524,0.152
Mrps18c,0.30993073,0.233
Agpat9,0.13851555,-0.783
Cds1,0.51812177,-0.147
Wdfy3,0.53457493,-0.148
Arhgap24,0.39633661,0.183
Ptpn13,0.31770424,-0.184
Aff1,0.51181003,0.091
Aff1,0.37565834,0.192
Affy_10523672,0.49044286,-0.275
Nudt9,0.95819915,0.01
Dspp,0.51727498,-0.136
Dmp1,0.32147264,-0.194
Ibsp,0.69047775,-0.078
Mepe,0.78248606,-0.036
Spp1,0.37308797,0.994
Pkd2,0.23125045,0.532
BC005561,0.30444197,0.397
D930016D06Rik,0.20611154,0.304
Txlng,0.49783322,-0.131
Affy_10523754,0.44191876,0.133
Mocs1,0.10229472,0.941
Lrrc8b,0.54381719,-0.219
Lrrc8c,0.062170871,0.496
Lrrc8d,0.36613505,-0.161
D830014E11Rik,0.73595876,-0.073
Zfp326,0.56909,0.138
Olfr719-ps,0.011812758,-0.674
Cdc7,0.7951516,0.048
Brdt,0.71599376,0.05
Affy_10523843,0.73212788,-0.121
Ephx4,0.28289197,-0.21
Lpcat2b,0.66701009,-0.094
Affy_10523856,0.51940189,0.196
1700028K03Rik,0.51560518,0.064
Rpap2,0.80870594,0.048
1700013N18Rik,0.48929861,0.13
Rpl5,0.57471338,-0.098
Affy_10523901,0.80394613,0.091
Affy_10523903,0.51102174,-0.198
Mtf2,0.70325121,-0.074
Ccdc18,0.4347545,0.124
Dr1,0.78393398,0.042
Pigg,0.88766306,-0.025
Gm10419,0.10002833,-0.481
Gm10419,0.004948083,-1.386
Pde6b,0.20989501,-0.24
Pcgf3,0.34128802,-0.139
Rpl34,0.18031784,0.369
Tmem175,0.40371717,0.146
Idua,0.40515299,0.185
Fgfrl1,0.6889564,0.078
Gm10417,0.012574136,-0.868
Vmn2r16,0.064263733,-0.234
Vmn2r17,0.9422608,-0.011
Vmn2r17,0.93126854,-0.015
Affy_10524077,0.008813605,-0.617
2310001H12Rik,0.19340123,0.405
2310001H12Rik,0.096029346,0.586
Plcxd1,0.3322296,0.202
Zfp605,0.60144296,-0.146
Chfr,0.94419731,0.01
Golga3,0.64224062,-0.096
Ankle2,0.38148508,0.124
Pole,0.84331915,0.041
Gm1679,0.45831138,-0.148
Fbrsl1,0.30201373,-0.205
A630023P12Rik,0.64834465,-0.086
Galnt9,0.30218193,-0.183
Ddx51,0.73334532,0.052
Affy_10524264,0.91666977,0.023
Chek2,0.14644426,0.42
Ttc28,0.85060055,-0.031
mir-701,0.40292046,0.187
Ttc28,0.87803513,0.04
Ttc28,0.18671604,-0.241
Pitpnb,0.26566736,-0.172
Gm10405,0.087536816,-0.296
Mn1,0.46670756,0.226
C130026L21Rik,0.84218376,0.042
Crybb1,0.27396763,-0.264
Tpst2,0.43434665,-0.14
Tfip11,0.4556758,-0.104
Hps4,0.21608621,-0.255
Gm6588,0.58943025,-0.138
Affy_10524386,0.24488079,-0.269
Tmem211,0.88256882,-0.033
mir-469,0.16560444,-0.383
Aym1,0.29085475,-0.292
Wscd2,0.5045644,-0.143
Ficd,0.29700447,-0.226
Rps28,0.89877871,-0.026
Iscu,0.67263316,-0.063
Dao,0.78807114,-0.04
Usp30,0.62377714,-0.102
Ung,0.28184622,-0.207
Acacb,0.035372855,1.158
Myo1h,0.67485284,0.081
Ube3b,0.32180587,-0.15
Mvk,0.65566589,-0.147
BC057022,0.28461685,-0.27
Tchp,0.72341318,-0.068
Ankrd13a,0.74674399,0.07
4930519G04Rik,0.24391905,-0.216
Oasl2,0.41149474,0.496
Oasl1,0.84295273,-0.098
C12orf43,0.51096984,0.14
Sppl3,0.9169781,-0.01
Pop5,0.64802342,-0.082
Coq5,0.3837925,-0.18
Srsf9,0.61228034,-0.094
Triap1,0.61766238,0.123
Msi1,0.65046764,-0.106
Pla2g1b,0.012782391,-0.49
Pxn,0.14306045,0.263
Rplp0,0.4351962,0.354
Gcn1l1,0.56958693,-0.091
Rab35,0.75987601,-0.067
Cit,0.88740331,0.022
4930569F06Rik,0.85813824,0.041
Taok3,0.74892792,-0.071
Vsig10,0.09677613,-0.471
Vsig10,0.10059668,-0.493
Vsig10,0.2099297,-0.324
Vsig10,0.080843629,-0.679
Wsb2,0.30914509,-0.318
Ksr2,0.62096395,0.088
Nos1,0.74397285,-0.061
Fbxo21,0.32468105,-0.496
Tesc,0.13731332,-0.386
Fbxw8,0.62253315,-0.115
Hrk,0.47112911,-0.15
2410131K14Rik,0.97366499,-0.006
Gm15754,0.73121214,-0.066
Med13l,0.37285322,-0.106
Affy_10525014,0.72915658,-0.072
Tbx3,0.32299698,-0.353
Tbx5,0.71360986,0.074
Affy_10525041,0.87928336,0.085
Rbm19,0.87009461,0.029
Lhx5,0.51409402,-0.161
Sds,0.44787489,0.3
Slc24a6,0.6835101,-0.098
Iqcd,0.60614766,-0.125
Ddx54,0.35166019,-0.113
Rasal1,0.18470949,-0.31
Oas1b,0.75010551,0.11
Oas1f,0.78677488,0.046
Oas1h,0.97190104,-0.006
Oas1d,0.77304152,0.079
Affy_10525185,0.30405273,-0.318
Rpl6,0.40899279,-0.094
Gm15800,0.29988992,0.158
Gm15800,0.6291842,-0.064
Gm15800,0.75617959,0.043
Tmem116,0.11622808,-0.266
Naa25,0.93108757,-0.013
Brap,0.98561465,0.005
Atxn2,0.49031902,-0.143
Fam109a,0.67449359,-0.1
Myl2,0.31246983,-0.175
Ppp1cc,0.93193818,-0.016
Hvcn1,0.8704811,-0.056
Pptc7,0.64890513,-0.114
Vps29,0.86919543,0.028
Gpn3,0.6241469,-0.073
Arpc3,0.42909395,0.153
Anapc7,0.28965659,0.106
P2rx7,0.62478769,0.145
P2rx4,0.32675906,-0.212
Rnf34,0.96059147,0.009
A930024E05Rik,0.1331478,-0.246
Orai1,0.73638157,-0.048
Ndufb11,0.21252548,-0.166
Tmem120b,0.88103785,0.041
4932422M17Rik,0.80055185,-0.074
Setd1b,0.49816199,-0.104
Setd1b,0.66593672,-0.082
Psmd9,0.54930661,0.174
Wdr66,0.69827011,-0.092
Bcl7a,0.45427866,-0.119
Affy_10525553,0.78225801,-0.064
Mlxip,0.22615365,0.212
Lrrc43,0.63392923,-0.089
B3gnt4,0.85940578,-0.032
Kntc1,0.72038988,0.043
Denr,0.90773885,-0.018
Ccdc62,0.14149967,-0.328
Hip1r,0.82158293,0.044
Ogfod2,0.20047533,-0.196
Arl6ip4,0.37758958,0.152
2810006K23Rik,0.70464731,0.078
Affy_10525731,0.72744621,-0.096
Setd8,0.15909649,-0.286
Snrnp35,0.7425985,0.064
Tmed2,0.33631827,-0.105
Ddx55,0.25163001,-0.151
Gtf2h3,0.31044904,0.134
Tctn2,0.36146234,-0.148
Atp6v0a2,0.90573715,0.016
Affy_10525829,0.49484497,-0.166
Affy_10525831,0.89177994,0.064
Atp6v0a2,0.65702171,-0.104
Affy_10525835,0.031979477,-0.635
Affy_10525837,0.11282964,-0.397
Affy_10525839,0.84604119,0.056
Dnahc10,0.19620497,-0.258
Affy_10525858,0.40764862,-0.181
Zfp664,0.98990614,-0.002
Zfp664,0.69564001,0.065
Fam101a,0.15418486,-0.362
Ubc,0.74205973,0.064
Bri3bp,0.4180633,-0.162
Aacs,0.45324127,0.508
Affy_10525914,0.69307184,0.138
Tmem132b,0.53312741,-0.181
Tmem132b,0.12448868,-0.512
Affy_10525923,0.90017173,0.026
Affy_10525929,0.98372115,-0.004
Tmem132c,0.44899037,0.232
Glt1d1,0.18730089,0.474
Fzd10,0.10439617,-0.274
Piwil1,1,0
Ran,0.13421446,0.253
Gpr133,0.59552767,-0.099
Sfswap,0.83147018,-0.028
Mmp17,0.65925254,-0.066
Mrps17,0.27650555,0.278
Gbas,0.29326997,0.16
Cct6a,0.66127384,0.07
Snora22,0.81385834,0.065
Sumf2,0.55434649,0.074
Scand3,0.29321233,-0.306
4930579G22Rik,0.3594902,-0.166
Vkorc1l1,0.96176198,-0.006
Crcp,0.48308927,0.175
Tpst1,0.4382352,-0.24
Kctd7,0.96228411,-0.015
Rabgef1,0.66228351,0.062
C7orf42,0.9628552,0.005
Tyw1,0.90253832,-0.019
Caln1,0.71864505,0.166
Rpl28,0.58500915,-0.122
Gatsl2,0.16594904,0.289
Gatsl2,0.39067706,0.171
Wbscr16,0.72965211,-0.086
Gtf2ird2,0.8610887,-0.033
Affy_10526211,1,0
Affy_10526213,0.51156657,-0.184
Rps28,0.80471841,0.054
Rfc2,0.68452569,0.092
Gm10369,0.28164597,-0.228
Wbscr27,0.46432712,0.134
Cldn3,0.63050008,-0.082
Abhd11,0.50897817,0.082
Stx1a,0.2854265,-0.25
Dnajc30,0.43208627,-0.175
Mlxipl,0.82876253,-0.058
Tbl2,0.86342479,-0.033
Bcl7b,0.97975531,-0.004
Baz1b,0.41506102,-0.123
Trim50,0.086529068,-0.404
Nsun5,0.68690946,-0.078
Rhbdd2,0.54516957,-0.193
Por,0.62200007,0.245
Mdh2,0.608142,0.09
Srrm3,0.46040611,-0.167
Hspb1,0.21201552,0.97
Zp3,0.10151842,-0.336
Dtx2,0.85363622,0.031
Upk3b,0.28802563,0.21
Upk3bl,0.48482518,-0.193
Rasa4,0.42197166,-0.187
Polr2j,0.53785033,-0.094
Alkbh4,0.35874203,-0.148
Myl10,0.92482887,0.018
Rabl5,0.32606914,0.223
Fis1,0.34396997,0.271
Cldn15,0.46127467,-0.181
Plod3,0.74390873,-0.069
Affy_10526541,0.17033478,-0.238
Affy_10526546,0.79906567,-0.045
Vgf,0.69270154,-0.099
Ache,0.85353674,-0.048
Ufsp1,0.047821269,0.447
Ephb4,0.030551136,-0.528
Gigyf1,0.49830117,-0.113
Actl6b,0.74968888,-0.072
Trfr2,0.55361777,-0.116
Gm7285,0.75624989,0.114
Lrch4,0.33035246,0.161
Tsc22d4,0.48580163,0.121
Ppp1r35,0.10946642,0.271
Zcwpw1,0.96119488,-0.008
Azgp1,0.65825925,-0.07
Smok3b,0.97752842,-0.004
Smok3b,0.994431,-0.001
Smok3c,0.93874485,-0.022
Zkscan1,0.35390861,-0.17
Zscan21,0.096702077,0.493
Cops6,0.71835385,-0.072
Ap4m1,0.57838164,0.114
Cnpy4,0.54767884,-0.146
Mblac1,0.48491201,-0.143
BC055004,0.10729867,-1.005
Lamtor4,0.48018547,-0.131
Stag3,0.92838937,-0.018
Affy_10526832,0.57556654,-0.137
Got2,0.093863163,0.489
Affy_10526840,0.68287762,0.082
Zfp157,0.13045951,-0.555
A430033K04Rik,0.49430587,0.218
Fam20c,0.7350769,-0.065
Gm5294,0.095012867,-0.368
Affy_10526869,0.66729303,-0.08
Pdgfa,0.32013225,-0.197
Heatr2,0.7379703,0.047
Sun1,0.16918785,0.229
Get4,0.98297163,-0.004
Cyp2w1,0.82704652,0.051
D830046C22Rik,0.85064064,-0.038
Gpr146,0.84990691,-0.041
C130050O18Rik,0.66745216,-0.084
Gpr30,0.37736821,-0.18
Uncx,0.49637257,-0.162
Mafk,0.91272127,-0.02
Affy_10526966,0.93869159,-0.021
Elfn1,0.34651185,-0.22
Nudt1,0.11764123,0.362
Eif3b,0.83384691,0.031
Gm4869,0.23524712,-0.199
Chst12,0.28624621,-0.236
Lfng,0.90280238,0.029
Gm10091,0.33298118,-0.235
Baat1,0.48733192,0.095
Amz1,0.043063393,-0.368
Sdk1,0.34030889,-0.173
Affy_10527099,0.9382806,-0.019
Foxk1,0.87598688,0.03
C330006K01Rik,0.50249775,0.102
Wipi2,0.40919144,-0.124
Slc29a4,0.26640662,-0.222
Fscn1,0.63012027,0.202
4933411G11Rik,0.93686862,-0.015
Zfp12,0.64444422,0.094
E130309D02Rik,0.28807565,-0.256
0610040B10Rik,0.84706685,-0.04
Grid2ip,0.4207752,-0.176
Daglb,0.85312184,0.036
2810453I06Rik,0.90576493,0.029
Cyth3,0.89239278,-0.032
Eif2ak1,0.15519011,0.167
Pms2,0.80499809,0.054
Rsph10b2,0.56461449,-0.12
Lmtk2,0.4264296,0.107
Bhlha15,0.87950566,0.031
Bri3,0.80601955,-0.044
Nptx2,0.61357109,-0.154
Trrap,0.65661783,0.067
Trrap,0.97642308,-0.007
Hmgcs2,0.17746195,2.12
1700018F24Rik,0.66702961,-0.083
Arpc1a,0.28793606,0.168
Arpc1b,0.76661393,0.131
Bud31,0.70038329,0.057
Cpsf4,0.23522879,-0.461
Zkscan5,0.69965784,0.063
Zfp655,0.82359563,0.048
Zscan25,0.95668859,0.01
Cyp3a57,0.16848008,-0.31
Cyp3a25,0.38138486,-0.339
Cdk8,0.66858114,-0.075
Wasf3,0.96571411,0.008
Smarce1,0.52278127,0.114
Rpl21,0.90769496,0.014
Rasl11a,0.40928575,-0.16
Gtf3a,0.62940471,-0.1
Polr1d,0.1477044,0.287
Gsx1,0.84134869,-0.043
Pdx1,0.37858883,-0.149
Map1l3cb,0.78492069,0.072
Affy_10527573,0.5116595,-0.178
Pan3,0.98773925,-0.002
Pomp,0.76175083,-0.062
Mtus2,0.0741102,-0.307
Uspl1,0.85495434,-0.044
Alox5ap,0.3513141,0.36
BC028471,0.76186244,-0.064
6330406I15Rik,0.013342049,0.367
4930588N13Rik,0.63487726,0.066
4930434E21Rik,0.062448552,-0.318
B3galtl,0.99482669,-0.001
Rxfp2,0.3069875,-0.179
Fry,0.37347817,0.131
Gm10850,0.75835863,-0.054
Brca2,0.90269611,0.033
Pds5b,0.88214534,0.029
Kl,0.23169954,-0.208
Gm4741,0.72183489,-0.115
Pex1,0.36512925,0.148
Pex1,0.73010856,0.102
Gatad1,0.17769477,-0.18
Ankib1,0.36346686,-0.117
Mterf,0.68763825,0.09
Cyp51a1,0.73240851,-0.258
Affy_10527934,0.60618989,0.132
Fzd1,0.46724557,-0.121
Cdk14,0.71712155,-0.1
Affy_10527959,0.92931724,0.027
Affy_10527961,0.6491621,0.115
Gm10484,0.79583163,0.052
Cldn12,0.51836078,-0.16
Gtpbp10,0.3628482,0.2
Steap2,0.13129778,0.205
Steap2,0.22726568,0.751
Steap1,0.076945856,-0.288
Affy_10528021,0.7390032,-0.087
Affy_10528027,0.97433481,0.007
Affy_10528029,0.19411024,-0.226
Affy_10528031,0.55661338,-0.132
Affy_10528036,0.91688998,-0.032
Adam22,0.22554137,-0.172
Dbf4,0.88436911,-0.039
Rundc3b,0.46241061,-0.122
Crot,0.94700288,-0.016
Dmtf1,0.3386247,0.186
Ppp1r14b,0.96627009,-0.007
Grm3,0.37487381,0.178
Gm6455,0.60806122,0.057
Gm10482,0.26945285,0.157
Gm10482,0.26945285,0.157
Gm10482,0.076953093,0.312
Gm8953,0.57454471,0.152
LOC280487,0.17746195,2.12
Gapdh,0.68058854,-0.06
Cycs,0.6244846,-0.104
Affy_10528172,0.80708679,-0.074
Affy_10528174,0.84561639,-0.041
Speer4e,0.32617069,-0.147
Speer4e,0.16438271,-0.23
Speer4d,0.26794864,-0.156
Affy_10528198,0.69466171,-0.097
Hnrnpa3,0.77929108,0.079
Affy_10528202,0.2034765,-0.244
LOC280487,0.17746195,2.12
Cd36,0.39625179,0.893
Gnai1,0.35609117,-0.556
Affy_10528236,0.9531611,0.006
Phtf2,0.95617155,0.011
Rsbn1l,0.33695826,0.179
Ptpn12,0.43120874,-0.119
Gm6718,0.48977494,0.202
Ccdc146,0.63513491,-0.077
Fbxl13,0.52422492,0.081
Napepld,0.66692567,0.133
Dnajc2,0.53808149,0.123
Slc26a5,0.24516574,-0.231
Reln,0.21031346,-0.413
Affy_10528455,0.77691571,-0.072
Orc5l,0.81673098,-0.042
Rpl22l1,0.8039688,-0.054
Affy_10528476,0.10868281,0.499
Rpl17,0.70690108,-0.039
Gm6560,0.57205121,-0.128
5031425E22Rik,0.72293296,-0.067
Srpk2,0.89650923,0.027
Pus7,0.83839661,0.044
4933427G23Rik,0.11826009,-0.314
Affy_10528521,0.44385685,-0.15
Tomm7,0.62585785,-0.107
Fam126a,0.69720788,0.2
Rpl11,0.53558123,0.094
Gabarapl2,0.33741141,-0.141
Kcnh2,0.27513869,-0.25
Atg9b,0.86944767,0.045
Cdk5,0.93178219,-0.011
Fastk,0.15694216,-0.251
Tmub1,0.51927708,0.108
Gm10472,0.064133054,-0.476
Gbx1,0.58575505,-0.122
Asb10,0.39179715,-0.177
4931409K22Rik,0.75435765,-0.052
Abcf2,0.19546403,0.221
Atp5l,0.23673933,0.312
Smarcd3,0.65860254,0.08
Wdr86,0.080253076,-0.393
Crygn,0.40637438,0.263
Rheb,0.89953512,-0.024
Prkag2,0.81175966,0.05
Galnt11,0.26536314,-0.282
Mll3,0.81934965,-0.029
Gm10062,0.2507652,-0.238
Xrcc2,0.74407098,-0.076
Speer4a,0.90572379,-0.019
Speer4a,0.6850446,-0.12
5031410I06Rik,0.72717402,-0.055
Speer4a,0.21007362,-0.202
5031410I06Rik,0.98986349,0.002
Gm10220,0.68046804,-0.07
4930584F24Rik,0.45903539,-0.173
Affy_10528832,0.28403301,0.219
Speer4b,0.74223405,0.06
Paxip1,0.65211685,0.067
Cnpy1,0.77013664,-0.059
Shh,0.77132983,-0.061
Lmbr1,0.87561724,-0.028
Lmbr1,0.13130189,0.237
C79130,0.30646665,-0.198
Mnx1,0.38957836,-0.21
Affy_10528909,0.38081908,0.242
Affy_10528911,0.8490751,0.039
Gm5129,0.75064727,0.07
Tyms,0.46354259,0.191
Gm4961,0.07823966,-0.625
3110082J24Rik,0.56942734,-0.109
Hadha,0.4068691,-0.175
Gpr113,0.41653819,-0.161
Gm5299,0.18489915,-0.313
Otof,0.24629264,-0.227
Cib4,0.53325036,-0.101
Affy_10529026,0.18202791,-0.371
Ost4,0.14382907,-0.3
Cgref1,0.89311949,-0.067
Preb,0.98927578,-0.002
Slc5a6,0.67399384,-0.097
Slc30a3,0.25267049,-0.257
Ucn,0.70813393,-0.068
Mpv17,0.85448457,0.034
Affy_10529091,0.85668192,0.13
Gtf3c2,0.93200368,-0.012
Eif2b4,0.12684391,0.291
Zfp513,0.20888348,-0.158
Ppm1g,0.98543476,0.003
Nrbp1,0.3306974,-0.214
Ift172,0.83952594,0.029
Fndc4,0.77809493,0.061
Affy_10529215,0.62741741,-0.108
Supt7l,0.82057786,0.041
Rbks,0.77922556,0.049
Gm10463,0.25907347,-0.249
Yes1,0.98187619,0.006
Pisd,0.64499125,-0.076
C330019G07Rik,0.32501448,-0.133
C330019G07Rik,0.58624372,-0.082
Spon2,0.76555199,0.134
Ctbp1,0.77899731,0.039
Affy_10529285,0.84941166,-0.056
Fam53a,0.10546615,0.27
Slbp,0.64879536,-0.095
Tmem129,0.20603027,0.228
G630022F23Rik,0.28162009,-0.267
Letm1,0.26844146,0.196
Whsc2,0.64108383,0.073
Poln,0.25604954,-0.208
Mxd4,0.96318212,0.005
Zfyve28,0.32971371,-0.243
Tnip2,0.98640226,-0.003
Mfsd10,0.71964524,-0.06
Nop14,0.64192078,-0.083
Lrpap1,0.77651024,-0.04
E130018O15Rik,0.63690303,-0.119
Cpz,0.31934792,-0.227
2310079F23Rik,0.82862228,0.048
Acox3,0.7316553,0.065
Htra3,0.55245003,-0.105
Sh3tc1,0.056143641,0.336
Sorcs2,0.63065782,-0.106
2210406O10Rik,0.1992778,-0.289
Affy_10529547,0.070755467,-0.296
Tbc1d14,0.41820688,0.107
Kiaa0232,0.1617401,0.373
Cno,0.80821795,0.046
Mrfap1,0.45267834,-0.117
Man2b2,0.51385168,-0.121
Wfs1,0.28910122,0.208
Evc,0.003242572,-0.583
Stk32b,0.1622904,-0.334
Msx1,0.46557758,-0.188
Nsg1,0.87232733,-0.038
Zbtb49,0.32400251,0.156
Slc2a9,0.71734281,0.076
Wdr1,0.5052895,0.139
4930421P07Rik,0.92633089,0.022
Zfp518b,0.86428282,-0.029
Clnk,0.75463007,-0.054
Affy_10529730,0.28438612,0.338
Hs3st1,0.20513935,0.231
Affy_10529737,0.77014639,0.041
Affy_10529739,0.87930338,0.031
Rab28,0.83364729,0.05
Nkx3-2,0.48715755,-0.17
Bod1l,0.34387887,0.225
Bod1l,0.86166553,-0.034
Gm7181,0.6490977,0.083
Affy_10529797,0.29983355,-0.14
Cpeb2,0.49033834,-0.192
Fbxl5,0.54344217,0.101
Affy_10529815,0.81570783,0.04
Rpl15,0.045946227,-0.305
Fgfbp1,0.98065568,0.004
Prom1,0.31880515,0.17
Tapt1,0.06303185,-0.408
Rab2a,0.88891686,0.026
Ldb2,0.75573389,0.067
Affy_10529887,0.10944604,-0.298
4930435H24Rik,0.54145478,-0.09
Qdpr,0.094368923,0.394
Fam184b,0.16974656,-0.273
Affy_10529921,0.57709815,0.073
Lcorl,0.83605774,-0.066
Affy_10529935,0.47106112,-0.116
Kcnip4,0.96064616,0.006
Gm10048,0.58262041,0.106
Gpr125,0.5063714,0.151
Ppargc1a,0.73106683,0.125
Ppargc1a,0.98532727,-0.005
Dhx15,0.38983184,0.096
Gm447,0.59510159,0.109
Affy_10530017,0.43392154,-0.145
Lgi2,0.80199314,0.05
8030423F21Rik,0.030876034,-0.341
Sepsecs,0.1611657,-0.306
Sel1l3,0.94387351,-0.04
Gm10441,0.75883511,-0.043
Cckar,0.66017795,-0.095
Affy_10530096,0.60048216,0.097
Affy_10530098,0.39033768,0.164
Arap2,0.38106337,0.293
Kiaa1239,0.91122646,-0.028
Rell1,0.82484931,0.048
Affy_10530140,0.94541184,0.014
Klf3,0.33441085,-0.141
Tlr1,0.30447594,0.62
Tlr6,0.45397452,-0.148
Tmem156,0.63824866,0.052
Rfc1,0.92141751,-0.014
Rpl9,0.32180951,-0.127
Ugdh,0.55107548,-0.17
1110003E01Rik,0.92393896,-0.016
Affy_10530223,0.25995742,-0.342
Pds5a,0.26683272,-0.128
Gm5296,0.20093517,-0.343
9130230L23Rik,0.7051029,0.069
Rbm47,0.84090662,0.036
Affy_10530278,0.96086536,-0.018
Affy_10530280,0.76779084,0.051
Affy_10530283,0.76771975,-0.063
Apbb2,0.36861043,-0.152
Phox2b,0.45315002,-0.138
Bend4,0.48857482,0.169
Atp8a1,0.19261659,0.393
Kctd8,0.35313602,-0.174
Affy_10530369,0.028394103,0.307
Yipf7,0.81651615,0.022
Gnpda2,0.26644145,0.229
Affy_10530391,0.609048,-0.083
Gabrg1,0.34306371,0.163
Gabra2,0.090843987,-0.328
Cox7b2,0.42966405,-0.134
Gabra4,0.71052522,0.06
Commd8,0.78541387,0.051
Corin,0.067166031,-2.648
Affy_10530465,0.94272431,-0.019
Nfxl1,0.15329959,-0.438
Nfxl1,0.062385355,-0.559
Nfxl1,0.24475959,-0.404
Zar1,0.68242852,-0.113
Slc10a4,0.4770252,-0.167
Cnga1,0.41089,0.163
Txk,0.15086369,0.252
Tec,0.86232826,-0.027
Slain2,0.95253269,-0.011
Slain2,0.01374073,0.685
Fryl,0.22960017,0.166
Fryl,0.076231801,-0.201
Fryl,0.29869215,0.208
Ociad2,0.1595965,0.471
Gm15653,0.060379201,0.7
Lrrc66,0.87325393,0.042
Sgcb,0.35386725,-0.204
Usp46,0.17660946,-0.273
Scfd2,0.19982733,0.184
Lnx1,0.12870367,-0.316
Chic2,0.6945312,-0.107
Kdr,0.34920682,0.174
BC061212,0.027417702,-0.344
BC061212,0.047841271,-0.324
Srd5a3,0.45473666,-0.18
Clock,0.93872433,0.01
Ube2n,0.069167193,0.484
Pdcl2,0.91757402,0.02
Nmu,0.077938304,-0.331
A730089K16Rik,0.18370032,-0.279
Aasdh,0.087198993,0.296
Ppat,0.48487762,0.253
Hopx,0.23003531,-0.348
Spink2,0.52706429,-0.157
Noa1,0.67336835,0.075
Igfbp7,0.82179109,0.062
Pea15b,0.82886414,-0.057
Affy_10530849,0.90079032,0.022
Mtch2,0.50774665,-0.09
Tecrl,0.38307807,-0.153
Affy_10530868,0.2462822,-0.22
Epha5,0.71468448,0.054
Cenpc1,0.47005827,0.159
Uba6,0.92830843,0.028
Gnrhr,0.2438123,-0.165
Tmprss11c,0.75544815,0.056
Tmprss11d,0.66050102,-0.067
Tmprss11a,0.78922926,-0.045
9930032O22Rik,0.23668453,-0.216
Tmprss11f,0.79558096,0.049
Tmprss11bnl,0.45109469,-0.138
Tmprss11e,0.1360814,-0.278
Ugt2b34,0.90601318,0.031
Ugt2b1,0.085872782,-0.615
Affy_10531049,0.86512417,-0.047
Ugt2b36,0.55991294,-0.239
Ugt2b5,0.82536811,0.072
Ugt2b37,0.69197741,-0.152
Ugt2a3,0.28414621,-0.284
Ugt2b38,0.93665303,0.025
Ugt2a1,0.12515011,-0.239
Sult1b1,0.74308439,-0.179
Sult1d1,0.69851666,0.192
Sult1e1,0.78514705,-0.23
Csn2,0.79685406,-0.044
Igj,0.37789041,0.427
Grsf1,0.61782666,-0.062
Rpl21,0.97145021,0.004
Mkrn1-ps1,0.3513213,0.183
Gc,0.041734369,-0.18
Gm6366,0.40625336,-0.119
Adamts3,0.73506958,-0.061
Adamts3,0.85414665,0.028
Adamts3,0.85616653,-0.037
Adamts3,0.24202949,-0.258
Adamts3,0.34119626,-0.204
Adamts3,0.61020766,-0.102
Adamts3,0.82448891,-0.06
Adamts3,0.35503858,-0.189
Adamts3,0.27410193,-0.234
Adamts3,0.97470434,-0.008
Adamts3,0.13169614,-0.385
Adamts3,0.8942994,-0.029
Adamts3,0.78128981,-0.064
Adamts3,0.27243752,-0.265
D130050E23Rik,0.19437603,-0.214
Adamts3,0.57821217,-0.083
Adamts3,0.58090287,-0.117
Cox18,0.12441953,-0.685
Ankrd17,0.63317913,-0.056
AU017193,0.80602524,-0.059
Gm10426,0.85317083,0.032
Rassf6,0.11950231,0.334
Btc,0.69938263,-0.086
Trmt112,0.75801265,-0.127
Vdac2,0.38601978,-0.178
Affy_10531288,0.60116146,0.17
Rchy1,0.40700852,0.218
Cdkl2,0.32784753,0.247
G3bp2,0.26861447,0.228
Affy_10531338,0.20511653,-0.255
Rpl13,0.94674574,-0.01
U90926,0.92241765,-0.02
Ppef2,0.15484773,-0.209
Naaa,0.53140855,0.285
Sdad1,0.75750467,-0.052
Cxcl9,0.55880466,0.522
Cxcl10,0.48282003,0.512
Cxcl11,0.078533164,0.462
Nup54,0.19428475,0.314
Scarb2,0.72229568,-0.056
Ccdc158,0.38270547,-0.191
4932430I15Rik,0.5863905,0.196
Ankrd56,0.71110552,0.116
Ccni,0.57499397,0.094
Kat2b-ps,0.634391,0.154
D5Ertd577e,0.93919515,0.015
C87414,0.19438721,-0.319
BC061212,0.047841271,-0.324
BC061212,0.1281055,-0.326
BC061212,0.11204383,-0.27
BC061212,0.1281055,-0.326
Cnot6l,0.44238976,-0.096
Paqr3,0.42141366,0.255
Naa11,0.87915628,0.029
Gk2,0.55332745,-0.095
Antxr2,0.67536844,0.192
Hmgb1,0.57799659,0.115
Prdm8,0.76732171,0.049
1700010H22Rik,0.25064425,-0.22
Prkg2,0.49559574,-0.11
Rasgef1b,0.62522582,-0.263
A930011G23Rik,0.22909953,-0.212
Affy_10531631,0.08069376,-0.672
Hnrnpd,0.8009108,-0.06
Hnrpdl,0.64865933,-0.074
Tmem150c,0.067024179,-0.51
Affy_10531664,0.50419026,-0.161
Sec31a,0.97573946,0.004
Lin54,0.22146755,0.193
Affy_10531722,0.65530975,0.082
Plac8,0.11664617,0.926
Coq2,0.44042955,0.259
Hpse,0.57938684,0.194
Helq,0.63341074,0.071
Fam175a,0.4939057,0.17
Nkx6-1,0.32267967,-0.183
Wdfy3,0.90540516,0.032
Wdfy3,0.82305179,0.033
Mapk10,0.54986227,0.108
Mapk10,0.37244081,0.177
Slc10a6,0.025609973,-0.372
1700016H13Rik,0.98566704,-0.004
Klhl8,0.68777297,-0.082
Hsd17b13,0.38723196,-0.323
Hsd17b11,0.96910185,-0.012
Affy_10531928,0.089493775,-0.582
Sparcl1,0.65360869,-0.356
Gm10047,0.69301594,-0.072
C230055K05Rik,0.5904715,0.175
Affy_10531950,0.42632324,-0.13
Abcg3,0.40350048,0.327
Gm5870,0.77972715,0.069
Gbp8,0.9002288,-0.083
Gbp9,0.29330111,0.6
Gbp4,0.87108722,0.105
Gbp6,0.6686052,-0.413
Gbp11,0.19366485,-1.848
Rps15a,0.77358294,0.04
Gapdh,0.66581531,-0.064
Gm5563,0.71549666,-0.078
Barhl2,0.27027793,-0.213
Zfp644,0.78957283,-0.048
Hfm1,0.87591512,0.025
Hfm1,0.35352997,-0.121
Tgfbr3,0.50694137,-0.112
Glmn,0.76181304,-0.07
Gfi1,0.62664714,-0.071
Evi5,0.22452002,0.252
Fam69a,0.99242776,-0.003
Tmed5,0.20387265,0.429
Atp5k,0.78622694,-0.07
Mfsd7a,0.37090397,-0.158
Cplx1,0.29852893,-0.271
Gak,0.73321669,-0.042
Dgkq,0.72959821,0.046
Slc26a1,0.83642178,-0.079
Rnf212,0.65755111,0.063
Tmed11,0.42061899,-0.093
Vmn2r9,0.64242389,-0.155
Vmn2r10,0.96926452,0.008
Smndc1,0.97797947,0.005
Vmn2r12,0.3168948,0.173
Vmn2r14,0.10462218,-0.464
Vmn2r15,0.91332967,-0.021
Crlf2,0.38621513,-0.15
Affy_10532301,0.082165972,0.635
4930522L14Rik,0.40461292,0.224
A630089N07Rik,0.60342451,0.097
4930522L14Rik,0.66878734,0.116
AB010352,0.24815461,0.299
AB010352,0.084639908,0.609
Gtpbp6,0.42113563,0.106
Ankle2,0.23946933,-0.283
Pgam5,0.94428532,-0.014
Pxmp2,0.99414764,0.002
P2rx2,0.40248021,-0.143
Fbrsl1,0.49126851,-0.08
Noc4l,0.92985483,-0.012
Ep400,0.90688318,0.015
Affy_10532461,0.93646508,0.017
Pus1,0.80387338,-0.042
Ulk1,0.1767917,-0.357
Hscb,0.42715326,0.118
E130006D01Rik,0.42140122,-0.167
Cryba4,0.14804011,-0.29
Srrd,0.67634257,0.067
Gm6583,0.068391422,-0.387
Asphd2,0.92641661,-0.023
Sez6l,0.050407886,-0.394
Myo18b,0.064969139,-0.376
Myo18b,0.21298058,-0.377
Myo18b,0.28804493,-0.288
Myo18b,0.33759841,-0.26
Myo18b,0.84386451,0.05
Myo18b,0.88436882,-0.04
Myo18b,0.13936166,-0.375
Myo18b,0.53483424,-0.137
Myo18b,0.3747886,-0.269
Myo18b,0.071932009,-0.338
Myo18b,0.73268546,0.106
Myo18b,0.50281952,-0.141
Myo18b,0.028497596,-0.461
Myo18b,0.85035691,-0.042
Myo18b,0.37965411,-0.191
Myo18b,0.8042344,0.054
Myo18b,0.42439572,-0.187
Myo18b,0.19142633,-0.401
Myo18b,0.46071225,-0.189
Myo18b,0.98818556,-0.006
Adrbk2,0.32855724,-0.4
Crybb2,0.38831457,-0.202
Crybb3,0.004147141,-0.764
2900026A02Rik,0.91591553,0.023
F830115B05Rik,0.76025627,0.084
Sgsm1,0.86615713,0.045
Affy_10532709,0.21132718,-0.324
Cmklr1,0.20814052,0.262
1700069L16Rik,0.65841934,-0.087
Sart3,0.24137251,0.178
Tmem119,0.82242652,0.07
Selplg,0.55749687,0.216
Coro1c,0.59245772,-0.142
Affy_10532765,0.44888333,-0.228
Ssh1,0.58583132,-0.091
Svop,0.071170937,0.406
Alkbh2,0.053062711,-0.71
Foxn4,0.32674075,-0.22
Kctd10,0.23637842,0.193
Mmab,0.79011133,0.088
Trpv4,0.87879772,0.023
Gltp,0.64264112,0.147
Git2,0.52132025,0.082
4930515G01Rik,0.52651195,-0.152
C12orf76,0.057424994,-0.502
2610524H06Rik,0.33369721,-0.247
Ywhaq,0.27523764,-0.248
mir-469,0.16560444,-0.383
4930519G04Rik,0.97520315,0.006
Hnf1a,0.76859083,-0.047
Rps23,0.92494183,0.012
Sppl3,0.50564771,-0.126
Rpl37,0.65849063,0.067
Acads,0.8858961,-0.034
Unc119b,0.79557162,-0.063
Mlec,0.60582559,0.137
Mlec,0.28235736,0.483
Cabp1,0.81603313,-0.059
Rnf10,0.34067744,-0.1
Dynll1,0.60719891,-0.231
Gatc,0.88506474,0.032
Cox6a1,0.24018866,0.418
4930430O22Rik,0.19905622,-0.32
Sirt4,0.47157792,-0.128
1110006O24Rik,0.17773552,-0.215
Ccdc64,0.23906622,-0.243
Rpl29,0.38920348,-0.185
Prkab1,0.91184175,-0.019
Ccdc60,0.59141117,-0.139
Hspb8,0.5759155,-0.23
Srrm4,0.18686822,-0.315
Suds3,0.19445359,-0.287
Pebp1,0.20794806,-0.922
Gm10399,0.2237891,-0.31
Rfc5,0.48406165,0.204
Fbxw8,0.38139428,0.152
Rnft2,0.7879015,-0.038
Affy_10533120,0.65802452,-0.092
Sdsl,0.28822607,-0.242
Plbd2,0.37771584,-0.124
Tpcn1,0.24595766,-0.238
1110008J03Rik,0.58670886,0.111
Ddx54,0.32708257,-0.228
Dtx1,0.11932465,-0.345
Oas2,0.73994991,0.172
Oas3,0.84718887,-0.052
Oas1e,0.25657441,-0.256
Oas1c,0.88785365,0.038
Oas1g,0.94749719,-0.041
Oas1a,0.23449711,-0.532
Rph3a,0.50395305,-0.148
Ptpn11,0.38841033,-0.122
Trafd1,0.64307217,0.106
Erp29,0.66921444,-0.073
Adam1b,0.066779214,-0.393
Adam1a,0.12551485,-0.23
Mapkapk5,0.7903616,0.044
Aldh2,0.24579527,0.143
9330129D05Rik,0.78838615,0.102
Acad10,0.57174002,0.116
Sh2b3,0.3861649,-0.099
Cux2,0.22303788,0.278
Cux2,0.5363763,-0.132
Ccdc63,0.30613427,-0.293
4930565B19Rik,0.62320012,0.082
Tctn1,0.86732922,-0.031
Rad9b,0.98627716,-0.006
1500011H22Rik,0.86353795,-0.027
Atp2a2,0.73625636,-0.06
Ift81,0.25188352,-0.202
Affy_10533526,0.3376306,0.257
Camkk2,0.94568829,-0.012
Anapc5,0.68394757,0.076
Kdm2b,0.71773554,-0.058
Morn3,0.18122157,-0.242
Rhof,0.21522485,0.264
Hpd,0.60884674,-0.124
Rpl35a,0.84976621,0.035
Il31,0.067333845,-0.289
Diablo,0.61313879,0.103
Vps33a,0.10443751,-0.202
Clip1,0.45471208,0.122
Zcchc8,0.39010692,0.192
Rsrc2,0.63340006,-0.057
Niacr1,0.94551023,-0.018
Gpr81,0.4941548,-0.192
Vps37b,0.67179827,0.086
Abcb9,0.30904303,0.198
Pitpnm2,0.9615771,0.009
Mphosph9,0.72094006,-0.067
Cdk2ap1,0.18679237,-0.189
Sbno1,0.64334676,0.104
Rilpl2,0.84795182,-0.03
Rilpl1,0.16434268,-0.336
Eif2b1,0.85090195,0.033
Ccdc92,0.28368725,-0.184
Ncor2,0.45496315,-0.112
Scarb1,0.1637246,-0.369
Ubc,0.088039458,-0.203
Dhx37,0.47245095,-0.139
Gm4868,0.40509159,-0.184
Gm7774,0.98827188,0.004
Slc15a4,0.76003682,0.072
Tmem132d,0.60525633,-0.132
5930412G12Rik,0.19621602,-0.23
Rimbp2,0.17132464,-0.231
Stx2,0.43542086,0.159
Rps16,0.20197671,-0.195
Hpvc-ps,0.043077133,-0.423
Rps2,0.26094818,0.317
Zfp11,0.43901357,0.126
14-Sep,0.16669509,-0.256
Psph,0.21256369,0.194
Phkg1,0.73683186,0.051
Chchd2,0.88241834,-0.026
Gusb,0.908832,-0.027
Asl,0.35842517,0.361
C7orf42,0.55374827,-0.09
Sbds,0.78357707,-0.046
A330070K13Rik,0.37574557,-0.232
Wbscr17,0.87858965,0.038
Auts2,0.94101531,0.016
Wbscr16,0.81459274,-0.039
Ncf1,0.39394075,0.302
Gtf2i,0.97174037,-0.004
Gtf2ird1,0.41595875,-0.137
Clip2,0.50108078,-0.122
Gm52,0.3790971,-0.184
Lat2,0.66762638,-0.111
Eif4h,0.63197873,0.082
Limk1,0.47570552,0.264
Eln,0.6262301,-0.102
Wbscr28,0.043301928,-0.51
Cldn13,0.24279574,-0.219
Cldn4,0.13132625,-0.315
Wbscr25,0.39769263,-0.176
Wbscr22,0.8207708,0.027
Vps37d,0.74086949,-0.068
Fzd9,0.85330428,0.045
Fkbp6,0.70539484,-0.088
Pom121,0.92753148,0.014
Hip1,0.92015885,0.017
Ccl26,0.27480653,-0.222
Ccl24,0.16729058,0.254
Rhbdd2,0.21851537,-0.265
Tmem120a,0.61840298,0.167
Styx1l,0.60376771,-0.093
Ywhag,0.86278721,0.031
Srcrb4d,0.38704927,-0.156
Affy_10534549,0.36217572,-0.167
Lrwd1,0.74207793,-0.046
Orai2,0.27262012,0.196
Prkrip1,0.4594946,-0.158
Gm5050,0.36241626,0.254
Sh2b2,0.27508034,0.224
Cux1,0.074580789,0.221
4731417B20Rik,0.89986171,0.02
Emid2,0.66928346,-0.098
Znhit1,0.28077295,0.149
Ap1s1,0.1179236,0.281
Serpine1,0.82058476,0.09
Trim56,0.62162606,-0.081
Muc3,0.71213568,-0.084
Srrt,0.93395886,-0.01
Affy_10534716,0.94560023,-0.028
Trip6,0.50364384,0.134
Slc12a9,0.39086361,-0.184
Zan,0.69008699,0.055
Epo,0.15334581,-0.264
Pop7,0.91515493,0.018
Gnb2,0.82003454,-0.031
Mospd3,0.81331667,-0.035
Pcolce,0.82122904,0.075
Fbxo24,0.86421737,0.035
Irs3,0.34001246,-0.175
Agfg2,0.55411497,0.126
Gm15498,0.17047678,-0.218
Sp110,0.96873343,-0.012
6430598A04Rik,0.80395486,-0.062
Mepce,0.53633813,0.116
Pilra,0.29360792,0.631
Pilrb1,0.31940104,0.405
Pilrb2,0.39382778,0.256
Cyp3a13,0.18663624,1.889
Gjc3,0.022453501,-1.14
Rps25,0.92536583,0.019
Zfp113,0.74984462,0.071
Mcm7,0.67680161,0.076
mir-25,0.68001999,-0.136
mir-93,0.26574324,-0.19
mir-106b,0.4329192,-0.188
Taf6,0.30548663,0.124
BC037034,0.96773744,0.008
Gal3st4,0.61800921,-0.104
Gpc2,0.60178035,-0.141
Got2,0.10047948,-0.141
1700123K08Rik,0.78474229,-0.05
Zfp68,0.74581294,-0.052
Pdgfa,0.69121637,-0.068
Prkar1b,0.31280317,-0.181
Adap1,0.38232313,-0.158
Cox19,0.84805644,-0.06
3110082I17Rik,0.39348613,-0.166
4930432F04Rik,0.2882882,-0.262
Zfand2a,0.91246952,-0.032
Micall2,0.21641438,0.193
Ints1,0.23624423,0.181
Tmem184a,0.69703198,-0.142
Psmg3,0.75230912,-0.094
Mad1l1,0.96932176,-0.006
Ftsj2,0.81945187,-0.035
Snx8,0.43156747,-0.106
Grifin,0.97369237,0.007
Ttyh3,0.72430651,0.065
Iqce,0.68135212,0.064
Gna12,0.14115641,-0.307
Card11,0.70356906,-0.08
Foxk1,0.42828218,-0.175
Radil,0.078149942,-0.367
Papolb,0.61417546,-0.092
Mmd2,0.9134965,-0.08
Wipi2,0.32677999,-0.198
Affy_10535342,0.97509616,0.004
Wipi2,0.89099906,0.032
Fbxl18,0.58640563,0.071
D430018E03Rik,0.93461978,-0.015
Actb,0.52942277,-0.106
Rnf216,0.46452702,0.113
Affy_10535410,0.087104279,-0.586
Affy_10535413,0.74109466,0.079
Gm3925,0.49914229,-0.158
Rbak,0.52182457,0.123
Spdyb,0.33482733,-0.23
Zfp316,0.24694979,0.185
E130309D02Rik,0.34483148,-0.111
Zdhhc4,0.26032949,0.22
9530056K15Rik,0.84633367,0.035
Rac1,0.2921801,-0.127
Usp42,0.92377006,0.014
Ankrd61,0.70173183,0.068
Aimp2,0.62587035,0.074
AU022870,0.66917344,0.058
Ocm,0.088593647,-0.406
Tecpr1,0.15962262,-0.247
Baiap2l1,0.71033233,0.128
Gm6272,0.68960265,0.073
Tmem130,0.82381864,-0.051
Smurf1,0.66208495,0.083
Kpna7,0.56214857,-0.132
Gm4871,0.89552172,0.039
Rpl29,0.26022888,-0.233
Pdap1,0.6675622,0.063
Ptcd1,0.80675893,-0.044
Atp5j2,0.22163954,-0.192
Zkscan14,0.96819398,-0.006
Cyp3a16,0.63774043,-0.145
Cyp3a41a,0.51511463,0.3
Cyp3a41a,0.45017682,0.35
Cyp3a44,0.80591832,0.15
Cyp3a11,0.4298775,0.429
Cyp3a25,0.23698208,-0.361
1700001J03Rik,0.13851897,-0.383
Rnf6,0.63797169,0.086
Gpr12,0.095587235,-0.935
Usp12,0.22636452,0.283
Gm10858,0.94284336,0.016
Mtif3,0.19721581,-0.262
Lnx2,0.15821475,0.303
Cdx2,0.6920461,-0.096
Prhoxnb,0.34614654,-0.449
Flt3,0.8106706,-0.053
Flt1,0.76155441,0.056
Slc46a3,0.10193193,-0.594
Slc46a3,0.82073414,0.072
Slc7a1,0.45518673,-0.132
Ubl3,0.51048499,-0.091
Affy_10535881,0.90541726,0.022
Katnal1,0.50532266,0.148
Hmgb1,0.48159658,0.318
Gnpda1,0.32891347,0.194
Affy_10535900,0.9540032,0.018
Affy_10535902,0.80637963,-0.111
Hsph1,0.67797047,-0.225
Nme2,0.84509357,-0.04
Zar1l,0.22427741,-0.238
Affy_10535936,0.28344166,0.153
N4bp2l1,0.93227573,0.023
N4bp2l2,0.74001571,0.05
N4bp2l2,0.51993531,-0.18
Stard13,0.90043287,0.023
D730045B01Rik,0.38165387,-0.155
Vmn2r18,0.83401185,0.044
Rfc3,0.63193714,0.12
A430089I19Rik,0.12172711,-0.28
A430089I19Rik,0.03000939,-0.303
C87414,0.034721084,-0.559
Gm7682,0.56916768,-0.092
Affy_10536010,0.1351536,-0.237
D5Ertd577e,0.92573389,-0.02
Gm7682,0.068277688,-0.459
AA792892,0.025115458,-0.692
Gm7682,0.056366831,-0.333
E330014E10Rik,0.93625498,-0.016
AA792892,0.025115458,-0.692
Affy_10536044,0.056366831,-0.333
D5Ertd577e,0.93625498,-0.016
Gm7682,0.06025648,-0.432
C87414,0.034594883,-0.489
Zfp141,0.21317625,-0.305
Zfp788,0.47922211,-0.368
Gprc2a-rs5,0.73432712,0.054
Vmn2r60,0.92437231,-0.016
A430089I19Rik,0.12172711,-0.28
Affy_10536090,0.40501885,-0.163
Affy_10536095,0.10027997,-0.275
LOC624931,0.053759919,-0.376
LOC625240,0.8408015,-0.041
Affy_10536111,0.10205868,-0.39
Affy_10536114,0.85215796,0.039
Affy_10536118,0.09885062,-0.274
Affy_10536122,0.36716067,-0.161
BC061212,0.049341673,-0.311
BC061212,0.12172711,-0.28
Ctdnep1,0.5003956,0.189
LOC624931,0.06025648,-0.432
Gm16367,0.90006207,-0.026
Gm7682,0.05461297,-0.332
Gm7792,0.96845343,0.008
Gm16367,0.78153662,0.059
Affy_10536163,0.1867653,-0.262
Rn18s,0.28585581,-0.086
Gm8598,0.15685058,-0.388
Ccdc132,0.44287517,0.166
Gngt1,0.98156002,-0.006
Gng11,0.13273717,0.275
Col1a2,0.5948096,0.154
Casd1,0.88718367,-0.029
Peg10,0.31789358,0.709
Ppp1r9a,0.2147025,0.831
Asb4,0.26488914,-0.166
Dync1i1,0.12222594,-0.302
Dlx6,0.27674962,-0.226
Acn9,0.6304061,0.076
Tac1,0.26028391,-0.194
C1galt1,0.10882508,0.382
Mios,0.53302694,0.177
Glcci1,0.47833617,0.126
Nxph1,0.11716592,-0.387
Nxph1,0.7427988,-0.082
Phf14,0.70796534,0.076
Affy_10536425,0.17555743,-0.23
Hormad1,0.74524503,-0.049
Tmem106b,0.34440252,0.178
Gm725,0.19061348,-0.278
Affy_10536442,0.72346008,-0.069
Foxp2,0.094201152,0.326
Mdfic,0.94493514,0.01
Gm3148,0.42436175,0.342
Tes,0.19540993,-0.337
Cav2,0.6007747,0.153
Cav1,0.9782698,-0.023
Met,0.88073113,-0.031
Capza2,0.85306562,-0.036
St7,0.51061881,-0.207
Cftr,0.84603284,-0.039
Tsen15,0.11349861,0.839
Naa38,0.27285682,0.302
Ankrd7,0.30449457,-0.149
Affy_10536607,0.97420877,0.006
Affy_10536609,0.8332136,-0.038
Kcnd2,0.52922244,-0.161
Ing3,0.97587194,-0.004
A430107O13Rik,0.19581226,-0.165
Wnt16,0.31401984,-0.223
Ptprz1,0.79459873,-0.034
Asb15,0.56114051,-0.102
Lmod2,0.46272362,-0.176
Hyal6,0.56023481,-0.122
Hyal4,0.4408106,-0.128
Spam1,0.44211695,-0.109
Hyal5,0.46258834,0.148
6530409C15Rik,0.30476612,-0.179
Arf5,0.59295955,-0.078
Fscn3,0.45396386,-0.158
Snd1,0.98331165,-0.004
mir-129-1,0.3429293,-0.182
Lep,0.14817648,-0.314
2310016C08Rik,0.61354653,-0.118
Fam71f2,0.091250085,-0.306
Fam71f1,0.36620694,-0.212
Calu,0.62127754,0.098
Ccdc136,0.217531,0.254
Flnc,0.2089876,-0.235
Atp6v1f,0.50055021,-0.109
Irf5,0.63878793,-0.176
Tspan33,0.56945588,-0.283
Smo,0.11049108,-0.696
Ahcyl2,0.49518043,0.159
Fam40b,0.7968486,-0.032
Affy_10536971,0.84413306,0.034
1700023L04Rik,0.83745728,0.041
Nrf1,0.86827925,0.022
Affy_10536994,0.79528743,0.057
Klhdc10,0.60321561,0.095
1700025E21Rik,0.23512365,-0.248
Cpa2,0.1124626,-0.47
Cpa4,0.14653952,-0.252
Cpa5,0.50532944,-0.107
Cpa1,0.006729331,-1.744
Mest,0.25125362,0.442
mir-335,0.41983376,-0.142
Mkln1,0.16433305,0.148
1700012A03Rik,0.22604119,-0.298
Exoc4,0.15453752,0.41
Lrguk,0.90306407,0.016
Akr1b8,0.31209001,0.323
Akr1b10,0.33754001,0.269
Akr1b7,0.37522515,0.195
Bpgm,0.50907235,0.131
Cald1,0.820721,-0.034
Agbl3,0.90540806,0.017
Tmem140,0.28321874,0.32
Stra8,0.91414281,-0.016
Rpl17,0.50723493,-0.076
Nup205,0.37352576,0.166
Affy_10537290,0.1663941,0.2
1810058I24Rik,0.92092493,-0.028
mir-490,0.73589852,0.085
Chrm2,0.63040578,0.116
1700111E14Rik,0.27562164,0.186
Akr1d1,0.48480287,0.285
Atp6v0c,0.5746861,-0.072
Trim24,0.73457383,0.131
Atp6v0a4,0.20577977,-0.346
Gm7504,0.25878335,-0.192
Rpl30,0.40763046,-0.161
Ttc26,0.02274795,0.299
Ubn2,0.51015519,-0.108
1110001J03Rik,0.24888209,0.255
Luc7l2,0.21114403,-0.161
Clec2l,0.33551266,-0.336
Tbxas1,0.62670927,0.163
4930599N23Rik,0.065374245,-0.375
Rab19,0.65643306,-0.088
Gm10244,0.92954881,-0.016
Adck2,0.6241715,0.088
Ndufb2,0.14793376,0.452
Tmem178b,0.36092358,-0.19
Agk,0.24369778,0.199
Wee2,0.43869253,-0.176
Ssbp1,0.26436218,0.233
Tas2r137,0.90674887,-0.032
Tas2r108,0.78253396,-0.045
Mocs1,0.10229472,0.941
Olfr460,0.094707552,-0.287
Mgam,0.80690457,-0.042
Gm7254,0.89165195,0.025
Gm6273,0.36546629,-0.186
1810009J06Rik,0.36701748,-0.153
Tcrb-J,0.66176722,0.062
Affy_10537624,0.74502703,0.062
Prss2,0.02140494,-0.644
Try4,0.17413535,-0.266
Try10,0.5126657,-0.323
Gm5771,0.16274163,-0.401
Gm5409,0.12577553,-0.236
Prss1,0.055782131,-0.398
Ephb6,0.35448987,0.153
1700034O15Rik,0.42048214,-0.193
Pip,0.3233302,0.152
Sval2,0.8406133,0.025
Sval1,0.92881621,0.015
Sval3,0.30985755,-0.157
Sva,0.82871221,-0.043
Tas2r139,0.34905625,-0.128
Tas2r144,0.13990732,0.248
Gstk1,0.3834993,0.224
Tmem139,0.8524015,-0.045
Casp2,0.75940674,0.056
Clcn1,0.49606081,-0.136
Zyx,0.36363655,0.136
Tas2r143,0.54142799,-0.172
Tas2r135,0.76404409,-0.075
Tas2r126,0.01226539,-0.42
Olfr453,0.64138846,-0.087
Olfr38,0.60386904,-0.113
Olfr452,0.7384667,-0.08
Affy_10537797,0.27929092,-0.252
Olfr450,0.77249994,0.062
Olfr449,0.94978565,-0.014
Olfr448,0.67759385,-0.11
Olfr447,0.84404783,-0.046
Olfr446,0.50081186,-0.122
Olfr444,0.09684638,-0.489
Olfr446,0.79641872,-0.061
Olfr441,0.45640819,-0.137
Olfr237-ps1,0.98248661,0.006
Olfr437,0.31537164,-0.192
Olfr13,0.47259343,-0.112
Olfr435,0.35078649,-0.208
Olfr434,0.11549148,-0.312
Olfr47,0.8056093,-0.069
Arhgef5,0.034595957,0.366
Arhgef5,0.014398706,0.46
Cntnap2,0.57264349,-0.08
Affy_10537880,0.97338213,-0.012
Cul1,0.86087793,0.032
Rny3,0.80423714,0.079
Zfp398,0.94245355,0.012
Zfp282,0.54027878,-0.125
Zfp212,0.75423529,0.078
AI894139,0.2052976,-0.208
Affy_10537955,0.14388653,-0.305
Krba1,0.39200618,-0.116
Sspo,0.34045397,-0.16
Rpl35a,0.84976621,0.035
Atp6v0e2,0.059048405,-0.933
Lrrc61,0.23394817,-0.434
Gm5111,0.85547702,-0.036
Repin1,0.20925835,0.384
Zfp775,0.97798957,0.006
AI854703,0.010261166,-0.435
Gimap8,0.85400891,-0.039
Gimap9,0.79524385,0.084
Gimap4,0.062576366,0.425
Gimap7,0.45570907,-0.198
Gimap1,0.66619168,0.103
Gimap5,0.19699591,0.286
Affy_10538148,0.282455,-0.232
Tmem176a,0.56097928,0.239
Gm7932,0.499714,-0.111
Abp1,0.69210214,0.104
1600015I10Rik,0.57336629,0.121
Doxl2,0.83416213,0.047
Svs1,0.85447028,-0.032
Gpnmb,0.69610288,-0.125
2410003K15Rik,0.1489879,-0.227
Ccdc126,0.91948997,-0.024
D330028D13Rik,0.63614831,-0.106
Stk31,0.34123732,0.122
Npy,0.55061442,-0.159
Mpp6,0.43005663,-0.157
Affy_10538269,0.8765673,-0.047
Gm4782,0.69615659,-0.074
BC022713,0.57018122,-0.112
Nfe2l3,0.34510098,-0.162
Cbx3,0.99608655,0.001
Snx10,0.51760809,0.182
Hoxa3,0.46077649,-0.139
5730596B20Rik,0.27076158,0.238
Gm15053,0.63025232,-0.112
Evx1,0.17941521,-0.258
Tax1bp1,0.8454358,-0.028
Creb5,0.95506626,0.012
Affy_10538352,0.95182818,-0.02
1200009O22Rik,0.041464186,-0.402
Chn2,0.13863024,-0.298
Prr15,0.54249585,-0.116
Wipf3,0.39472163,-0.121
Plekha8,0.52346502,0.252
2410066E13Rik,0.69998186,0.06
Znrf2,0.087296015,-0.176
Gars,0.75108765,-0.051
Fam188b,0.66793889,-0.085
Aqp1,0.39962236,0.175
Ghrhr,0.61177338,-0.109
Adcyap1r1,0.57537373,-0.102
Ccdc129,0.38175463,0.151
Gsbs,0.033601096,0.296
Avl9,0.080074352,0.277
Gm10209,0.59239486,-0.112
Fkbp9,0.30772222,0.196
Vmn1r4,0.14423792,0.178
Vmn1r5,0.22476364,-0.345
Vmn1r6,0.7222951,0.076
Vmn1r8,0.27444309,0.199
Vmn1r9,0.49662121,-0.109
Vmn1r10,0.35772105,-0.179
Vmn1r11,0.71263602,0.053
Affy_10538575,0.57670494,0.07
Vmn1r13,0.61367899,-0.097
Vmn1r14,0.96838504,-0.008
Vmn1r15,0.38773519,-0.12
Affy_10538584,0.87327073,0.032
Vmn1r19,0.69983702,-0.083
Vmn1r20,0.89981595,0.027
Herc6,0.72298402,-0.168
Lancl2,0.27413041,0.204
Rps15,0.48079391,-0.075
Vmn1r28,0.85640829,-0.024
Vmn1r29,0.59127514,-0.091
Affy_10538638,0.46022635,-0.16
Abcg2,0.11479318,-0.463
Herc3,0.77044411,0.08
Tigd2,0.91420834,-0.02
Affy_10538689,0.70172241,0.072
Gm5570,0.96339708,0.01
Rn5s,0.97514092,-0.016
Mmrn1,0.99406499,0.002
Fam190a,0.59571377,-0.077
Grid2,0.50642082,-0.129
Affy_10538749,0.93713658,-0.014
Atoh1,0.014235985,-0.595
Atoh1,0.72689606,0.128
Smarcad1,0.19464989,0.282
Gm8479,0.87610096,-0.039
C130060K24Rik,0.040030526,0.314
Tnip3,0.68043716,0.132
A930038C07Rik,0.25617773,-0.249
Affy_10538808,0.52669623,0.114
Prdm5,0.90888928,-0.023
4930544G11Rik,0.88700384,-0.03
Mad2l1,0.061504844,0.771
Vmn1r37,0.61514195,-0.057
Gng12,0.49857268,-0.104
Gm15644,0.77893559,0.051
Affy_10538850,0.80307238,0.043
A430010J10Rik,0.67397846,-0.066
LOC545845,0.95752616,-0.008
Serbp1,0.72113825,0.058
Affy_10538868,0.59714031,-0.117
Affy_10538871,0.61959976,-0.177
Affy_10538873,0.038017263,0.344
AY498738,0.77773222,0.041
Gm10877,0.2910843,-0.261
Igk-V1,0.4351929,0.326
Gm5571,0.98155884,0.01
Affy_10538885,0.5318534,-0.163
Gm5153,0.5116992,-0.146
LOC641050,0.90238234,0.05
LOC641050,0.58758696,-0.18
BC005685,0.78665246,0.079
Igk,0.28983017,0.347
LOC100046350,0.83272184,0.104
LOC100046496,0.80427135,-0.071
Amd1,0.34578219,-0.177
Affy_10538929,0.69441207,0.083
Amd1,0.40794838,-0.167
Affy_10538934,0.15748488,-0.303
Affy_10538936,0.28188522,0.292
Eif2ak3,0.64495904,-0.139
Eif2ak3,0.79266811,0.057
Foxi3,0.5119816,-0.144
Affy_10538963,0.19482041,0.351
Fabp1,0.381949,-0.175
Krcc1,0.63805071,-0.109
Gm1070,0.40192913,-0.193
Cd8b1,0.68905446,-0.074
Cd8a,0.31858813,-0.254
Rnf103,0.27312382,0.183
Vps24,0.088342049,-0.237
Rpl19-ps9,0.34323141,0.505
Reep1,0.27616912,-0.212
Immt,0.69162479,0.065
Polr1a,0.13761606,0.535
St3gal5,0.84397214,0.103
Sftpb,0.5506712,-0.116
C2orf68,0.8155687,0.041
Tmem150a,0.26028346,-0.306
Ggcx,0.89314876,0.03
Capg,0.70111356,0.119
Retsat,0.46584271,0.37
Gm15401,0.31823588,-0.526
Suclg1,0.36731186,0.17
Lrrtm1,0.33534206,-0.158
Eif4a3,0.40199545,0.111
Reg3b,0.71053792,-0.066
Reg3a,0.2813725,-0.295
Reg2,0.96605049,0.009
Reg1,0.7866835,-0.061
Affy_10539207,0.89838652,-0.015
Affy_10539209,0.96141701,-0.009
Lrrtm4,0.12096831,-0.323
Affy_10539218,0.38158836,0.207
AW146020,0.65620567,-0.098
Fam176a,0.093402046,-0.463
Affy_10539242,0.53500803,-0.156
Tacr1,0.82209807,0.05
D6Mm5e,0.7345922,0.057
Loxl3,0.47242539,-0.145
Aup1,0.15126163,-0.202
Dqx1,0.73031045,0.09
Pcgf1,0.91592994,-0.035
Lbx2,0.28980947,-0.254
Ccdc142,0.71615258,0.038
Mogs,0.05494974,0.26
Rtkn,0.98109145,0.004
1700003E16Rik,0.01122717,-0.529
Dctn1,0.53536144,0.079
Slc4a5,0.14437347,-0.259
Mobkl1b,0.17649071,0.193
Mobkl1b,0.006864316,0.524
Bola3,0.61303634,0.086
B230319C09Rik,0.84250852,-0.075
Vax2,0.52332356,-0.123
Atp6v1b1,0.89901509,0.028
Ankrd53,0.97447285,-0.005
Nagk,0.79852926,0.065
Rpl18,0.64506227,-0.072
Zfml,0.51464715,0.132
Dysf,0.26655011,0.219
Npm3-ps1,0.55522281,-0.132
Spr,0.7447495,0.067
Gm5878,0.39097359,-0.15
Affy_10539581,0.23552049,-0.372
Emx1,0.12580215,-0.287
Noto,0.70203115,0.088
Smyd5,0.98457135,0.004
Cct7,0.98191898,0.004
Alms1,0.1820685,0.266
Alms1,0.42529474,-0.164
Alms1,0.16035328,-0.218
Ptges3,0.92027438,-0.018
Tprkb,0.34471357,-0.201
Figla,0.27078565,-0.235
Add2,0.75063428,-0.066
Tgfa,0.61519486,-0.08
Rps28,0.84127867,0.041
Fam136a,0.26633159,0.275
Snrpg,0.604911,-0.062
Tia1,0.7693941,0.074
C87436,0.84775749,0.028
Asprv1,0.42883271,-0.205
Aak1,0.52718728,-0.108
Aak1,0.58718397,0.104
Nfu1,0.4194474,0.284
Gfpt1,0.38707521,0.207
Gkn2,0.54848476,-0.126
Bmp10,0.8475733,0.032
E230015B07Rik,0.92772233,0.023
Ccdc48,0.89682389,-0.025
Ccdc48,0.77212414,-0.048
Gp9,0.70031016,0.09
Copg,0.94883621,0.014
8430410A17Rik,0.69022092,-0.065
Gm5577,0.38196035,0.202
Rpn1,0.92556381,-0.023
Gata2,0.73187311,-0.067
Dnajb8,0.16619824,-0.249
Ruvbl1,0.9765713,0.005
Mgll,0.82954904,0.105
Podxl2,0.76153131,-0.082
Tpra1,0.44027873,0.156
4933427D06Rik,0.15207731,-0.209
Gm1965,0.27380795,-0.269
Gm1965,0.51555323,-0.148
Txnrd3,0.38897614,0.222
Vmn1r40,0.038210344,-0.365
Vmn1r239-ps,0.64398511,-0.104
Vmn1r44,0.29949351,-0.159
Affy_10539960,1,0
Vmn1r46,0.68260774,-0.08
Vmn1r47,0.74311258,0.061
Vmn1r50,0.44723973,-0.125
Vmn1r51,0.83284622,-0.031
Vmn1r45,0.49353629,-0.12
Vmn1r52,0.46619774,0.182
V1ra8,0.65935911,-0.098
Affy_10539979,0.96646102,-0.008
Vmn1r54,0.25541327,-0.262
BC048671,0.55242218,0.108
Uroc1,0.50146926,0.2
Zxdc,0.65926359,-0.052
Klf15,0.90184856,-0.033
Aldh1l1,0.70068452,0.095
Slc41a3,0.58855629,0.187
Ppp1r2,0.77036231,0.058
Hdac11,0.52312902,0.12
Fbln2,0.85352485,0.035
Tmem43,0.45442602,0.286
Lsm3,0.1585449,0.242
Slc6a6,0.84779634,0.046
C130022K22Rik,0.2880686,0.228
4930590J08Rik,0.94905336,0.013
Fgd5,0.12906493,0.189
Nr2c2,0.18238903,0.196
Adamts9,0.6266398,0.097
Affy_10540213,0.81487138,0.042
Slc25a26,0.49418594,0.096
Kbtbd8,0.3658467,-0.229
Affy_10540231,0.87744698,0.064
Fam19a1,0.43257732,-0.16
Arl6ip5,0.62611964,0.119
Mitf,0.37120917,0.121
Mitf,0.56155243,0.123
Affy_10540267,0.38351995,-0.203
Gpr27,0.17169325,-0.35
Affy_10540271,0.52368797,-0.122
Ube2v2,0.47551857,0.187
Gxylt2,0.70734516,-0.083
Ppp4r2,0.76336657,0.093
Gm10009,0.7610505,0.079
Gm9871,0.98076194,0.004
Affy_10540296,0.80607879,-0.076
Chl1,0.36305527,-0.15
Cntn6,0.56321526,-0.145
Cntn4,0.96382395,0.007
Trnt1,0.035895202,0.465
Lrrn1,0.54987179,-0.123
Setmar,0.6015853,0.107
Itpr1,0.60810605,0.073
Bhlhe40,0.36625275,-0.404
Arl8b,0.31651404,-0.162
Edem1,0.40785868,0.146
H3f3a,0.92019546,-0.016
Grm7,0.076756568,-0.244
Lmcd1,0.21918442,-0.187
Hmgcs2,0.17746195,2.12
Cav3,0.23103502,-0.22
Affy_10540537,0.47550872,0.139
Brox,0.10374668,0.232
Gm6134,0.12892684,0.447
Thumpd3,0.80471393,0.06
Setd5,0.37734712,-0.151
Mtmr14,0.5023169,-0.115
Cpne9,0.99518749,0.001
Brpf1,0.69475197,-0.039
Ogg1,0.13616204,0.217
Arpc4,0.83797856,-0.038
Ttll3,0.96319388,-0.007
Jagn1,0.57731294,-0.083
Il17re,0.85413256,0.03
Il17rc,0.89739902,-0.022
Creld1,0.97007682,-0.008
Fancd2,0.10995605,-0.275
6720456B07Rik,0.42474974,0.136
Vhl,0.7473637,-0.06
Irak2,0.23046709,0.195
Tatdn2,0.70082789,0.09
Slc6a11,0.22150821,0.189
Slc6a1,0.3746815,-0.19
Hrh1,0.59459565,-0.11
Atg7,0.75403989,0.054
Syn2,0.89078718,0.032
Pparg,0.62651931,0.265
Tsen2,0.16138648,0.364
Mkrn2,0.092888167,-0.232
Raf1,0.31714759,0.158
Cand2,0.49330549,-0.154
Ift122,0.026014104,0.598
Rho,0.71567577,0.074
Rho,0.098326508,-0.27
H1foo,0.11300802,-0.367
H2afz,0.12386637,0.26
Fam21b,0.46103703,-0.142
Anubl1,0.4637077,0.398
08-Mar,0.23008276,-0.272
Olfr211,0.65054939,0.111
Olfr212,0.97102555,-0.009
Olfr213,0.35764165,0.214
Eif4a3,0.064499516,0.254
Olfr214,0.27970019,-0.234
8430408G22Rik,0.00070654,2.072
Cxcl12,0.95839795,0.015
Gm9946,0.11788702,-0.341
2900097C17Rik,0.47558006,0.067
Gemin6,0.22284316,0.258
Zfp637,0.26337869,0.196
Zfp239,0.031606819,-0.427
Hnrnpf,0.51420141,-0.067
Hnrnpf,0.98315472,0.004
Rasgef1a,0.16368667,-0.268
Affy_10541127,0.01238616,-0.601
LOC280487,0.17746195,2.12
Dcp1b,0.74550819,0.052
Cacna2d4,0.12158151,-0.317
Fbxl14,0.43584534,-0.119
Affy_10541184,0.42176378,-0.248
3110021A11Rik,0.031667967,-0.502
Affy_10541188,0.7186342,-0.063
Rad52,0.52000422,0.1
Ninj2,0.16570481,-0.323
B4galnt3,0.26021288,-0.294
Kdm5a,0.68794327,0.071
Il17ra,0.61053505,-0.101
Cecr2,0.72332058,-0.075
Slc25a18,0.86514753,-0.044
Bcl2l13,0.075652265,0.308
Gm9878,0.48052045,-0.177
Pex26,0.84333897,-0.032
Tuba8,0.64455046,0.152
Usp18,0.88143614,-0.151
Slc6a13,0.86681096,-0.034
Slc6a12,0.76667694,-0.061
Affy_10541349,0.56808447,-0.113
A2m,0.7452663,-0.072
Gm7298,0.78625977,0.095
Mug1,0.14927497,-0.274
Cpamd8,0.24196951,1.414
Gm10319,0.45888992,0.564
Cpamd8,0.2278457,1.477
Mug1,0.67860696,-0.107
Mug1,0.13184768,-0.297
Nhp2l1,0.88929564,-0.024
M6pr,0.64854311,0.064
1700063H04Rik,0.95989081,-0.01
Rps27a,0.62162679,0.08
Mfap5,0.9486748,0.012
Aicda,0.40789392,-0.186
Affy_10541513,0.19879497,-0.263
Dppa3,0.75908191,0.116
Rps15,0.89597755,-0.013
Rps2,0.28619054,0.291
Nanog,0.28592733,-0.216
Foxj2,0.043289317,0.294
Necap1,0.98911771,-0.002
Clec4a1,0.83026393,0.161
Clec4a3,0.7252495,0.254
Clec4a4,0.08788553,0.339
Clec4b1,0.96205041,0.012
Clec4a2,0.85872038,0.086
Clec4b2,0.25306475,0.214
Clec6a,0.77167657,0.164
Clec4d,0.83872669,0.038
Vmn2r19,0.67175152,0.084
Vmn2r19,0.47109198,0.107
Vmn2r19,0.47109198,0.107
Vmn2r23,0.63192859,-0.136
Vmn2r23,0.83793904,-0.035
Vmn2r24,0.69425318,0.058
Vmn2r26,0.46928376,0.137
Vmn2r26,0.85170031,-0.051
Cd163,0.67854519,0.148
Affy_10541665,0.45455583,-0.134
C1rl,0.35527536,-0.156
C1ra,0.85831722,0.047
C1rb,0.3547041,-0.247
Lpcat3,0.41837958,0.118
Phb2,0.36510331,-0.17
Spsb2,0.83044587,-0.03
Cdca3,0.36614984,-0.174
A230083G16Rik,0.99387771,-0.002
Mlf2,0.38750822,-0.148
Affy_10541751,0.90839839,0.019
C530028O21Rik,0.23539963,-0.432
Zfp384,0.93193395,-0.01
Ing4,0.61731595,-0.072
Acrbp,0.44644976,-0.121
Lpar5,0.60301014,-0.118
Chd4,0.67979405,0.072
Nop2,0.78189072,-0.043
Iffo1,0.79238654,0.05
Mrpl51,0.68208621,0.104
Vamp1,0.59801962,0.104
Scnn1a,0.61620066,0.23
Tnfrsf1a,0.075926628,0.466
Vwf,0.42206702,0.146
Ano2,0.39625055,-0.157
Akap3,0.06241746,-0.327
D6Wsu163e,0.064034467,0.287
Gm6487,0.53394794,-0.215
Fgf6,0.30393016,-0.211
Fgf23,0.69241918,-0.088
Gm4968,0.35670989,0.26
Gm10414,0.48549812,-0.166
Hmgb1,0.73870832,0.052
Parp11,0.85328795,0.067
Efcab4b,0.57298339,0.103
Affy_10542060,0.62792064,-0.133
Tspan11,0.10119213,-0.329
Rpl18,0.3386945,-0.133
Foxm1,0.025410309,-0.506
Nrip2,0.34595713,-0.209
Gm10069,0.15318644,-0.405
Tom1,0.40002937,-0.085
Clec2h,0.29311121,1.906
Clec2i,0.6608001,0.093
Clec2g,0.12091457,0.377
Klrb1f,0.91955897,-0.02
Klrb1-ps1,0.70052511,-0.083
Clec2d,0.36845474,0.413
Clec12a,0.3314928,0.718
Clec1b,0.56914175,0.206
Clec9a,0.44568616,0.272
D630042F21Rik,0.96662848,0.008
Gabarapl1,0.14235444,-0.41
Klre1,0.95731246,-0.007
Klrd1,0.33730418,0.162
mir-680-1,0.49313977,0.33
5430401F13Rik,0.68701802,-0.086
Affy_10542229,0.49653411,0.167
Prh1,0.25255316,-0.343
Affy_10542237,0.57193735,-0.136
Prp2,0.26422127,-0.574
Tas2r120,0.69785038,-0.087
Tas2r124,0.75251805,0.061
Tas2r102,0.85475589,-0.03
Tas2r117,0.30609664,-0.255
Tas2r123,0.46694434,-0.156
Tas2r116,0.16040767,0.283
Tas2r110,0.29627429,-0.202
Tas2r113,0.38035702,-0.164
Tas2r125,0.49294213,-0.135
Tas2r129,0.22217395,-0.233
Affy_10542261,0.43059787,0.182
Smim10l1,0.11785249,0.345
5530400C23Rik,0.024473165,-0.588
Affy_10542270,0.14277514,-0.345
Etv6,0.41089404,0.224
Bcl2l14,0.57315742,-0.135
Loh12cr1,0.48316614,0.148
Creb2l,0.38548099,-0.134
Cdkn1b,0.87524983,-0.024
Cdkn1b,0.065262879,0.6
Apold1,0.2115398,-0.259
Ddx47,0.90680541,0.026
Gprc5a,0.34834396,-0.806
Kiaa1467,0.92802156,-0.033
Emp1,0.770169,0.142
Affy_10542365,0.77295115,0.043
Affy_10542367,0.9619868,-0.011
Gm8994,0.55147758,-0.168
Gm15476,0.43544994,-0.192
Affy_10542374,0.057432179,-0.266
Rpl36al,0.59329076,-0.102
Atf7ip,0.75936366,-0.046
Atf7ip,0.20201367,0.421
H2afj,0.57370692,0.061
Smco3,0.58999163,-0.114
Pde6h,0.098729678,-0.38
Ptpro,0.76531361,0.058
Strap,0.071266682,-0.212
Dera,0.99224797,0.002
Mgst1,0.37852227,0.124
Pik3c2g,0.66471427,-0.313
Capza3,0.72734107,-0.09
Affy_10542518,0.87762853,0.07
Atp5h,0.422404,0.19
Plekha5,0.66715175,-0.066
MGC7817,0.4731607,0.144
Aebp2,0.95238336,0.01
BC005705,0.48852627,-0.118
Pde3a,0.596278,0.082
Gm10400,0.27354979,0.241
Gm10210,0.56411483,0.115
Slco1c1,0.22030359,-0.226
Slco1b2,0.37953569,-0.171
Iapp,0.80245947,0.047
Pyroxd1,0.30147799,0.239
Golt1b,0.98545531,-0.003
B230216G23Rik,0.61810322,-0.107
5330439B14Rik,0.80724205,-0.06
Cmas,0.64062475,0.075
Gm7457,0.87880838,-0.035
Etnk1,0.2490699,0.23
D6Ertd474e,0.38895945,-0.183
Lrmp,0.76924795,0.048
Lyrm5,0.26697305,0.255
Rps25,0.58451639,0.119
1700073E17Rik,0.75820393,0.055
Tuba3b,0.94575817,0.03
Rassf8,0.23408149,0.214
Rassf8,0.41546773,0.262
Sspn,0.8973625,-0.022
Fgfr1op2,0.25094837,0.292
Med21,0.15597646,0.691
Stk38l,0.2827266,0.301
Gm6266,0.28048154,0.362
Arntl2,0.19775888,0.368
1700023A16Rik,0.36689594,-0.157
Ppfibp1,0.36057703,-0.192
Rep15,0.38364803,-0.177
Mrps35,0.49406206,0.15
Gm5887,0.902369,0.03
Klhdc5,0.74012868,-0.072
E330012B07Rik,0.34337415,-0.252
Ccdc91,0.82788465,-0.042
Far2,0.47432377,0.139
Rps4y2,0.54524791,0.242
3010003L21Rik,0.7276527,-0.082
Affy_10542878,0.33092648,-0.318
Mettl20,0.51891756,0.264
2810474O19Rik,0.77471437,-0.108
Nacc1,0.4450862,0.103
Affy_10542894,0.802037,-0.083
Bicd1,0.62512692,-0.099
Samd9l,0.20140121,0.897
Hepacam2,0.85152389,-0.037
Calcr,0.15318526,-0.254
Mir653,0.16635023,0.235
mir-489,0.83206101,-0.033
Tfpi2,0.20689271,0.328
Bet1,0.17524425,0.507
Sgce,0.039610023,1.434
Gmfg,0.12002361,0.643
Pon1,0.81580229,0.05
Pon3,0.20078671,0.176
Pon2,0.23136776,0.211
Pdk4,0.092913288,1.081
Hmgcs2,0.17746195,2.12
Slc25a13,0.70157529,0.1
Rps27a,0.27865694,0.269
Shfm1,0.83758435,-0.039
Dlx5,0.19314784,-0.25
Affy_10543065,0.68679327,0.252
Asns,0.58687225,0.506
Rnps1,0.10886928,0.33
Col28a1,0.30272978,-0.168
Rpa3,0.59382772,-0.304
Glcci1,0.44735484,-0.152
Ica1,0.19444025,0.4
Ndufa4,0.93463332,0.01
Gm6578,0.10205733,-0.294
Thsd7a,0.26024929,-0.29
Vwde,0.36549914,-0.176
Tmem168,0.86310269,0.028
B630005N14Rik,0.93470798,-0.02
Gpr85,0.63415371,-0.064
2610001J05Rik,0.13131543,0.23
Affy_10543231,0.25233109,-0.162
Ppp1r3a,0.90503311,-0.02
Tcfec,0.27668577,0.326
Gm4876,0.49372946,0.112
Wnt2,0.34608637,0.218
Asz1,0.4994209,-0.123
Cttnbp2,0.53094508,-0.113
Affy_10543302,0.33326464,0.145
Affy_10543304,0.48564856,0.128
Tspan12,0.43579755,-0.141
Rpl21,0.89969432,0.015
Fam3c,0.83967506,-0.056
Aass,0.94663724,0.023
Gm5301,0.89116272,-0.027
Gm5301,0.92884081,0.018
Fezf1,0.37913571,-0.218
Cadps2,0.91097467,-0.022
Rnf133,0.27893715,0.209
Rnf148,0.28182195,-0.214
Tas2r118,0.16029803,-0.264
Slc13a1,0.99439208,-0.001
Iqub,0.47038069,-0.118
Ndufa5,0.76731969,0.069
Wasl,0.43865757,-0.108
Tmem229a,0.016312082,-0.569
Rpl7a,0.79495198,-0.032
Gpr37,0.69534068,0.086
Pot1a,0.10003111,0.409
Gm6719,0.82662893,-0.044
Grm8,0.94574709,-0.034
mir-592,0.77344248,-0.054
Zfp800,0.9068369,-0.017
Gm5303,0.31547154,-0.227
Gcc1,0.87196594,0.03
Pax4,0.071528248,-0.36
Lrrc4,0.31709392,0.176
Affy_10543549,0.94419632,0.016
Rbm28,0.4005277,0.148
Impdh1,0.71181848,-0.055
Opn1sw,0.50269953,-0.134
Kcp,0.82668666,-0.036
Tnpo3,0.77657692,-0.034
1700080G18Rik,0.37229176,-0.206
Affy_10543678,0.46518766,-0.115
mir-182,0.42115058,-0.231
Mir96,0.053788488,0.371
Mir183,0.73417883,-0.058
Ube2h,0.76551842,0.048
Affy_10543695,0.91564034,-0.02
Zc3hc1,0.35821176,0.156
Tmem209,0.98751926,-0.003
Tsga14,0.79936231,0.039
Copg2,0.82981122,0.03
Tsga13,0.60809799,-0.08
Klf14,0.0735517,-0.367
mir-29a,0.90301955,0.02
Mir29b-1,0.6836872,0.05
Psma3,0.75548164,0.059
AB041803,0.48043207,-0.17
Podxl,0.8143569,-0.046
Plxna4,0.77088801,-0.058
Chchd3,0.32652698,0.122
Slc35b4,0.081975321,0.348
Akr1b3,0.81581209,-0.086
Npn2,0.55307708,0.157
3110062M04Rik,0.76868067,0.06
Wdr91,0.44693352,-0.138
2010107G12Rik,0.71513701,0.077
Cnot4,0.37287122,-0.137
Slc13a4,0.62101964,-0.108
Fam180a,0.63375278,-0.105
Mtpn,0.66230424,-0.066
9330158H04Rik,0.26660959,-0.227
Ptn,0.65432572,-0.08
Dgki,0.23557536,-0.169
Creb3l2,0.76691347,0.087
Ybx1,0.32555072,0.154
Svopl,0.62715831,-0.108
Atp6v0a4,0.65151461,-0.062
Kiaa1549,0.19191126,-0.331
Zc3hav1l,0.30258717,-0.213
Zc3hav1,0.96163935,-0.014
Zc3hav1,0.9349809,-0.024
Klrg2,0.6458459,-0.092
Hipk2,0.79577398,-0.061
Parp12,0.41468314,0.256
Jhdm1d,0.15653369,-0.214
Jhdm1d,0.85386383,-0.035
Slc37a3,0.20796862,-0.189
Mkrn1,0.70067753,0.085
Affy_10544197,0.20132166,-0.351
Dennd2a,0.84994432,-0.029
Braf,0.77732235,0.055
Mrps33,0.27489539,0.152
Affy_10544248,0.91969077,-0.021
Kiaa1147,0.51557104,0.083
Kiaa1147,0.21283995,0.221
Prss37,0.54746538,0.13
Olfr461,0.75565656,0.072
Clec5a,0.71884331,0.086
Tas2r138,0.14871458,-0.222
Moxd2,0.74225982,0.062
BC048599,0.11238914,-0.318
1700074P13Rik,0.61916892,-0.09
Affy_10544315,0.31182038,-0.176
1810009J06Rik,0.7392844,-0.076
2210010C04Rik,0.02223453,-1.338
Try5,0.17260267,-0.466
Prss3,0.13058289,-0.285
Gm10334,0.053816917,-0.382
Trpv6,0.38408419,-0.184
Trpv5,0.093035116,-0.394
Kel,0.93988125,0.013
Olfr459,0.90081799,-0.025
Fam131b,0.44608265,-0.177
Affy_10544415,0.36869216,-0.244
Epha1,0.81059623,-0.057
Olfr458,0.34472412,-0.17
Olfr456,0.88345992,-0.035
Olfr456,0.2755655,-0.202
Olfr455,0.33905742,0.189
Eapa2,0.46208284,-0.15
Fam115c,0.40271327,-0.128
Fam115a,0.37405707,0.129
Nobox,0.98282692,0.005
Tpk1,0.63567404,-0.146
Tarbp2,0.45994881,-0.184
A930035D04Rik,0.81512963,-0.045
Ezh2,0.19861142,-0.224
Rny1,0.95503738,0.029
Pdia4,0.52996483,-0.178
Affy_10544538,0.58529096,0.533
Rpl35a,0.46828518,0.136
Zfp786,0.70666815,0.078
Zfp777,0.49012243,-0.108
Zfp746,0.6112699,0.098
Zfp467,0.10045296,0.318
Pcnp,0.88608702,-0.022
Rarres2,0.083283943,0.43
Gimap6,0.76671169,0.062
Gimap3,0.67754605,0.099
Tmem176b,0.70790162,0.141
Affy_10544608,0.63023227,0.133
Igf2bp3,0.11164842,-0.248
Tra2a,0.13110313,0.389
Tra2a,0.6321251,0.112
Tra2a,0.33191694,-0.174
Gm10464,0.76359206,-0.059
Affy_10544644,0.74758789,0.091
Dfna5,0.94724653,-0.015
Osbpl3,0.34674679,-0.745
Cycs,0.7693704,0.126
4921507P07Rik,0.38005047,-0.165
Gm5301,0.66699069,-0.092
Npvf,0.53375152,-0.098
G930045G22Rik,0.69240525,-0.097
mir-148a,0.78591212,-0.043
Gm9953,0.47612367,-0.173
Hnrnpa2b1,0.8020567,-0.036
Skap2,0.15561384,0.281
Hoxa1,0.3549712,-0.18
Hoxa2,0.8997054,0.022
Hoxa3,0.66004852,0.055
Hoxa4,0.24227488,-0.309
Hoxa5,0.084627212,-0.29
Hoxa6,0.33167764,-0.192
Hoxa7,0.88718493,0.027
Hoxa9,0.5763384,-0.102
mir-196b,0.54119403,-0.147
Hoxa10,0.25650889,-0.242
Hoxa11,0.56003739,-0.098
Hoxa13,0.70065217,-0.074
Rpl38,0.67266281,0.094
Hibadh,0.57520165,-0.096
Affy_10544823,0.70015834,0.096
Affy_10544827,0.76306393,-0.102
Jazf1,0.61312076,-0.129
1200009O22Rik,0.82781152,0.051
Cpvl,0.64026611,-0.092
Rpl29,0.40417711,-0.174
Chn2,0.90170084,0.029
Scrn1,0.68932992,-0.095
Fkbp14,0.35746205,0.246
Nod1,0.1177106,0.502
Ggct,0.66346795,0.128
Crhr2,0.41059662,-0.132
Inmt,0.66450668,0.18
Neurod6,0.43324909,-0.122
Affy_10544939,0.065891718,-0.34
Pde1c,0.50945598,-0.081
Lsm5,0.71395283,0.073
Kbtbd2,0.98908069,-0.002
Nt5c3,0.85462036,0.045
Vmn1r8,0.70110242,-0.058
Vmn1r16,0.55488206,0.063
Vmn1r17,0.14573598,-0.252
Vmn1r18,0.3846565,0.129
Ppm1k,0.71331175,0.113
Pigy,0.60572615,0.08
Vopp1,0.94552063,-0.013
Vmn1r21,0.74870367,-0.064
Vmn1r22,0.1069419,-0.296
Vmn1r23,0.3199746,-0.192
Vmn1r24,0.39631598,-0.181
Vmn1r25,0.10439489,-0.231
Vmn1r26,0.7409491,0.048
Affy_10545034,0.83546036,-0.053
Vmn1r27,0.92238213,-0.018
Vmn1r30,0.16982092,0.266
Nap1l5,0.22699291,-0.337
Fam13a,0.24300683,0.502
Gprin3,0.49373313,-0.126
Affy_10545069,0.27375555,-0.154
Affy_10545075,0.28933257,-0.262
Affy_10545077,0.17686275,-0.33
A530053G22Rik,0.40229756,0.158
Snca,0.22480894,0.26
Mageb16,0.57814473,-0.091
Affy_10545099,0.069489303,-0.452
Hpgds,0.86114846,-0.093
Affy_10545109,0.23295121,0.142
Vmn1r32,0.058056472,-0.346
Vmn1r33,0.8783894,-0.038
Vmn1r37,0.32655309,-0.14
Vmn1r35,0.97035677,-0.007
Vmn1r36,0.66449976,-0.08
Vmn1r38,0.76244465,0.047
Rpl23,0.38250418,-0.11
4930597O21Rik,0.12602122,-0.355
Gadd45a,0.17989313,-0.399
Il12rb2,0.60499308,0.07
Gm4761,0.6001831,0.124
Il23r,0.89397264,0.04
Tacstd2,0.37722334,0.197
Igk,0.017341883,1.027
Igk,0.045456251,0.609
Affy_10545177,0.39678994,0.226
Gm10879,0.63978899,0.085
Gm459,0.69676063,-0.099
Gm10880,0.07730499,0.725
Gm1502,0.30694424,0.335
Affy_10545190,0.069571859,0.718
Rprl1,0.37012924,0.28
Igkv4-71,0.6216145,0.172
Gm1419,0.07232762,0.565
Igkv4-71,0.041406546,0.907
LOC100046894,0.41114411,-0.315
Gm1077,0.79449777,0.076
Gm1418,0.99571221,-0.002
Gm189,0.084743012,0.618
Gm1524,0.51208294,0.274
Gm5574,0.81734017,-0.112
Igk-V28,0.094451927,1.218
LOC100046973,0.24654638,0.442
Igk,0.34505357,0.286
Affy_10545224,0.97644469,0.008
Affy_10545226,0.8555277,0.049
U29423,0.82189651,-0.07
LOC100047053,0.66543622,0.18
Gm10883,0.46697807,0.258
LOC100047070,0.45525383,0.199
Affy_10545237,0.75183962,0.091
Affy_10545239,0.32734947,0.351
Igk-V28,0.005933795,0.497
Affy_10545245,0.5544639,0.284
Igk-V19-14,0.79926233,0.109
LOC676175,0.97880787,0.008
Igk-V21-2,0.1436221,-0.276
Rpia,0.92344766,0.02
1700011F03Rik,0.32373351,-0.162
Thnsl2,0.31647716,0.57
Smyd1,0.80418467,0.055
Rmdn5a,0.61903674,0.073
Kdm3a,0.62269887,0.121
Ppia,0.75346196,-0.039
Mrpl35,0.15402448,1.078
Ptcd3,0.15724038,0.314
Atoh8,0.97117496,0.014
Usp39,0.8256145,-0.035
Rnf181,0.15568367,0.274
Vamp5,0.06216132,0.555
Vamp8,0.29113999,0.252
Mat2a,0.55338702,-0.185
Sh2d6,0.52698285,-0.159
Elmod3,0.27857553,0.388
Tgoln1,0.33848963,0.242
Tcf7l1,0.39325527,-0.146
Kcmf1,0.10351728,-0.215
Tmsb10,0.8488599,0.052
Dnahc6,0.65826447,-0.078
Dnahc6,0.26089522,-0.212
Affy_10545513,0.19507992,-0.323
Dnahc6,0.075116277,-0.373
4931417E11Rik,0.019227026,-0.41
Pigp,0.75155396,-0.13
Gm10450,0.90843321,-0.017
Affy_10545532,0.29011193,-0.194
Rnf26,0.95380482,-0.006
Ctnna2,0.26350626,-0.237
Reg3d,0.44792111,0.12
Reg3g,0.6577424,0.06
Mrpl19,0.77091928,0.04
Pole4,0.18630251,0.241
Hk2,0.3113359,-0.321
Sema4f,0.13715998,-0.336
Dok1,0.33036665,-0.237
Htra2,0.92316253,0.015
Tlx2,0.27585919,-0.369
Wbp1,0.41636257,-0.15
Ino80b,0.65326393,-0.068
Wdr54,0.20521323,-0.285
Mthfd2,0.29996842,-0.259
Affy_10545682,0.99152339,-0.002
Tet3,0.88306219,0.028
Dguok,0.49343145,0.1
Actg2,0.18233454,-0.218
Stambp,0.32859574,0.17
Clec4f,0.34598914,0.449
Cd207,0.5212199,-0.308
Tex261,0.45932064,0.095
Affy_10545758,0.30915122,-0.21
Paip2b,0.16043579,-0.226
Gapdh,0.66256339,-0.062
Gm10445,0.036934042,-0.422
Cyp26b1,0.23124776,0.303
Exoc6b,0.55896003,0.112
Gm5878,0.1859623,-0.316
Spr,0.58121457,-0.09
Sfxn5,0.98976914,0.003
Rab11fip5,0.65969051,-0.095
1700040I03Rik,0.30025663,-0.166
Fbxo41,0.4074655,-0.15
Egr4,0.18190283,-0.28
Cml3,0.84211076,0.1
Cml3,0.74113738,0.147
Cml3,0.66182775,0.208
Cml5,0.12392578,2.063
Nat8,0.16267002,1.212
Cml2,0.54955495,-0.092
1700019G17Rik,0.046609381,0.956
Cml1,0.9092869,0.064
Nat8b,0.78160225,0.064
Dusp11,0.6723867,-0.078
Pcyox1,0.65000362,-0.09
Pcbp1,0.97382706,0.004
Mxd1,0.27699307,-0.215
Affy_10545930,0.18440135,-0.215
Snrnp27,0.75959166,-0.052
Gmcl1,0.31988552,-0.177
Anxa4,0.79049719,-0.063
Antxr1,0.26731881,0.252
Gkn1,0.13656693,-0.258
Gkn3,0.005984819,-0.375
Arhgap25,0.26192159,0.424
Prokr1,0.21721612,-0.2
Aplf,0.2792505,0.213
1810020O05Rik,0.66792456,-0.082
Rpl3,0.40699634,0.242
Rab43,0.63092577,0.078
Isy1,0.60818171,0.087
Cnbp,0.91795997,0.016
Affy_10546086,0.65197112,-0.099
H1fx,0.41113837,-0.173
Rab7,0.11428357,-0.223
Dnajb8,0.15514118,-0.431
Affy_10546101,0.76867009,0.062
Eefsec,0.77558762,-0.04
Sec61a1,0.28941741,-0.244
Kbtbd12,0.70122198,-0.082
Kbtbd12,0.85199676,0.047
Abtb1,0.88404888,0.028
Podxl2,0.29198953,-0.197
Mcm2,0.56973929,0.123
Gm839,0.82106861,0.073
Plxna1,0.91481345,0.014
Chchd6,0.68371638,-0.082
Affy_10546227,0.40669272,-0.163
Affy_10546229,0.88756235,0.051
Vmn1r42,0.084857522,-0.281
Vmn1r43,0.4192086,0.14
Vmn1r45,0.51258516,-0.122
Vmn1r48,0.78406473,-0.066
Vmn1r49,0.003908687,-0.446
Vmn1r53,0.13668794,-0.618
Chst13,0.74600538,0.051
Ccdc37,0.81979541,-0.041
Iqsec1,0.69224603,-0.097
Rpl21,0.4745215,-0.071
Nup210,0.5948066,0.214
Gm7755,0.6927732,0.082
Wnt7a,0.99636853,-0.001
Chchd4,0.4373768,0.184
Xpc,0.49810639,0.11
Grip2,0.20414425,-0.285
Mrps25,0.29376688,0.2
Zfyve20,0.69893449,0.073
Trh,0.74788878,-0.084
Prickle2,0.86115743,-0.035
Adamts9,0.3742974,-0.171
Adamts9,0.73946841,-0.103
Adamts9,0.74666029,-0.081
Adamts9,0.29874357,0.375
Adamts9,0.66358329,-0.101
Adamts9,0.68367165,0.101
Magi1,0.99325584,-0.001
Affy_10546508,0.727755,0.101
Lrig1,0.59676143,0.095
Affy_10546533,0.4251283,-0.152
AY512915,0.87814088,-0.035
Suclg2,0.23780515,0.382
1700123L14Rik,0.82098761,-0.047
Fam19a4,0.20852782,0.227
A130022J15Rik,0.20770858,0.301
Tmf1,0.76455906,-0.044
Affy_10546604,0.76658524,0.094
Uba3,0.39691763,0.129
Lmod3,0.63017267,-0.109
Frmd4b,0.1159416,0.664
Affy_10546657,0.19123657,-0.174
Affy_10546659,0.80297242,-0.06
Foxp1,0.2967881,0.196
Eif4e3,0.746419,0.129
Prok2,0.34065346,-0.199
Tpt1,0.27574943,-0.089
Rybp,0.088745831,-0.459
Shq1,0.22216878,-0.237
Affy_10546723,0.18824192,-0.345
Pdzrn3,0.61681015,0.211
Cntn3,0.30494736,-0.18
Ddx3x,0.22525242,-0.222
Il5ra,0.76535012,0.053
Trnt1,0.33581674,-0.158
Sumf1,0.99109136,-0.002
Rpl36,0.41583915,-0.137
Itpr1,0.84924608,0.037
Ddx18,0.85748589,-0.028
Affy_10546807,0.95573351,-0.016
5031434C07Rik,0.044130703,-0.513
D630042P16Rik,0.42059318,-0.211
Oxtr,0.58201623,-0.158
Affy_10546832,0.30124877,-0.14
Rad18,0.71255647,0.081
Srgap3,0.30276258,-0.35
Srgap3,0.21345986,-0.543
Lhfpl4,0.41530672,-0.248
Affy_10546889,0.93523494,-0.022
Camk1,0.36532517,0.21
Tada3,0.36904329,-0.14
Rpusd3,0.9585963,-0.008
Cidec,0.22972562,1.54
Prrt3,0.33136083,-0.228
Tmem111,0.37279508,-0.141
4931417G12Rik,0.90837709,-0.02
Affy_10546960,0.93674237,-0.013
Ghrl,0.65318072,-0.113
Sec13,0.18215332,-0.218
Atp2b2,0.9298725,0.018
Vgll4,0.43923844,0.151
1500001M20Rik,0.9065474,0.018
Timp4,0.67420368,-0.148
2510049J12Rik,0.11939189,0.496
Raf1,0.61990978,0.05
Gm14335,0.2797144,0.324
Tmem40,0.99542673,-0.001
Rpl32,0.36992836,-0.106
Snora7a,0.98797038,0.004
BC060267,0.75790214,-0.065
Mbd4,0.22572269,-0.227
Plxnd1,0.89262123,-0.029
Tmcc1,0.58561818,-0.094
Rpl27a,0.83156625,-0.036
Alox5,0.42573085,0.168
Olfr215,0.61735698,-0.11
Zfp422,0.36101749,-0.182
Rassf4,0.13299472,-3.538
Tmem72,0.17205881,-0.254
Affy_10547200,0.83064889,0.05
Affy_10547202,0.66056705,-0.063
4933440N22Rik,0.14236184,-0.414
Fxyd4,0.56974048,0.106
Csgalnact2,0.80873531,0.043
Ret,0.43508007,-0.136
Bms1,0.8564017,0.031
Zfp248,0.38196885,-0.244
Zfp9,0.14358771,-0.481
Ankrd26,0.61048119,-0.072
Cacna1c,0.11428473,-0.215
Lrtm2,0.19182902,-0.312
Adipor2,0.19511337,0.601
Wnt5b,0.53083059,-0.132
Erc1,0.46072389,0.202
Erc1,0.7446647,0.072
Erc1,0.2592501,0.221
Wnk1,0.99495045,-0.001
Hsn2,0.96310304,0.011
B4galnt3,0.65722373,0.1
Ccdc77,0.39497674,0.162
Cecr6,0.52385198,-0.128
Cecr5,0.70973712,0.05
Atp6v1e1,0.82755464,0.035
Bid,0.2936461,-0.17
Mical3,0.63581868,-0.066
Mical3,0.83831345,0.034
Iqsec3,0.29113573,-0.264
Klrg1,0.84277906,0.039
Phc1,0.92282631,0.018
Rimk1b,0.76008186,0.068
Apobec1,0.45793809,0.298
Gdf3,0.61042647,0.102
Rpl15,0.079191039,-0.292
Slc2a3,0.98275178,0.004
Affy_10547655,0.057557434,-0.525
C3ar1,0.5858129,0.426
Gm5316,0.80631627,-0.043
Clec4e,0.49098951,-0.25
Clec4e,0.76907931,0.064
Vmn2r23,0.96253712,-0.007
Vmn2r22,0.76907931,0.064
Vmn2r22,0.76907931,0.064
Vmn2r22,0.4221625,-0.31
Vmn2r26,0.58515015,-0.107
Vmn2r-ps33,0.86935382,-0.035
Affy_10547693,0.47230541,0.131
Vmn2r27,0.50026535,0.081
1700013D24Rik,0.21608294,-0.239
Pex5,0.031530664,0.33
Clstn3,0.12543355,0.43
C1s,0.39146836,0.268
Gm5077,0.39166041,-0.126
Emg1,0.45988871,0.126
Mir141,0.074044972,-0.338
Mir200c,0.10940435,-0.376
Ptpn6,0.55732151,0.158
Grcc10,0.76555578,-0.057
Rnu7,0.11018332,-0.406
Atn1,0.62845476,0.076
Eno2,0.67431779,-0.089
Lrrc23,0.8434746,-0.032
Tpi1,0.70072495,-0.069
Usp5,0.1322278,0.302
Gnb3,0.59654976,-0.118
Leprel2,0.59213099,-0.062
Gpr162,0.008376228,-0.647
Cd4,0.006976407,-0.72
Lag3,0.11384198,-0.317
Ptms,0.57171894,-0.112
Rpl29,0.38490076,-0.184
Cops7a,0.22031369,-0.214
Gapdh,0.72999579,-0.05
Ncapd2,0.53709228,0.126
Tapbpl,0.46525905,-0.148
Cd27,0.61601526,-0.096
Affy_10547993,0.19950207,-0.218
Tuba3a,0.12440435,-0.316
Ltbr,0.56118274,-0.101
Plekhg6,0.035115367,0.413
Cd9,0.43649969,0.3
Ntf3,0.34793537,0.238
Gm10415,0.77723227,-0.047
Kcna5,0.095817678,-0.39
Kcna1,0.29139015,-0.215
Kcna6,0.95211257,-0.011
Ndufa9,0.51818101,0.181
Dyrk4,0.86056669,0.031
Rad51ap1,0.89618913,0.027
Tigar,0.081804165,-0.303
Ccnd2,0.89979563,0.028
Ccnd2,0.72366142,0.075
Prmt8,0.18326198,-0.248
Tspan9,0.38388165,0.25
Affy_10548139,0.82179483,0.022
Gm10010,0.61741626,-0.12
Gapdh,0.6643102,-0.063
Tead4,0.32726936,-0.166
Tulp3,0.57145525,-0.107
5930416I19Rik,0.61147957,-0.19
Itfg2,0.83413902,0.03
Fkbp4,0.51466832,0.164
Pzp,0.052145275,-0.196
Pzp,0.80350491,-0.065
Rpl21,0.46032363,-0.089
BC048546,0.47021733,0.205
Klrb1a,0.83275397,0.033
Clec2j,0.60292434,-0.159
4930431A04Rik,0.4023621,-0.153
Klrb1c,0.60965111,0.111
Klrb1b,0.73384626,0.067
Clec2e,0.93658216,-0.017
Cd69,0.97314876,-0.014
4922502D21Rik,0.18710626,-0.269
Klrk1,0.87846489,0.04
Clec12b,0.59944132,-0.111
Clec1a,0.53938152,0.115
Clec7a,0.48310332,0.462
Olr1,0.61814174,0.101
Klrc3,0.95431618,0.009
Klrc2,0.92571572,0.026
Klrc1,0.46368604,0.176
Klri1,0.74238103,-0.057
Klri2,0.24353288,0.166
Gm156,0.20489258,0.205
Klra17,0.42866937,0.128
Klra5,0.44548038,0.201
Klra1,0.50175876,0.063
Klra6,0.57905141,0.123
Klra8,0.63062719,0.079
LOC640965,0.23683851,0.396
Klra9,0.48216782,-0.11
Klra10,0.89766977,-0.021
Klra9,0.59839086,0.09
Klra3,0.56415156,-0.143
CH29-112O17.4,0.9381495,0.014
Gm6600,0.65773902,-0.108
Gm5581,0.86385666,-0.033
Klra2,0.14862643,0.756
Ptp4a1,0.8196024,0.064
Magohb,0.35044289,0.235
Styk1,0.84694094,-0.035
Csda,0.30965414,-0.177
Affy_10548598,0.15511783,-0.288
Hmgb1,0.57430521,0.096
Tas2r130,0.63710981,-0.075
Tas2r107,0.98041668,-0.004
Tas2r106,0.69367966,-0.058
Tas2r104,0.87339779,0.025
Tas2r105,0.16151345,-0.182
Tas2r114,0.27185406,-0.226
Affy_10548616,0.72192872,-0.132
Prb1,0.88245284,-0.026
Prb1,0.54813657,-0.117
Prpmp5,0.65960029,0.099
Prpmp5,0.25894486,-0.172
Affy_10548661,0.11725539,-0.425
Tas2r121,0.20246946,-0.224
Tas2r115,0.63726084,0.083
Tas2r136,0.52952287,0.113
Tas2r131,0.35581758,0.165
Tas2r109,0.21336238,0.197
Tas2r117,0.091176379,-0.294
Tas2r103,0.22363304,-0.166
Tas2r140,0.51879527,-0.13
Gm7039,0.72365822,0.1
Affy_10548681,0.93588255,-0.016
Gm6375,0.20781322,0.315
Gm5886,0.42160585,0.103
Kap,0.86979773,0.041
Affy_10548697,0.73410547,0.057
Affy_1058699,0.32992397,-0.264
Lrp6,0.32319233,-0.194
Lrp6,0.23734773,0.229
Mansc1,0.12775432,-0.565
Dusp16,0.92885558,-0.016
Gpr19,0.38332621,0.207
AK012387,0.20324465,-0.592
Gprc5d,0.71356101,-0.097
Hebp1,0.24918687,0.296
Gsg1,0.29885463,-0.216
Pbp2,0.77443061,-0.055
Dynlt1b,0.24511759,-0.454
Affy_10548788,0.58116661,-0.096
Grin2b,0.34848097,0.122
Grin2b,0.18686215,0.222
E330021D16Rik,0.93815769,0.013
Coq2,0.33888083,0.244
Plbd1,0.29652239,-0.354
Gucy2c,0.16823541,-0.53
Hist4h4,0.52313804,-0.109
Wbp11,0.63017726,-0.085
Smco3,0.75312928,-0.065
Art4,0.51306723,0.179
Mgp,0.980051,-0.011
Erp27,0.055150067,-0.391
Arhgdib,0.20242722,0.808
Rerg,0.16883829,0.279
Eps8,0.74652036,-0.076
Slc15a5,0.98026472,0.011
Lmo3,0.77436459,0.048
Igbp1b,0.12083953,-0.375
Rergl,0.80109962,0.047
Plcz1,0.52655756,-0.114
Affy_10548972,0.88308698,-0.037
Rpl38,0.75486298,0.07
Slco1a1,0.64837349,-0.595
Slco1a4,0.042317179,1.842
Gm6614,0.97240146,-0.008
Slco1a6,0.88863946,0.03
Slco1a5,0.90299135,0.021
Affy_10549055,0.3650122,0.173
Recql,0.49408845,0.13
Gys2,0.71300355,-0.096
Ldhb,0.92082089,0.036
Kcnj8,0.034424203,-0.433
Abcc9,0.93501198,-0.02
Gm766,0.13429391,-0.333
St8sia1,0.52143322,-0.134
5730419I09Rik,0.93193623,-0.019
Sox5,0.24560481,0.248
Gm10396,0.47326262,0.198
Bcat1,0.91099471,0.017
Casc1,0.14400568,-0.273
Kras,0.27374874,0.292
Ifltd1,0.5266609,0.096
Bhlhe41,0.4616228,-0.356
Itpr2,0.21066528,-0.259
4933424B01Rik,0.77913837,0.051
Tm7sf3,0.1047913,0.631
Rps26,0.89054208,-0.04
1700034J05Rik,0.37780475,-0.163
Gm5887,0.19964208,-0.342
Klhdc5,0.6972671,-0.082
Pthlh,0.56736345,-0.096
Gm6288,0.74546616,-0.061
Ergic2,0.015977273,-0.44
Tmtc1,0.25073524,-0.196
Gm6313,0.34328363,-0.2
Affy_10549445,0.88064648,0.03
Ipo8,0.95280599,-0.009
Caprin2,0.12640803,0.232
Rps29,0.33536489,0.164
Fam60a,0.33918419,-0.19
Dennd5b,0.5033289,0.227
Dennd5b,0.58927731,-0.089
U6_snRNA_Affy_10549530,0.076412896,0.632
Affy_10549532,0.33843519,-0.773
Affy_10549534,0.64159349,0.122
Amn1,0.72448132,-0.096
Gm10388,0.31996083,0.159
Ndufa3,0.90938749,0.027
Prpf31,0.560757,0.09
Cnot3,0.85305065,0.027
Tsen34,0.043659013,0.307
Rps9,0.16376991,0.316
Affy_10549592,0.50073415,0.171
Ttyh1,0.22040491,-0.269
Leng8,0.33367968,0.154
Cdc42ep5,0.48138208,-0.168
Lilra5,0.81099978,0.096
Affy_10549645,0.63469669,0.129
Ncr1,0.92528346,0.022
Atp6v0c,0.59079816,-0.08
Eps8l1,0.5392021,0.197
Brsk1,0.52621956,-0.115
Suv420h2,0.37440109,-0.164
Tmem190,0.96456775,0.007
Rpl28,0.49146653,-0.156
Affy_10549721,0.067402913,-0.384
Zfp628,0.65997368,0.089
Nat14,0.42856479,-0.162
A430110N23Rik,0.30915136,-0.234
Zfp524,0.88601208,0.031
Zfp865,0.22616825,0.22
Zfp784,0.48659983,0.103
Zfp580,0.1967573,-0.254
Ccdc106,0.58820068,-0.09
U2af2,0.33965139,0.172
Epn1,0.54417148,-0.092
Gm5065,0.17367033,-0.354
Vmn1r62,0.14915449,0.258
Rps18,0.41950073,-0.147
Nlrp4c,0.4284458,-0.146
Zfp444,0.94906991,-0.011
Galp,0.33406901,-0.22
Zscan5b,0.71945526,-0.079
Gm6792,0.56032527,-0.129
Zfp667,0.10547101,0.476
Zfp78,0.93089007,-0.015
Zfp28,0.1740134,0.284
Olfr1344,0.69289808,-0.076
Olfr1336,0.92030545,-0.031
Olfr1346,0.24163523,-0.23
Affy_10549873,0.71054259,-0.064
Olfr1350,0.32862285,-0.26
Affy_10549877,0.019757689,0.454
Usp29,0.66170646,0.067
Zfp264,0.19346577,-0.378
Aurkc,0.91309424,-0.018
Zfp418,0.19518151,0.294
Vmn2r37,0.010787053,0.29
Vmn2r43,0.27204412,0.226
Vmn2r43,0.14174916,0.244
Vmn2r51,0.016294898,0.368
Vmn2r33,0.21214073,0.2
Vmn2r50,0.50623707,-0.21
Vmn2r34,0.060395873,0.277
Vmn1r67,0.49907039,-0.132
Vmn1r70,0.42262301,-0.157
Nlrp4b,0.52898909,0.108
Gm5130,0.77665377,-0.053
Zscan4c,0.90227534,0.023
Affy_10549968,0.9825358,0.006
Zscan4c,0.80179803,0.048
Zscan4-ps2,0.98000215,0.006
Gm4157,0.48808348,0.108
Vmn1r73,0.96455614,-0.008
Vmn1r74,0.96623866,-0.009
Vmn1r75,0.012443645,-0.537
Vmn1r78,0.87998977,-0.027
Gm4741,0.67370274,-0.155
Vmn1r80,0.78701521,-0.069
Affy_10549994,0.49757681,-0.181
Vmn1r82,0.3802037,-0.166
Affy_10549998,0.16063505,-0.27
Zfp606,0.99369688,0.001
2900092C05Rik,0.65820708,-0.091
Psip1,0.79905003,-0.052
Gm6946,0.68186745,-0.157
Zfp110,0.22855934,0.307
Zfp128,0.46774274,-0.19
Zscan22,0.29283043,-0.212
Rps5,0.26472149,-0.195
2310014L17Rik,0.35228586,-0.252
Zfp324,0.43530935,-0.136
Zfp446,0.2134314,0.229
Trim28,0.1529266,-0.188
Wdr12,0.8005339,-0.047
Vmn1r89,0.58877917,-0.11
Lig1,0.45884348,-0.128
Pla2g4c,0.59459512,0.096
Cabp5,0.94009343,-0.014
Bsph1,0.47171697,0.104
Gm8007,0.94851918,0.015
Affy_10550163,0.59828327,-0.078
Affy_10550167,0.040814357,-0.555
Phf20,0.36345528,0.355
Phf20,0.61009126,-0.133
Gm4745,0.49632038,-0.208
Affy_10550179,0.54081044,-0.116
Affy_10550181,0.39110827,-0.358
Obox2,0.42433138,-0.107
Gm10679,0.80052548,-0.061
Gm3994,0.66766616,-0.086
Obox1,0.60516255,-0.085
Affy_10550200,0.35646035,0.333
Obox2,0.42433138,-0.107
Gm3994,0.60776844,-0.117
Obox5,0.28914687,0.234
Crxos1,0.11596653,0.456
Zfp541,0.63101758,0.098
Napa,0.76022503,-0.045
Kptn,0.79851829,0.079
Slc8a2,0.35487007,-0.208
Meis3,0.63899077,-0.089
Bbc3,0.43974895,-0.119
Zc3h4,0.7295051,0.042
Tmem160,0.38240779,-0.201
Rn5s,0.71876528,0.12
Ceacam9,0.10782648,-0.386
Ap2s1,0.71621558,-0.038
Slc1a5,0.77386952,0.072
Strn4,0.67440756,0.061
Prkd2,0.37257051,0.191
Dact3,0.60396578,-0.132
Gng8,0.41289132,-0.158
Ptgir,0.74063769,0.06
Pnmal2,0.95074162,0.016
Pnmal1,0.073435073,-0.393
Ccdc8,0.28902843,0.222
Psg16,0.080687381,-0.21
Ceacam3,0.37081598,-0.139
Psg29,0.46756362,-0.154
Psg-ps1,0.59188567,-0.122
Ceacam5,0.90370683,-0.015
Affy_10550451,0.13744635,-0.36
Ceacam14,0.22229808,-0.239
Gm5155,0.43090923,-0.188
Ceacam11,0.30859992,0.207
Ceacam13,0.65723647,-0.065
Ceacam12,0.56768276,-0.102
Igfl3,0.2484328,-0.182
Mill1,0.42031475,-0.205
Affy_10550494,0.93706998,-0.022
Psg22,0.73816653,-0.056
Mill2,0.39743991,-0.218
Pglyrp1,0.6991276,0.07
Nova2,0.99080377,0.003
Nanos2,0.94937186,0.014
Mypop,0.43255725,-0.15
Irf2bp1,0.20221846,-0.252
Sympk,0.2159362,0.16
Rsph6a,0.51182871,-0.152
Dmwd,0.081314675,0.383
Dmpk,0.60293603,0.125
Six5,0.80420587,-0.045
Fbxo46,0.24162578,-0.214
Snrpd2,0.58283173,0.103
Eml2,0.65856454,0.067
Mir330,0.1297382,-0.394
Gpr4,0.12600852,0.38
Opa3,0.14764762,0.275
Affy_10550636,0.48981897,0.147
Rtn2,0.28312512,-0.233
Ercc1,0.19525537,0.186
Ppp1r13l,0.90971148,0.018
Ercc2,0.25230029,0.138
Ckm,0.093723227,-0.307
Exoc3l2,0.41641843,-0.116
Trappc6a,0.39964745,0.202
Nkpd1,0.16034619,-0.307
Zfp296,0.50495205,0.165
Tomm40,0.5473584,-0.122
Rpl7a-ps8,0.25307408,0.283
Ceacam20,0.25425165,-0.263
Nlrp9b,0.2668888,0.167
Vmn1r148,0.84939807,0.035
Gm5891,0.85140978,-0.04
Vmn1r148,0.88681795,0.023
Vmn1r93,0.96866214,0.006
Vmn1r93,0.57910127,0.089
Gm5156,0.64635829,0.108
Affy_10550775,0.85140978,-0.04
Vmn1r132,0.80524978,0.033
Vmn1r148,0.73182938,-0.053
Vmn1r148,0.77277615,0.044
Nlrp4e,0.63833774,0.116
Nlrp5,0.64541776,0.103
Vmn1r177,0.60347886,0.097
Vmn1r170,0.49187456,0.117
Vmn1r171,0.25691952,-0.246
Vmn1r172,0.64638839,-0.084
Vmn1r174,0.36863945,-0.284
Vmn1r178,0.79484184,-0.064
Vmn1r179,0.47196621,-0.104
Vmn1r180,0.90266932,0.021
Vmn1r181,0.55608689,0.11
V1rd19,0.20450899,0.2
Vmn1r183,0.014126471,0.488
Zfp180,0.32464552,-0.246
Zfp112,0.29053779,-0.364
Zfp235,0.66384091,0.112
Zfp114,0.42910836,-0.186
Zfp108,0.16079779,0.369
Zfp93,0.48088422,0.196
Lypd5,0.32675502,-0.209
Kcnn4,0.89980956,0.033
1500002O20Rik,0.87895094,-0.028
Plaur,0.91168696,-0.021
Cadm4,0.87887236,0.046
Zfp428,0.15582236,-0.243
Irgq,0.98388166,0.004
Xrcc1,0.65837441,-0.064
Ethe1,0.84180575,-0.067
Phldb3,0.35521,-0.186
Phldb3,0.56961043,0.082
Phldb3,0.61817072,-0.115
Lypd3,0.22920907,-0.307
BC049730,0.97582757,-0.005
Ceacam10,0.99277741,-0.002
Gm5893,0.75492605,-0.08
Tmsb10,0.92070912,0.026
Dmrtc2,0.92922676,-0.019
Rps19,0.42075811,-0.136
Cd79a,0.31991761,0.331
Arhgef1,0.049540314,-0.219
Zfp574,0.83860082,0.034
D930028M14Rik,0.022796878,-0.588
Zfp526,0.21830197,-0.284
Gsk3a,0.33348215,-0.185
Cic,0.47829444,0.093
Prr19,0.78572701,-0.069
Tmem145,0.2337889,-0.214
Megf8,0.63038314,-0.094
Lipe,0.90435733,0.025
Gm4607,0.64831672,-0.106
Atp5sl,0.71103109,-0.075
B3gnt8,0.31038016,-0.211
Exosc5,0.33349723,-0.185
B9d2,0.88407902,0.024
Tgfb1,0.74869481,0.081
Affy_10551195,0.34297801,0.154
Cyp2b10,0.59478791,0.427
Affy_10551207,0.64293522,0.32
Cyp2b13,0.46881339,0.916
Rnf170,0.49033958,0.208
Cyp2b9,0.2984382,2.526
Cyp2a4,0.44976751,-0.538
Nlrp4a,0.55995814,0.077
Affy_10551250,0.66611885,0.226
Nlrp9a,0.16435661,-0.275
Cyp2b19,0.75787593,-0.08
Cyp2g1,0.079012567,-0.456
LOC100047728,0.44189759,-0.421
Cyp2a12,0.068263255,-0.444
Cyp2f2,0.23131995,-0.368
Cyp2t4,0.4885253,-0.166
Affy_10551314,0.72771814,0.09
Adck4,0.95835124,0.009
Numbl,0.007026066,-0.363
Blvrb,0.64127478,0.104
Sertad3,0.27932432,0.198
Sertad1,0.10944479,-0.346
Prx,0.77319123,-0.053
Hipk4,0.83971075,-0.048
2310022A10Rik,0.80084816,0.056
Akt2,0.2747133,-0.196
Ttc9b,0.51587343,-0.119
C030039L03Rik,0.94380553,-0.016
Zfp60,0.63521117,-0.097
Zfp59,0.75599879,0.045
Zfp60,0.10261378,0.504
4933426I21Rik,0.21271152,0.339
Zfp59,0.74388064,-0.043
Zfp607,0.28654556,-0.359
Fcgbp,0.43754942,-0.141
Affy_10551462,0.36565076,-0.223
Fbl,0.28329422,-0.209
Dyrk1b,0.84049699,-0.031
Eid2,0.37174766,-0.192
Eid2b,0.33950111,0.236
Rps16,0.1912893,-0.193
Paf1,0.25211208,0.15
Gmfg,0.43029552,0.215
Lrfn1,0.75989284,-0.075
Il28b,0.96786839,-0.013
Affy_10551529,0.98705216,0.004
Sycn,0.041165192,-0.922
Fbxo27,0.23837215,-0.252
Fbxo17,0.23729072,-0.215
Sars2,0.55784162,-0.104
Sirt2,0.48880705,-0.096
Rinl,0.66664274,-0.078
Hnrnpl,0.89143808,-0.028
Ech1,0.98498119,-0.004
Lgals4,0.70037049,-0.158
Lgals7,0.25924243,-0.267
Capn12,0.36262291,-0.179
Map4k1,0.12047788,-0.331
Rasgrp4,0.92001811,0.021
Affy_10551714,0.82751313,-0.045
Ggn,0.23984484,-0.254
Yif1b,0.39738431,-0.179
Affy_10551734,0.54747537,-0.162
Ppp1r14a,0.093478777,-0.327
Dpf1,0.39076522,-0.135
4932431P20Rik,0.16107568,-0.343
4932431P20Rik,0.69458209,-0.078
4930432E11Rik,0.4072414,-0.251
6330444E15Rik,0.91117415,-0.022
Zfp84,0.5650847,-0.129
Zfp30,0.089515262,-0.832
Zfp790,0.11304224,-0.326
Zfp420,0.08814071,0.61
C230062I16Rik,0.12159035,-0.388
Zfp568,0.05322096,-0.289
Zfp260,0.32470286,0.215
Zfp382,0.50316889,-0.116
Gm5113,0.29540178,0.223
Cox7a1,0.33170614,0.318
Polr2i,0.858065,0.034
Wdr62,0.82056007,0.049
Clip3,0.37763219,-0.156
Alkbh6,0.69190446,-0.087
AI428936,0.17204716,0.243
Sdhaf1,0.95463802,0.014
Tyrobp,0.19259418,0.694
Nfkbid,0.92102592,0.014
Nphs1,0.22305861,-0.291
Nphs1,0.24348333,-0.257
Prodh2,0.16614103,0.737
Gm1082,0.7711717,-0.06
Hspb6,0.19552976,0.812
U2af1l4,0.7664733,0.053
U2af1l4,0.41903648,-0.142
Tmem149,0.39250162,-0.145
Affy_10551996,0.59440676,-0.123
Affy_10551998,0.56799617,-0.634
2200002J24Rik,0.41900699,0.169
Gm4883,0.025828618,-0.407
Atp4a,0.26897186,0.266
Gapdhs,0.201825,0.567
Sbsn,0.67940559,0.074
Dmkn,0.028235511,-0.38
Krtdap,0.20566268,-0.235
Fam187b,0.096458856,0.358
Lgi4,0.15704704,-0.217
Gm10640,0.55926904,-0.132
Abpe,0.39516147,0.158
Abpe,0.22554905,-0.14
Gm6669,0.85499051,-0.029
Gm4398,0.22685803,0.285
Affy_10552102,0.71626542,0.064
Gm5116,0.78416029,-0.057
Gm4398,0.30101591,0.244
Gm4398,0.30101591,0.244
Gm5731,0.45564405,-0.141
Affy_10552112,0.97068975,-0.008
Gm12759,0.38842008,0.164
LOC100044517,0.81431919,0.063
Abpa,0.1718541,-0.245
Pepd,0.53798529,-0.13
Cebpa,0.97042328,0.012
Slc7a10,0.47344973,-0.125
Rhpn2,0.23656638,0.259
Ccdc123,0.36580686,0.155
Slc7a9,0.64138265,-0.124
Nudt19,0.14097346,0.346
Ankrd27,0.90969587,-0.023
Zfp507,0.055488181,-0.485
Rpl17,0.83672441,0.022
Tshz3,0.59364726,-0.086
Gm6795,0.78069953,0.072
1600014C10Rik,0.53832243,-0.108
Affy_10552258,0.26649572,0.424
Affy_10552260,0.17732871,-0.326
Affy_10552262,0.30450195,0.226
9430025M13Rik,0.25614642,0.224
Zfp619,0.82612791,-0.048
Ube2h,0.77219189,0.045
Affy_10552282,0.35031792,0.198
Pin4,0.92953915,0.016
Affy_10552286,0.9810584,0.003
Vstm2b,0.16157691,-0.216
4930433I11Rik,0.53826097,-0.137
Gm4884,0.65676128,-0.154
Gm5592,0.088193882,-0.572
Gm9246,0.83811348,0.041
Gm15470,0.43985145,0.191
Zfp141,0.36731188,-0.219
Zfp788,0.47922211,-0.368
Gprc2a-rs5,0.73432712,0.054
Vmn2r60,0.92437231,-0.016
Hmg1l1,0.69911521,0.056
Vmn2r60,0.63694012,-0.128
Vmn2r60,0.13671464,-0.172
Affy_10552343,0.50977429,-0.114
Affy_10552345,0.68006442,-0.103
Affy_10552348,0.52504932,-0.136
Affy_10552351,0.021584967,-0.54
Affy_10552353,0.42885528,0.827
Gm10351,0.69365933,0.068
Gm10351,0.30281966,0.374
C330019L16Rik,0.26749684,0.37
Siglec5,0.078841124,-0.377
Siglecg,0.37548082,-0.162
Lim2,0.4601062,-0.165
Nkg7,0.35573325,0.265
Cldnd2,0.15385578,-0.331
Etfb,0.34887378,-0.145
Vsig10l,0.36281031,-0.246
Zfp658,0.66592641,-0.105
Zfp719,0.50189305,-0.153
Zfp819,0.9763219,0.007
Ceacam18,0.28551894,-0.262
Ctu1,0.29342677,0.194
Klk14,0.74924703,-0.067
Klk13,0.96294432,0.008
Klk12,0.50816642,-0.133
Klk11,0.97387178,0.005
Klk10,0.71837461,0.068
Klk9,0.84570412,-0.052
Klk8,0.20072861,-0.223
Klk7,0.63060221,-0.103
Klk6,0.081037423,-0.262
Klk5,0.72378733,-0.077
Klk4,0.83661129,0.059
Klk15,0.72980558,-0.075
Klk1,0.27934584,0.465
1700127D06Rik,0.48632479,0.262
Klk1b8,0.2087543,-0.357
Klk1b1,0.24933757,-0.317
Klk1b9,0.89303167,0.03
Klk1b11,0.90718833,-0.044
Klk1b26,0.64724958,-0.114
Klk1b27,0.49375307,0.143
Klk1b21,0.21620962,0.31
Klk1b22,0.46283315,-0.185
Klk1b16,0.34634829,-0.179
Klk1b24,0.87688592,-0.048
Klk1b3,0.35117696,0.241
Klk1b4,0.086829447,1.978
Klk1b5,0.7647191,0.082
2410002F23Rik,0.11310063,0.506
Shank1,0.15369822,-0.257
Syt3,0.26081797,0.298
Lrrc4b,0.20330758,-0.285
Aspdh,0.1820649,0.366
Josd2,0.073733764,0.713
Fam71e1,0.2570493,-0.35
Napsa,0.34126949,0.178
Kcnc3,0.074179931,-0.384
2310016G11Rik,0.54257213,-0.124
Izumo2,0.31019032,0.2
Vrk3,0.55010889,0.088
Nup62,0.14749389,0.319
Il4i1,0.4557793,-0.186
Akt1s1,0.47911367,0.112
mir-707,0.30151089,-0.263
Pnkp,0.70804882,0.061
Fuz,0.83446965,0.024
Tsks,0.4313097,-0.15
Irf3,0.23728904,0.198
Rras,0.94363061,-0.022
Nosip,0.64790057,0.062
mir-150,0.20923689,-0.369
Pih1d1,0.10206392,0.235
Slc17a7,0.27549205,-0.149
Pth2,0.081017279,-0.433
Tead2,0.70527612,-0.075
Slc6a16,0.92824689,0.027
Affy_10552902,0.73996963,-0.082
1700039E15Rik,0.88369105,0.031
1700039E15Rik,0.20560044,-0.206
Hrc,0.074623701,-0.266
Mtag2,0.15884215,-0.344
Kcna7,0.89881667,0.023
Ntf4,0.18739224,-0.274
Lhb,0.25105273,-0.292
Gys1,0.60032482,0.075
Ftl1,0.85020588,-0.044
Tulp2,0.78573165,-0.05
Plekha4,0.52240546,-0.101
Hsd17b14,0.37651885,-0.189
Bcat2,0.15812547,0.351
Fut1,0.41723121,-0.142
Izumo1,0.59594896,-0.099
Rasip1,0.9537121,0.01
Mamstr,0.311476,-0.191
Ntn5,0.71820671,-0.061
Car11,0.034712138,-0.737
Dbp,0.15759388,-1.028
Rpl18,0.33888815,-0.14
Fam83e,0.74370211,-0.065
Lmtk3,0.46804307,-0.17
Kdelr1,0.44693413,-0.165
Tmem143,0.36176424,0.165
Ccdc114,0.14413253,-0.258
Nomo1,0.78837379,0.051
Gm9860,0.16056937,-0.309
Otog,0.94164231,0.013
Myod1,0.9263941,0.025
Kcnc1,0.31799639,-0.228
Saa2,0.19257474,2.198
Gtf2h1,0.78052873,-0.05
Ifitm2,0.66130142,0.1
Ldha,0.98266009,0.005
Ldhc,0.42611259,-0.16
Gm9999,0.32620584,-0.185
Tmem86a,0.28300639,0.318
Mrgprb13,0.61424944,-0.113
Mrgprb8,0.71874012,-0.042
Zdhhc13,0.50433583,0.168
Nav2,0.89425923,0.027
Affy_10553399,0.13264401,-0.411
F830223B06Rik,0.52739208,-0.131
Htatip2,0.17581974,0.403
Prmt3,0.3188312,0.164
Slc6a5,0.77072413,-0.046
Nell1,0.80318273,0.042
4933405O20Rik,0.70530363,0.077
4933405O20Rik,0.8144322,-0.051
Rps27a,0.74124996,0.064
Ano5,0.93153633,-0.014
Slc17a6,0.54576572,0.127
Gapdh,0.7269822,-0.051
Gas2,0.93056139,-0.034
Gm6181,0.75429284,-0.148
Luzp2,0.61538563,0.081
Affy_10553555,0.94171566,0.015
Affy_10553557,0.91697865,0.013
Siglech,0.62597485,-0.113
Tubgcp5,0.17370635,0.355
Cyfip1,0.24720881,0.239
Nipa1,0.73118467,-0.078
Affy_10553644,0.79570072,-0.061
Herc2,0.45155825,0.096
Affy_10553741,0.97033953,-0.008
Oca2,0.042939971,-0.307
Gabra5,0.69564973,0.078
Gabrb3,0.08556321,-0.832
Affy_10553786,0.42199341,-0.092
Atp10a,0.65316049,-0.082
Affy_10553811,0.85988495,-0.039
Ube3a,0.79572361,0.049
Gm7367,0.065308554,-0.295
Gm7367,0.065308554,-0.295
Ndn,0.158755,-0.356
Magel2,0.37281229,-0.201
Atp5l,0.294027,0.234
Otud7a,0.074795509,-0.452
Hmgb1,0.51335801,0.104
Affy_10553859,0.95992522,-0.055
Trpm1,0.56667109,-0.09
Mir211,0.3170668,-0.24
Mtmr10,0.64027498,-0.102
Mcee,0.56190506,0.077
Apba2,0.19290546,-0.307
Tarsl2,0.031514664,0.439
Tm2d3,0.49674289,0.135
Affy_10553965,0.24702336,0.221
Pcsk6,0.65658534,-0.133
Snrpa1,0.26935039,-0.422
H47,0.17635366,0.293
Chsy1,0.06385677,-0.416
Lins,0.27195686,0.17
Gm10623,0.69126541,-0.061
Lass3,0.9330773,0.014
Adamts17,0.00960073,-0.515
Adamts17,0.15434668,-0.276
Gm10622,0.56471637,-0.108
Adamts17,0.48600696,-0.146
Adamts17,0.05715362,-0.575
Adamts17,0.49156194,-0.165
Lysmd4,0.7993263,0.037
Ttc23,0.62402277,0.134
Igf1r,0.38031985,-0.178
Fam169b,0.036634071,0.61
Gm5334,0.73401211,0.087
B130024G19Rik,0.57895413,0.128
Zic4,0.58768895,0.118
C12orf41,0.36895185,0.16
Rgma,0.62547399,-0.116
Fam174b,0.6199309,0.095
Gm10618,0.18614014,-0.271
Affy_10554162,0.69804854,-0.139
Affy_10554164,0.43890547,0.193
Akap13,0.86192836,-0.026
Klhl25,0.46290792,-0.141
Agbl1,0.038135368,-0.526
Gm9885,0.5048741,0.105
Mrps11,0.14509332,0.238
mir-7a-2,0.95207526,0.016
Aen,0.34050783,-0.164
Isg20,0.12059102,0.345
Acan,0.89289669,0.031
Abhd2,0.75468055,-0.235
Fanci,0.23221726,0.208
Gm10616,0.36268281,-0.236
mir-9-3,0.32539415,-0.208
5730590G19Rik,0.25215245,-0.169
Kif7,0.27953412,-0.287
Wdr93,0.44790621,-0.199
Mesp2,0.28853672,-0.232
Zfp710,0.68590356,0.084
Sema4b,0.42904251,-0.202
D330012F22Rik,0.93827052,0.027
Ttll13,0.082479687,-0.394
Ngrn,0.46164511,-0.232
Vps33b,0.86684551,0.036
Prc1,0.33506644,0.261
Hddc3,0.083283391,-1.106
Hddc3,0.35679027,-0.15
Zscan2,0.88845597,0.023
Zfp592,0.96809651,0.006
Alpk3,0.82536701,-0.048
Slc28a1,0.60557399,-0.116
Pde8a,0.11819427,0.295
Affy_10554545,0.88142253,-0.044
mir-1839,0.93936343,-0.022
Whamm,0.13372004,-0.299
Fam103a1,0.6478581,0.092
Tm6sf1,0.55673001,0.239
4833418N17Rik,0.43433982,-0.164
Sh3gl3,0.20588568,-0.226
Adamtsl3,0.50445563,-0.134
Eftud1,0.088889021,0.207
1700010L04Rik,0.78362626,-0.053
Mex3b,0.72473474,-0.086
A530021J07Rik,0.8286936,-0.041
Gm7957,0.90754733,-0.034
Tmc3,0.49735613,0.248
Stard5,0.12727895,-0.307
Hnrnpk,0.38312313,-0.092
Mesdc2,0.88276938,-0.026
Affy_10554710,0.054686004,0.463
2610206C17Rik,0.41917963,-0.174
Olfr291,0.17589737,0.241
Olfr290,0.51921487,0.087
Vmn2r71,0.6286871,-0.114
Olfr301,0.13665762,0.249
Affy_10554723,0.46415504,0.207
Olfr299,0.73486788,-0.081
Olfr297,0.4394364,-0.12
Olfr295,0.43236309,-0.137
Olfr293,0.64643931,-0.15
Olfr292,0.64569211,-0.08
Vmn2r77,0.511558,0.127
Affy_10554743,0.11111828,0.616
Vmn2r78,0.76417607,0.086
Vmn2r79,0.65708858,-0.09
Nox4,0.93426981,-0.04
Grm5,0.42506688,-0.173
Ctsc,0.10384292,0.84
Rab38,0.52448678,-0.141
Fzd4,0.092125705,0.396
Prss23,0.64137295,0.105
Gapdh,0.89298,0.022
Me3,0.74660665,-0.064
Eed,0.73968208,-0.068
Picalm,0.23732724,0.219
Sytl2,0.36257696,0.12
Ccdc89,0.34889338,-0.226
Crebzf,0.73506468,0.08
Dlg2,0.51633873,-0.084
Ccdc90b,0.24636703,0.266
Rab30,0.77401499,-0.168
Prcp,0.8080015,0.095
Gm10607,0.67016472,0.096
Fam181b,0.44446126,-0.182
Gm5899,0.69107697,-0.081
Affy_10554965,0.47727116,0.159
Gm9966,0.26053818,-0.264
Odz4,0.092220923,-0.42
Affy_10555007,0.058304471,-0.55
mir-708,0.42918504,-0.168
Nars2,0.5600399,-0.157
Gab2,0.87343302,-0.045
Kctd21,0.077581618,0.524
Alg8,0.24757818,0.452
Ndufc2,0.62841595,0.14
Kctd14,0.58312139,-0.107
Ints4,0.15653046,0.24
Affy_10555087,0.56240999,0.143
Rsf1,0.083299094,0.342
Clns1a,0.13139568,0.63
Gm9990,0.3605591,0.313
Pak1,0.51506358,0.164
Gdpd4,0.21894704,-0.224
Gucy2d,0.78906256,-0.078
Lrrc32,0.21762458,0.232
Affy_10555177,0.77937712,-0.064
Prkrir,0.25066751,0.252
Wnt11,0.21313617,-0.224
Mtap6,0.44265491,-0.181
Gdpd5,0.88233869,-0.037
Klhl35,0.28596278,-0.25
Affy_10555233,0.8419519,0.077
Arrb1,0.89720055,0.048
Mir326,0.61787928,-0.144
Gm10605,0.34902781,-0.198
Olfr520,0.62387558,-0.098
Olfr521,0.77240101,-0.084
Xrra1,0.40875726,-0.126
Chrdl2,0.70503139,-0.085
Lipt2,0.58981978,-0.093
Kcne3,0.40838205,0.2
Pgm2l1,0.13123982,0.379
P4ha3,0.26716194,-0.211
C2cd3,0.81216455,0.034
Ucp3,0.41966667,-0.154
Ucp2,0.83334812,-0.199
Affy_10555401,0.6431185,-0.1
Chchd8,0.45920891,-0.114
Rab6,0.64736928,-0.064
Fam168a,0.47451934,-0.239
Fchsd2,0.5265259,-0.135
Stard10,0.1504738,-0.151
Arap1,0.39518941,0.117
Pde2a,0.16824986,0.273
Mir139,0.25146269,-0.216
Clpb,0.45410817,0.146
Rpl31,0.16188671,0.319
Phox2a,0.099330849,-0.401
Inppl1,0.73590964,0.09
3200002M19Rik,0.95007917,-0.022
2400001E08Rik,0.9083223,0.033
Numa1,0.28258174,0.137
Trpc2,0.79403189,0.05
Art1,0.93677021,-0.019
Pgap2,0.32860042,-0.19
Stim1,0.3490768,-0.118
Rrm1,0.15157441,0.394
Olfr547,0.10002912,-0.282
Affy_10555718,0.027365349,-0.884
Olfr549,0.24028674,-0.205
Olfr550,0.70619379,-0.079
Olfr552,0.6579486,-0.091
Olfr554,0.5721531,-0.118
Olfr555,0.17388135,-0.238
Olfr556,0.15860319,-0.232
Olfr557,0.34580324,0.144
Olfr558,0.55417718,-0.098
Olfr561,0.52003286,-0.101
Olfr564,0.27700096,-0.159
Olfr568,0.27569183,-0.219
Olfr570,0.90679064,0.018
Olfr572,0.78751415,0.053
Olfr574,0.88230778,-0.022
Olfr576,0.43743528,-0.129
Olfr582,0.47591113,0.141
Olfr566,0.55011732,-0.092
Olfr584,0.02664941,-0.439
Olfr585,0.23373046,0.199
Affy_10555766,0.39454233,-0.154
Affy_10555769,0.52297303,-0.12
Olfr592,0.74671736,-0.062
Olfr593,0.79678672,0.051
Olfr594,0.55310083,-0.171
Affy_10555777,0.55628717,-0.128
Affy_10555779,0.24708272,-0.154
Olfr603,0.41539718,-0.13
Olfr597,0.32935661,-0.195
Olfr598,0.22913503,-0.324
Olfr599,0.64852308,-0.102
Usp17l5,0.596962,-0.126
Olfr606,0.7710317,0.063
Olfr608,0.59495427,-0.107
Olfr613,0.52989926,0.092
Olfr615,0.90251543,-0.021
Olfr617,0.60889397,0.097
Olfr618,0.41315462,-0.138
Olfr619,0.68887189,-0.048
Olfr617,0.022945495,-0.256
Olfr243,0.82968315,-0.059
Olfr628,0.056767502,0.359
Affy_10555818,0.80912029,-0.055
Olfr65,0.63688316,-0.07
Olfr631,0.72534355,-0.06
Olfr632,0.82523236,-0.055
Olfr633,0.22816397,-0.229
Affy_10555836,0.36332238,-0.174
Olfr635,0.096925356,-0.482
Olfr638,0.75250644,-0.064
Olfr641,0.23884117,0.221
Olfr646,0.97350206,0.008
Affy_10555846,0.29442593,-0.236
Trim6,0.12445554,-0.596
Trim34,0.4348577,-0.198
Olfr651,0.65339501,-0.098
Olfr652,0.25795842,-0.242
Olfr653,0.56662351,-0.127
Olfr654,0.13383194,-0.34
Olfr656,0.77100701,0.079
Olfr657,0.28484991,-0.161
Olfr659,0.51997787,0.128
Affy_10555885,0.45225546,-0.136
Olfr661,0.70149506,-0.067
Olfr663,0.74588539,-0.103
Twf1,0.19862299,0.234
Dub1,0.74543956,-0.091
Olfr665,0.4466561,-0.132
Olfr669,0.30940236,0.184
Olfr676,0.49628318,-0.13
Olfr677,0.55653488,-0.088
Olfr678,0.88539203,-0.033
Olfr678,0.83411483,-0.038
Olfr681,0.32657349,-0.151
Olfr688,0.14456044,-0.225
Olfr688,0.45828752,0.143
Olfr689,0.77463807,0.05
Olfr692,0.89818273,-0.026
Gm5901,0.047497537,-0.455
Cnga4,0.33948478,-0.21
Cckbr,0.45138738,-0.169
Smpd1,0.80301929,0.039
Fxc1,0.666418,0.055
Ilk,0.22371839,0.187
LTR_Affy_10556018,0.021140029,-1.26
Olfr701,0.19292704,-0.346
Olfr703,0.067105994,-0.47
Olfr704,0.40235916,-0.19
Olfr707,0.12090424,-0.314
Olfr713,0.38491141,-0.135
Olfr714,0.77980623,-0.084
Olfr17,0.14508529,-0.27
Olfr716,0.17062133,0.27
Nlrp14,0.82644839,0.035
Rbmxl2,0.60158631,-0.153
Gm15514,0.64655499,-0.076
Syt9,0.37427256,-0.157
Olfml1,0.26267646,0.458
Ppfibp2,0.40187204,0.164
Olfr467,0.34407585,-0.174
Rbm3,0.84807614,-0.074
Olfr472,0.63722012,0.085
Olfr473,0.47612369,0.138
Olfr474,0.19942985,-0.2
Olfr476,0.64451581,-0.111
Olfr477,0.98078036,0.004
Gm6702,0.72260068,0.056
Olfr479,0.13416424,-0.388
Olfr481,0.79052473,0.045
Olfr483,0.43580472,-0.144
Styx,0.94062158,0.019
Affy_10556135,0.50037365,-0.172
Olfr491,0.93511144,-0.012
Olfr494,0.80638155,-0.059
Olfr495,0.9941681,-0.002
Olfr497,0.74354917,0.054
Olfr498,0.19757267,-0.341
Affy_10556147,0.6674493,0.081
Olfr503,0.094693358,-0.308
Affy_10556151,0.51663493,0.165
Olfr506,0.83947392,0.034
Olfr507,0.13956904,-0.188
Olfr508,0.47363134,-0.177
Olfr510,0.56257674,-0.105
Olfr512,0.24182529,-0.212
Olfr513,0.59969599,-0.109
Affy_10556167,0.46719904,-0.155
Eif3f,0.62455271,-0.067
Tub,0.32702198,-0.21
Rpl27a,0.88798983,-0.022
Snora3,0.85461793,0.102
D930014E17Rik,0.63370925,0.165
Affy_10556214,0.91618316,-0.02
Ipo7,0.69620165,0.062
Affy_10556242,0.41259684,-0.207
Ipo7,0.8961378,-0.041
Zfp143,0.61860847,0.087
Wee1,0.55400536,-0.276
Swap70,0.58023613,0.088
Gm9132,0.64119888,0.105
Adm,0.25517285,0.265
Ampd3,0.69431179,-0.084
Ctr9,0.33381092,0.126
Usp47,0.69717761,-0.049
Mical2,0.91673418,0.021
Micalcl,0.12932734,-0.49
Parva,0.46031825,-0.183
Tead1,0.18112658,0.763
Tead1,0.22297679,0.726
Rassf10,0.92941968,0.022
Arntl,0.093427619,0.864
A630005I04Rik,0.076602531,0.785
Far1,0.28863933,0.264
Spon1,0.76096473,0.066
Pde3b,0.23437014,0.257
Calcb,0.42793983,-0.175
Insc,0.40742207,0.208
Rpl19,0.90086433,0.014
1110006G14Rik,0.072003407,-0.561
1110004F10Rik,0.99655297,-0.001
Gm10589,0.3870929,-0.222
Nucb2,0.14800973,0.393
Xylt1,0.68308689,0.079
Affy_10556611,0.11415619,0.309
4930583K01Rik,0.27259417,-0.267
Tmc5,0.015990797,-1.434
6330503K22Rik,0.17151929,0.319
9030624J02Rik,0.13765333,0.211
Iqck,0.4307141,-0.136
Acsm5,0.2910419,-0.275
Acsm2,0.058407457,-0.385
Acsm1,0.88528146,-0.038
Acsm4,0.37003647,-0.257
Ppp1cc,1,0
Acsm3,0.31360342,0.536
2610020H08Rik,0.16332191,0.286
Lyrm1,0.33987369,0.167
Tmem159,0.88660223,0.04
Anks4b,0.44934915,0.184
Abca14,0.66864697,0.093
Abca15,0.89109157,-0.029
Abca16,0.6472881,0.07
Gm16475,0.07874735,-0.376
E130201H02Rik,0.69052089,-0.103
Uqcrc2,0.66621525,-0.054
BC030336,0.42021018,0.129
Vwa3a,0.90805392,0.023
Gm5737,0.99545449,-0.001
Eef2k,0.70882449,-0.066
Eef2k,0.6908436,-0.086
Polr3e,0.42345959,0.122
Polr3e,0.72198455,-0.089
4933427G17Rik,0.29493691,-0.242
Mettl9,0.35888448,0.185
Otoa,0.99603964,-0.001
Hs3st2,0.26177574,-0.29
1700069B07Rik,0.64035244,0.079
Scnn1g,0.61564033,0.071
Scnn1b,0.62888169,-0.074
Ubfd1,0.86261913,-0.031
Dctn5,0.20571321,0.168
Plk1,0.70706739,-0.12
2010110P09Rik,0.64883982,-0.105
Affy_10557175,0.87734529,0.067
Prkcb,0.32620859,0.529
Acp1,0.60629328,-0.095
Cacng3,0.8971731,-0.025
Rbbp6,0.37299713,-0.157
Rbbp6,0.27532584,0.321
Rbbp6,0.78737255,0.048
LOC100134980,0.10304359,-0.254
Gm6905,0.75710188,0.128
Tnrc6a,0.83301227,-0.044
Slc5a11,0.89027529,-0.032
Lcmt1,0.51868469,0.081
Aqp8,0.99765139,0.002
Hs3st4,0.32218086,-0.312
Gm16496,0.76614095,-0.081
4930533L02Rik,0.40345048,-0.234
4930571K23Rik,0.38279265,-0.181
Jmjd5,0.84369155,0.032
Il4ra,0.79942254,0.052
Il21r,0.49033124,-0.157
Kiaa0556,0.63744545,0.106
Kiaa0556,0.87946553,-0.042
Kiaa0556,0.12236258,0.343
Kiaa0556,0.71826841,0.063
Kiaa0556,0.72833244,0.05
Kiaa0556,0.12593334,-0.34
Kiaa0556,0.6603172,0.052
Kiaa0556,0.7056673,0.061
Kiaa0556,0.52815827,0.128
Sbk1,0.47629559,0.166
Rabep2,0.32702205,-0.14
Tufm,0.62154355,0.093
Eif3c,0.93874986,0.016
Apob48r,0.92170627,-0.022
Ccdc101,0.27561606,0.185
Bola2,0.92241154,0.015
Affy_10557455,0.14919371,-0.344
Mapk3,0.34491261,0.173
Gdpd3,0.11813738,-0.254
Ypel3,0.9206616,-0.016
Tbx6,0.28944976,-0.202
Fam57b,0.54139001,0.115
Doc2a,0.073268427,-0.438
Hirip3,0.74544139,0.067
Kctd13,0.6490945,-0.111
Sez6l2,0.55045933,-0.089
Cdipt,0.91417501,-0.019
AI467606,0.77327128,-0.052
Mylpf,0.34100832,-0.219
Zfp553,0.63095162,-0.093
Zfp771,0.080678451,-0.314
Itgal,0.2016759,0.706
LOC100048345,0.34407827,-0.208
Smt3h2-ps2,0.73841464,-0.05
Zfp689,0.35428101,0.154
Prr14,0.70012127,0.044
Fbrs,0.79572992,-0.047
Srcap,0.9719576,0.005
Snora30,0.93468584,0.02
Phkg2,0.84199614,-0.042
Rnf40,0.25574348,0.163
Ctf1,0.77077416,0.042
Fbxl19,0.57501679,-0.1
Orai3,0.58789295,0.082
Setd1a,0.54714177,0.119
Affy_10557780,0.84064464,-0.041
Hsd3b7,0.74699455,0.052
Stx4a,0.059506957,0.341
Affy_10557806,0.40028335,-0.204
Zfp646,0.75737586,-0.049
Bckdk,0.35497234,0.125
Kat8,0.32464377,0.18
Fus,0.99242921,-0.003
B230325K18Rik,0.38021334,0.246
Trim72,0.48691472,-0.133
Itgam,0.91891915,0.064
Itgax,0.14095858,0.428
Itgad,0.92519197,0.027
Itgad,0.15503331,-0.301
Armc5,0.14874535,0.17
Tgfb1i1,0.25596188,-0.204
Slc5a2,0.85459255,0.035
Bag3,0.5105515,-0.215
Inpp5f,0.60311318,-0.097
Sec23ip,0.12422485,-0.251
Ppapdc1a,0.90393634,0.019
Wdr11,0.47006138,0.085
Affy_10558088,0.98066287,-0.005
Tacc2,0.80621215,-0.056
Btbd16,0.35392001,-0.223
Plekha1,0.99581156,0.002
Htra1,0.58849299,-0.129
Dmbt1,0.092505835,1.294
5430419D17Rik,0.33095849,-0.161
Fam24a,0.42808751,-0.145
Pstk,0.59649918,-0.068
Acadsb,0.25420632,-0.263
Hmx3,0.20723432,-0.276
Hmx2,0.32928482,-0.265
Bub3,0.17322239,0.244
Gpr26,0.22998792,-0.251
Affy_10558263,0.27579756,-0.203
Lhpp,0.27809501,0.593
Fam175b,0.062658969,0.238
Zranb1,0.24939333,-0.222
Zranb1,0.22630995,0.423
2700050L05Rik,0.3495072,-0.145
Bccip,0.82336797,-0.043
Fank1,0.79004571,-0.06
Dock1,0.80933962,-0.045
5430417C01Rik,0.34498529,0.242
Nps,0.25924936,-0.237
4930544L04Rik,0.7545306,-0.065
Foxi2,0.17636681,-0.26
Ptpre,0.99684135,0.001
BC005624,0.61291121,0.107
Phgdh,0.36182653,-0.176
Mgmt,0.27266218,0.377
Gm10578,0.16118794,-0.359
Glrx3,0.99095545,-0.005
Ppp2r2d,0.60513769,0.126
Jakmip3,0.081459489,-0.386
Dpysl4,0.082906003,-0.34
Lrrc27,0.63229693,-0.106
Pwwp2b,0.26397056,0.166
Inpp5a,0.77126644,-0.039
Affy_10558533,0.32451531,-0.207
Gpr123,0.086036406,-0.406
Kndc1,0.44165892,-0.183
Utf1,0.96756439,-0.008
Zfp511,0.10227314,-0.251
Prap1,0.32059991,-0.215
Paox,0.55559938,0.2
Mtg1,0.7177999,-0.086
Olfr523,0.20123401,-0.266
Cd163l1,0.87551653,-0.032
5830411N06Rik,0.42027914,-0.174
Olfr525,0.43355282,-0.143
Olfr527,0.31817314,-0.28
Olfr533,0.46407142,-0.178
Olfr535,0.061717571,-0.374
Olfr46,0.18183073,-0.232
Olfr538,0.38965173,-0.202
Olfr46,0.14008798,-0.35
Olfr538,0.12218161,-0.268
Olfr46,0.64490484,-0.081
Olfr61,0.092835909,-0.231
Olfr53,0.77869403,0.048
Olfr539,0.35397966,0.192
Olfr45,0.78633107,-0.071
Olfr541,0.18047416,0.268
Cyp2e1,0.25286994,-0.13
1190003J15Rik,0.35089924,0.135
Scgb1c1,0.081795403,-0.343
Odf3,0.87088712,0.04
Ric8,0.54963905,-0.096
Psmd13,0.50084844,0.102
Gm15542,0.57296762,0.217
Nlrp6,0.11911512,-0.384
Athl1,0.77802469,0.058
Ifitm1,0.41595112,0.167
B4galnt4,0.25519615,-0.262
Pkp3,0.31353768,-0.214
Ptdss2,0.96058989,0.008
Lrrc56,0.4909428,-0.124
Rassf7,0.07404402,0.283
Phrf1,0.53903562,-0.097
Drd4,0.12910787,-0.324
Tmem80,0.48662261,0.1
Eps8l2,0.71014962,-0.075
Taldo1,0.36586381,0.266
Rangrf,0.23385364,0.399
Rplp2,0.47775983,0.135
Snora52,0.80419293,-0.061
Pnpla2,0.98895948,0.004
Efcab4a,0.36177446,-0.192
Cd151,0.78168493,-0.049
Tspan4,0.041687508,-0.466
Ap2a2,0.44720105,0.119
Muc2,0.90009397,0.028
Muc5ac,0.51042628,-0.129
Muc5b,0.82546539,-0.035
Brsk2,0.019043033,-0.446
Krtap5-3,0.37247982,-0.298
Krtap5-5,0.32896774,-0.286
B130016D09Rik,0.888845,-0.033
E330027M22Rik,0.80396768,-0.069
Krtap5-4,0.81368874,-0.053
Syt8,0.68795791,-0.076
Tnni2,0.41367122,-0.241
Lsp1,0.26691448,0.316
Tnnt3,0.083007786,-0.42
Mrpl23,0.74076892,0.097
Igf2as,0.14446456,-0.282
Igf2as,0.29511121,-0.233
Gm6471,0.74445239,-0.055
Tspan32,0.37603624,-0.142
Cd81,0.21055953,-0.259
Tssc4,0.25267943,0.193
Kcnq1,0.98424819,-0.003
Slc22a18,0.13292366,-0.298
Affy_10559310,0.47895532,-0.14
Dhcr7,0.83890898,-0.123
Gm498,0.38839043,0.171
Shank2,0.28503764,0.276
Shank2,0.4930599,0.15
Shank2,0.35873463,0.191
Gm10574,0.85734108,0.041
Gm10152,0.71529449,-0.105
Fgf3,0.83677205,-0.039
Fgf4,0.18158024,-0.264
Fgf15,0.06239158,-0.303
Oraov1,0.11631102,-0.341
Mrgprf,0.81144772,-0.046
Mrgprd,0.64431632,-0.112
Zc3h3,0.47864485,-0.105
Oscar,0.1752058,-0.257
Tfpt,0.92246851,0.019
Leng1,0.25165866,0.293
Tmc4,0.44698906,0.107
Mboat7,0.63542763,0.077
Lilrb3,0.70376471,0.182
Pira11,0.72000329,-0.124
Pira2,0.78961318,0.153
Lilra6,0.41328441,0.248
Lair1,0.33996963,0.417
9430041J12Rik,0.27295693,-0.275
Ttyh1,0.32143719,0.193
Leng9,0.88205144,0.033
Cdc42ep5,0.24650864,0.482
Cab39,0.45751716,0.129
Rdh13,0.4121312,-0.13
Ppp1r12c,0.93331331,-0.011
Tnnt1,0.26833168,-0.242
Tnni3,0.86274851,-0.045
6030429G01Rik,0.70615008,0.087
Syt5,0.075265768,-0.422
Ptprh,0.14422544,-0.356
Tmem86b,0.94555489,0.026
Ppp6r1,0.91922388,-0.013
Hspbp1,0.20604856,0.168
Tmem150b,0.32311423,-0.162
Cox6b2,0.11403308,-0.411
Fam71e2,0.34443407,-0.151
Il11,0.11778981,-0.385
2210411K11Rik,0.83775061,-0.052
Ube2s,0.401007,0.128
Shisa7,0.37547062,-0.18
Isoc2b,0.28262493,-0.289
Sbk2,0.3361765,-0.235
Gm1078,0.67398226,-0.088
Zfp579,0.31465285,0.24
Fiz1,0.32161141,0.155
Zfp784,0.43440991,-0.158
Rfpl4,0.7984363,0.049
Rasl2-9-ps,0.80172414,0.059
Vmn1r56,0.9130655,0.02
Affy_10559728,0.61984924,-0.157
Nlrp2,0.83170391,0.042
Vmn1r58,0.86855834,-0.057
Vmn1r59,0.96051504,0.007
Vmn2r28,0.25950594,0.22
Vmn1r63,0.94239949,-0.015
Vmn1r64,0.81061866,-0.044
Affy_10559756,0.988924,-0.004
Vmn1r65,0.75558811,0.054
Affy_10559762,0.43941182,0.132
Zfp787,0.41714037,0.184
Zfp583,0.40614068,0.196
Olfr5,0.055235983,-0.677
Olfr1347,0.058834041,-0.725
Olfr1348,0.87296004,0.044
Olfr1349,0.66712865,-0.091
Zim1,0.14649705,-0.253
Peg3,0.49567659,0.256
Affy_10559816,0.63409174,-0.103
LTR_Affy_10559818,0.66055973,0.259
5730403M16Rik,0.88917857,-0.034
Zfp773,0.29230161,-0.238
Zfp772,0.56185452,-0.125
Vmn2r29,0.18725659,0.223
Clcn4-2,0.31534817,0.149
Vmn2r51,0.021994874,0.323
2810047C21Rik1,0.75416545,-0.094
Vmn2r33,0.034992855,0.289
Vmn2r42,0.17103163,0.196
Vmn2r43,0.38955815,0.21
Vmn2r34,0.004191346,0.369
Vmn2r42,0.14951101,0.204
Vmn2r43,0.036491241,0.25
Affy_10559916,0.24457462,0.264
Zfp772,0.3799144,-0.252
Vmn2r51,0.18175938,0.234
Vmn2r43,0.03871094,0.305
Vmn2r52,0.86660956,0.035
Vmn1r66,0.42261474,0.09
Nlrp4d,0.90540671,0.016
Zik1,0.9496869,0.014
Vmn1r69,0.1714274,0.233
Vmn1r71,0.087992114,-0.296
Zscan4c,0.74224131,0.053
Zscan4-ps2,0.60553582,0.086
Affy_10559987,0.50847322,0.087
Aurkc,0.52640719,-0.144
Gm4157,0.76605647,0.048
Tpm3,0.23294316,0.181
Aurkc,0.36816732,-0.195
Vmn1r72,0.55539453,-0.08
Vmn1r76,0.71369972,-0.078
Rnf141,0.59026407,0.106
Vmn1r81,0.35753761,-0.147
Vmn1r83,0.95266625,-0.014
Vmn1r84,0.29654357,-0.195
Zfp551,0.86616012,0.043
Vmn2r54,0.82150429,-0.086
Vmn2r56,0.48116624,-0.194
Zscan18,0.68424742,-0.116
Zfp329,0.86398023,-0.04
Slc27a5,0.75086653,-0.059
Zbtb45,0.081849721,0.288
Chmp2a,0.87682026,-0.024
Ube2m,0.4609083,0.116
Mzf1,0.38788899,-0.25
Vmn1r85,0.5178282,0.155
Affy_10560089,0.55848186,0.17
Vmn1r87,0.79048088,0.046
Affy_10560094,0.66617204,-0.067
6330408A02Rik,0.91428312,0.021
Rps8,0.4643013,-0.13
9230107M04Rik,0.15770455,-0.277
Sult2a4,0.9374096,0.012
Sult2a3,0.66485396,-0.061
Sult2a6,0.2990088,0.166
2810007J24Rik,0.60466453,-0.263
Vmn1r90,0.89309347,0.03
Obox3,0.33950249,-0.151
Obox3,0.66348697,0.076
Obox6,0.88396787,-0.036
Crx,0.6375048,-0.072
Sepw1,0.06755768,-0.472
Gltscr2,0.79451681,-0.047
Ehd2,0.01219575,0.549
Gltscr1,0.7907771,-0.031
Dhx34,0.67237485,0.077
Gpr77,0.19496187,0.496
C5ar1,0.95870352,0.015
Ccdc9,0.85856089,-0.026
Sae1,0.26215702,-1.248
Npas1,0.39134596,-0.208
Grlf1,0.53035827,0.122
Affy_10560292,0.53576836,0.099
Ceacam15,0.84317825,-0.054
Affy_10560298,0.72057228,-0.084
Fkrp,0.96997743,0.005
Calm3,0.13997703,0.264
Affy_10560311,0.3146092,-0.268
Affy_10560313,0.65307126,0.12
Ppp5c,0.7877555,0.036
Hif3a,0.216874,-0.208
LOC676461,0.81039883,-0.048
Kctd20,0.90167429,0.019
Affy_10560356,0.88892006,0.019
Psg18,0.66302749,0.102
Psg28,0.72864257,-0.078
Psg26,1,0
Psg25,0.56868888,0.102
Psg27,0.004178354,-0.594
Psg23,0.68253221,-0.116
Psg21,0.59278584,-0.128
Affy_10560395,0.45517864,0.183
Affy_10560397,0.63070202,-0.156
Affy_10560399,0.55495301,0.246
Psg19,0.82951904,-0.044
Psg17,0.10275293,-0.243
Ccdc61,0.82411201,-0.042
Mypop,0.18663428,-0.305
Foxa3,0.10891408,-0.691
Qpctl,0.18408153,-0.272
Gipr,0.82553025,-0.047
Vasp,0.62785255,0.078
Ppm1n,0.50734594,-0.187
Fosb,0.7207039,-0.08
Cd3eap,0.47579961,-0.141
Klc3,0.84052954,0.033
Ckm,0.21875336,-0.268
Mark4,0.93812873,-0.013
Affy_10560528,0.26752878,-0.243
Bloc1s3,0.62322798,0.077
Ppp1r37,0.9898773,-0.002
Gemin7,0.49080336,0.097
Clasrp,0.85411932,-0.026
Relb,0.82011204,0.065
Clptm1,0.200399,-0.13
Apoc2,0.85758385,0.057
Apoc4,0.72082687,-0.043
Apoc1,0.54757166,-0.067
Apoe,0.24067077,-0.106
Tomm40,0.20690196,-0.143
Pvrl2,0.78682147,-0.063
Bcam,0.54753337,-0.092
Cblc,0.15227248,-0.345
Bcl3,0.91987231,-0.026
Ceacam16,0.22053438,-0.263
Ceacam19,0.21663667,-0.173
Pvr,0.69382007,-0.104
2210010C17Rik,0.44310668,-0.202
Affy_10560726,0.26822426,-0.177
Vmn1r148,0.70503216,-0.049
Vmn1r93,0.66532135,0.07
Vmn1r93,0.79163741,0.038
Vmn1r93,0.98576231,-0.003
Vmn1r93,0.86955966,0.025
Vmn1r183,0.73440574,-0.058
Affy_10560746,0.4764114,-0.136
Vmn1r148,0.92291692,0.016
Affy_10560754,0.90000183,0.019
Affy_10560758,0.65968586,-0.1
Gm5891,0.6053062,0.105
Gm5891,0.82893839,0.05
Vmn1r148,0.80524978,0.033
Affy_10560771,0.65968586,-0.1
Gm5891,0.6053062,0.105
Gm5156,0.82893839,0.05
Vmn1r93,0.84564085,0.031
Vmn1r93,0.66532135,0.07
Vmn1r93,0.72753902,0.056
Vmn1r93,0.98576231,-0.003
Vmn1r93,0.90123772,0.019
Gm5156,0.80845456,0.056
Vmn1r148,0.6745182,0.052
Vmn1r148,0.91206211,-0.019
Vmn1r180,0.83966853,-0.04
Vmn1r180,0.65968586,-0.1
Gm5891,0.6053062,0.105
Gm5156,0.64635829,0.108
Vmn1r171,0.011029505,-0.266
Vmn1r176,0.98341813,0.005
Vmn1r177,0.52485174,0.126
Atp5g2,0.81568909,0.04
Zfp111,0.095500133,0.395
Zfp109,0.25449404,0.233
Zfp61,0.76467935,-0.062
Zfp94,0.9151781,0.031
1700008P20Rik,0.53038382,-0.139
Irgc1,0.67275313,-0.086
Pinlyp,0.76035085,0.056
Zfp575,0.14453147,-0.3
Tex101,0.91702136,0.025
Gm4763,0.03737833,-0.445
Cd177,0.82446837,-0.041
Lypd4,0.69956203,-0.078
Gm4881,0.70202529,0.098
Rabac1,0.090191628,-0.298
Atp1a3,0.94985851,0.014
Grik5,0.14910278,-0.346
Pou2f2,0.62955294,-0.13
Dedd2,0.10556699,-0.297
Gsk3a,0.73374588,-0.048
Erf,0.49130735,0.135
Ceacam1,0.84047107,-0.033
Pafah1b3,0.34926189,-0.157
Cnfn,0.39220922,-0.257
Lipe,0.93659231,0.013
Cxcl17,0.85022851,-0.043
Affy_10561052,0.24003054,-0.315
Ceacam2,0.15099887,-0.726
Gm7092,0.80703233,-0.055
Bckdha,0.64508732,-0.077
Tmem91,0.23274036,-0.278
Ccdc97,0.90723727,-0.016
Hnrnpul1,0.31700589,0.096
Axl,0.34175473,0.405
Cyp2s1,0.41795634,-0.194
Rpl37a,0.82655797,0.03
Mrpl41,0.49987187,0.15
Nlrp9c,0.97306722,-0.006
Vmn1r185,0.66220891,-0.084
Cyp2b23,0.35353347,0.261
Cyp2a22,0.60740961,0.899
Affy_10561166,0.001226394,-1.074
Egln2,0.14850399,-0.177
Rab4b,0.78427347,0.056
Mia1,0.61156439,-0.094
Snrpa,0.3779288,-0.149
Itpkc,0.98697417,0.003
Ltbp4,0.16157881,0.386
Shkbp1,0.27441371,0.176
Spnb4,0.57307896,-0.082
Pgam1,0.73721634,0.063
Pld3,0.9854652,0.003
Map3k10,0.12285139,-0.229
Prkcz,0.4513532,-0.191
1700049G17Rik,0.76017845,0.084
Josd1,0.16736399,0.32
Zfp780b,0.64163691,0.142
Affy_10561351,0.83570233,0.05
Psmc4,0.45222314,0.15
BC089491,0.6907991,-0.102
Dll3,0.97860475,0.006
Timm50,0.80684801,-0.043
Supt5h,0.47319067,0.107
Plekhg2,0.97720538,-0.004
Zfp36,0.31634884,0.397
Med29,0.38049007,-0.184
Samd4b,0.3397956,0.158
Il28a,0.27199123,-0.366
Nccrp1,0.89150096,-0.032
Pak4,0.35814229,0.116
C330005M16Rik,0.2772347,-0.217
Mrps12,0.98870341,-0.003
Nfkbib,0.63932647,0.095
Gm10648,0.88773062,0.03
Actn4,0.45419936,-0.108
Eif3k,0.52382933,0.099
Ryr1,0.24235512,-0.144
Rasgrp4,0.75497885,-0.041
Spred3,0.43053408,-0.2
Psmd8,0.6402324,-0.071
Catsperg,0.79540298,-0.105
Kcnk6,0.47514658,0.197
2200002D01Rik,0.52276646,-0.112
Spint2,0.1365582,-0.296
Sipa1l3,0.44963994,-0.097
Affy_10561746,0.99639852,0.001
Catsperg2,0.96195576,0.007
BC027344,0.030794787,0.491
Zfp27,0.17881666,0.453
Zfp74,0.16203901,0.255
Mif,0.80984911,0.06
Zfp14,0.81329933,-0.057
Zfp82,0.74505668,0.053
Zfp566,0.53543191,0.138
Zfp146,0.19775808,0.404
Capns1,0.31583288,0.604
Tbcb,0.39184461,0.249
Ovol3,0.59716249,-0.108
Wdr62,0.76446298,-0.05
Sdhaf1,0.19973663,0.264
Lrfn3,0.005542058,0.685
Affy_10561918,0.52130994,-0.114
Hcst,0.14967487,-0.315
Aplp1,0.39604453,-0.22
Kirrel2,0.67316925,-0.09
Rps12,0.82804555,0.044
Arhgap33,0.35320318,-0.193
Proser3,0.59660981,0.109
Lin37,0.25928606,0.216
Psenen,0.76491461,0.053
Wbp7,0.58531173,-0.082
Zbtb32,0.59620703,-0.124
Upk1a,0.49547239,-0.148
Cox6b1,0.89809291,-0.032
Etv2,0.95043807,0.012
Rbm42,0.57708307,0.084
Haus5,0.005090816,0.705
4930479M11Rik,0.39760236,-0.176
Tmem147,0.27155501,0.293
Gapdhs,0.76703365,0.055
Ffar2,0.94875098,-0.015
Ffar3,0.21433003,-0.241
Ffar1,0.59049622,-0.148
Cd22,0.20336963,0.37
Mag,0.66297066,-0.118
Hamp2,0.50797678,-1.206
Hamp,0.97578464,0.06
Usf2,0.4321147,-0.133
Lsr,0.51008221,0.166
Fxyd5,0.74553877,0.141
Fxyd7,0.76244434,-0.048
Fxyd1,0.75151173,0.075
Fxyd3,0.37296282,-0.165
Hpn,0.87850868,-0.024
Scn1b,0.89361611,0.027
Gramd1a,0.77340607,-0.056
Apbh,0.064434502,-0.303
Affy_10562285,0.23735941,0.284
Gm5329,0.99548314,0.001
Gm5329,0.93088666,-0.016
Abpd,0.11788009,-0.246
Scgb2b1-ps,0.98745743,0.002
Abpz,0.77157942,-0.067
Affy_10562304,0.63612402,0.09
Abpg,0.52468768,-0.142
Abpb,0.41726515,-0.152
Gm12760,0.87567547,-0.046
Wtip,0.25762891,-0.259
Uba2,0.11644873,0.414
Pdcd2l,0.74692457,-0.051
Affy_10562358,0.39215658,0.169
Gpi1,0.75658462,0.074
KIAA0355,0.095593706,0.272
Lsm14a,0.8404603,-0.026
Affy_10562394,0.77492475,-0.074
Affy_10562397,0.12435415,-0.45
Kctd15,0.25477149,-0.254
Chst8,0.44494344,-0.17
Cebpg,0.708112,0.064
Lrp3,0.82699709,0.037
Wdr88,0.31527945,0.165
Gpatch1,0.57558999,0.109
C230052I12Rik,0.14816396,0.296
Tdrd12,0.66839453,-0.062
Nudt19,0.047867312,0.626
Rgs9bp,0.97532002,-0.006
Pdcd5,0.13448256,-0.218
Dpy19l3,0.48668204,-0.412
Zfp507,0.95667956,-0.009
Zfp536,0.44259363,-0.138
Affy_10562546,0.96083063,-0.011
Uri1,0.20230202,-0.189
Ccne1,0.045495526,-0.332
Plekhf1,0.78345286,0.081
Pop4,0.40432076,0.134
Gm5591,0.24913521,-0.222
Gm5114,0.81203932,-0.067
4930433I11Rik,0.91004938,-0.016
Gm16387,0.6045784,-0.114
Affy_10562601,0.29279426,-0.196
Affy_10562603,0.26424665,0.262
AI987944,0.16482493,0.468
AW146154,0.21310044,0.262
Ctdnep1,0.5003956,0.189
Affy_10562629,0.67023245,-0.145
Vmn2r-ps57,0.21472999,-0.161
Gm7224,0.5068713,-0.136
Ccnb1,0.88398351,0.044
Gapdh,0.83389141,-0.031
Vmn2r60,0.55881401,0.087
4933421I07Rik,0.72360464,-0.101
Rpl29,0.3579463,-0.201
Affy_10562649,0.30435215,-0.252
C330019L16Rik,0.11618197,1.034
Gm5595,0.064096767,2.09
Affy_10562661,0.35283628,0.23
Rps4x,0.62873453,0.081
Affy_10562665,0.23797947,0.235
Affy_10562667,0.82165772,0.047
Zfp715,0.15498898,0.516
Affy_10562685,0.66630979,-0.086
Iglon5,0.51714777,-0.162
4931406B18Rik,0.58708696,-0.12
EG434181,0.16537625,-0.333
Cd33,0.74639327,-0.086
Siglece,0.80075794,0.146
Affy_10562729,0.53947085,-0.142
Affy_10562731,0.28179283,0.266
1700028J19Rik,0.36489528,-0.279
Acpt,0.21192926,-0.252
Affy_10562754,0.90489632,-0.027
Clec11a,0.64161602,-0.106
1700008O03Rik,0.045780134,-0.37
2310044H10Rik,0.29864699,-0.172
Mybpc2,0.81282456,0.032
Spib,0.45095764,0.163
Pold1,0.87043778,0.032
Nr1h2,0.44763795,0.121
Myh14,0.43504592,0.114
Zfp473,0.35041888,-0.182
Atf5,0.46225926,-0.279
Tbc1d17,0.52194186,0.148
Ptov1,0.87592626,0.024
Med25,0.78322872,0.04
Fuz,0.84638256,-0.045
Ap2a1,0.39703893,-0.079
Cpt1c,0.60678166,-0.103
Prmt1,0.69218051,-0.066
Bcl2l12,0.35940871,-0.176
Scaf1,0.48193301,0.099
Prr12,0.8376017,0.032
Prrg2,0.75392214,-0.092
Rcn3,0.6111654,-0.17
Fcgrt,0.84882861,-0.042
Fcgrt,0.51315846,0.148
Snord35b,0.82646966,0.132
Rpl13a,0.90134204,-0.027
Snord35a,0.54247968,0.236
Snord34,0.76426527,0.145
Snord33,0.77183763,0.145
Snord32a,0.85345747,-0.086
Flt3l,0.44070846,0.13
Aldh16a1,0.068798531,0.574
Ccdc155,0.75499233,-0.066
Dkkl1,0.46423042,-0.196
Gm10630,0.68815706,-0.096
Cd37,0.39894679,0.189
Trpm4,0.58617071,-0.095
Ppfia3,0.18290539,-0.408
Lin7b,0.227282,-0.291
Snrnp70,0.96051118,-0.008
Ruvbl2,0.74819582,0.05
Ftl1,0.19668207,-0.209
Bax,0.46506368,0.173
Dhdh,0.78597213,-0.048
Nucb1,0.88108599,-0.023
Ppp1r15a,0.39077668,0.141
Fgf21,0.22504207,-0.768
Fut2,0.71457158,-0.078
Sec1,0.21493478,-0.277
Sphk2,0.080762139,0.592
Spaca4,0.012748374,-0.533
Sult2b1,0.43797745,-0.16
Gm5897,0.93678244,0.021
Cyth2,0.078749484,0.205
Kcnj14,0.6358493,0.221
Grwd1,0.93921903,-0.012
Grin2d,0.27871044,0.214
Affy_10563434,0.79341209,-0.039
Syngr4,0.42607421,-0.15
Emp3,0.43438831,0.299
Abcc6,0.57206573,0.263
Kcnj11,0.11779096,-0.34
Abcc8,0.2172442,-0.271
Ush1c,0.32026539,-0.184
Sergef,0.57905192,-0.08
Tph1,0.58075918,-0.083
Saal1,0.58989149,-0.107
Saa3,0.21736024,1.088
Saa4,0.47918323,-0.232
Affy_10563608,0.94668917,-0.021
Saa1,0.27127541,1.754
Hps5,0.82879993,0.041
Rap1a,0.72799536,0.065
Tsg101,0.87939778,0.026
Uevld,0.25853095,0.353
Affy_10563657,0.90831378,0.022
Spty2d1,0.42492684,-0.16
Affy_10563666,0.44951672,-0.114
Ptpn5,0.25254021,-0.251
Mrgpra6,0.81826807,0.045
Mrgpra9,0.20593098,0.582
Mrgpra1,0.18932561,-0.175
Mrgpra2b,0.36341951,-0.15
Mrgpra2b,0.26388396,-0.164
Gm9717,0.54533314,0.161
Mrgpra3,0.65831929,0.088
Mrgpra3,0.86765355,0.024
Gm5734,0.23364549,-0.278
Affy_10563731,0.38129259,-0.201
Mrgpra4,0.68598119,0.06
Mrgprx1,0.9492947,0.014
Affy_10563743,0.55169567,0.129
Mrgprb5,0.18643984,-0.322
Mrgprb4,0.35660388,-0.124
Mrgprb1,0.73156438,-0.061
Mrgprx2,0.31634119,-0.188
Mrgprb2,0.94691084,-0.014
Mrgprb3,0.56018705,0.094
Gm7262,0.75717478,-0.214
Gm10628,0.76502801,0.294
Csrp3,0.44178689,-0.32
E2f8,0.54475206,-0.283
Dbx1,0.073955373,-0.496
Dbx1,0.24233992,0.253
Gm9350,0.24233992,0.253
Gm9350,0.24233992,0.253
Gm9350,0.24233992,0.253
Gm9350,0.24233992,0.253
Gm9350,0.24233992,0.253
Affy_10563814,0.87632732,-0.033
Fancf,0.76967458,-0.045
Svip,0.84790271,0.032
Affy_10563825,0.86108911,-0.034
Mrps33,0.22740117,0.17
Affy_10563834,0.4115738,0.151
Nipa2,0.8915059,-0.051
Nipa1,0.99652297,-0.001
Gabrg3,0.22270946,-0.199
Gabra5,0.65154422,-0.089
Depdc1a,0.40981778,0.13
Nck2,0.74069301,-0.101
Affy_10563893,0.35614434,0.135
Affy_10563895,0.88221171,0.03
Affy_10563897,0.40169304,-0.196
Affy_10563899,0.40921876,-0.155
Ube3a,0.9148981,-0.013
Affy_10563903,0.92164216,0.031
Affy_10563905,0.99358087,0.002
Affy_10563907,0.99358087,0.002
Affy_10563909,0.8375598,0.04
Affy_10563911,0.68853822,0.064
Affy_10563913,0.42222362,-0.269
Affy_10563915,0.19706073,-0.232
Affy_10563917,0.42222362,-0.269
Affy_10563919,0.75267877,-0.05
Affy_10563921,0.63832484,-0.108
Gm3079,0.42222362,-0.269
Affy_10563925,0.63832484,-0.108
Affy_10563927,0.8526782,-0.051
Affy_10563929,0.19706073,-0.232
Affy_10563931,0.31450034,-0.248
Affy_10563933,0.44094485,-0.131
Affy_10563935,0.63245372,-0.107
Snord115,0.63700682,-0.172
Affy_10563939,0.87094058,0.075
Affy_10563941,0.69185368,-0.066
Affy_10563943,0.80766026,0.07
Affy_10563945,0.57680815,-0.141
Snord115,0.63700682,-0.172
Affy_10563949,0.95172202,-0.016
Snord115,0.63700682,-0.172
Snord115,0.63700682,-0.172
Gm3079,0.55491035,-0.18
Snord115,0.63700682,-0.172
Ube3a,0.52494471,-0.197
Affy_10563961,0.33698567,0.182
Affy_10563963,0.76908131,-0.071
Affy_10563965,0.90818345,-0.03
Affy_10563967,0.90818345,-0.03
Affy_10563969,0.76908131,-0.071
Affy_10563971,0.90818345,-0.03
Affy_10563973,0.28747236,0.235
Affy_10563975,0.61674235,0.122
Affy_10563977,0.76908131,-0.071
Affy_10563979,0.76908131,-0.071
Affy_10563981,0.61674235,0.122
Gm3079,0.76908131,-0.071
Affy_10563985,0.76908131,-0.071
Affy_10563987,0.61674235,0.122
Affy_10563989,0.4945136,-0.139
Affy_10563991,0.89208143,-0.031
Affy_10563993,0.97904564,0.007
Snord115,0.63700682,-0.172
Snord115,0.63700682,-0.172
Snord115,0.63700682,-0.172
Snord115,0.63700682,-0.172
Snord115,0.63700682,-0.172
Affy_10564005,0.56810621,-0.146
Snord115,0.63700682,-0.172
Affy_10564009,0.61674235,0.122
Snord115,0.64286581,-0.149
Snord115,0.58659043,-0.18
Affy_10564015,0.81957369,-0.06
Snord115,0.58659043,-0.18
Affy_10564019,0.93325601,0.02
Affy_10564021,0.97904564,0.007
Affy_10564023,0.70827519,-0.147
Affy_10564025,0.97904564,0.007
Affy_10564027,0.83338318,0.069
Snord115,0.63700682,-0.172
Snord115,0.63700682,-0.172
Affy_10564033,0.76570864,-0.109
Affy_10564035,0.63700682,-0.172
Affy_10564037,0.73535748,-0.078
Affy_10564039,0.63700682,-0.172
Affy_10564041,0.37065786,-0.303
Affy_10564043,0.90818345,-0.03
Affy_10564045,0.63245372,-0.107
Affy_10564047,0.63245372,-0.107
Affy_10564049,0.69665767,-0.084
Affy_10564051,0.63700682,-0.172
Gm3079,0.98703046,-0.004
Affy_10564055,0.98703046,-0.004
Affy_10564057,0.24470042,-0.241
Affy_10564059,0.63700682,-0.172
Affy_10564061,0.63700682,-0.172
Affy_10564063,0.63700682,-0.172
Gm3079,0.63700682,-0.172
Affy_10564067,0.63700682,-0.172
Affy_10564069,0.78259186,-0.076
Affy_10564071,0.63700682,-0.172
Affy_10564073,0.78259186,-0.076
Affy_10564075,0.63700682,-0.172
Affy_10564077,0.83338318,0.069
Affy_10564079,0.83338318,0.069
Affy_10564081,0.63700682,-0.172
Affy_10564083,0.63700682,-0.172
Affy_10564085,0.83338318,0.069
Affy_10564087,0.83338318,0.069
Affy_10564089,0.96036311,-0.015
Affy_10564091,0.83338318,0.069
Affy_10564093,0.83338318,0.069
Affy_10564095,0.83338318,0.069
Affy_10564097,0.83338318,0.069
Affy_10564099,0.83338318,0.069
Affy_10564101,0.83338318,0.069
Affy_10564103,0.83338318,0.069
Affy_10564105,0.83338318,0.069
Affy_10564107,0.83338318,0.069
Affy_10564109,0.68605478,0.097
Affy_10564111,0.33664081,0.232
Affy_10564113,0.83338318,0.069
Affy_10564115,0.83338318,0.069
Affy_10564117,0.68605478,0.097
Affy_10564119,0.83338318,0.069
Affy_10564121,0.83338318,0.069
Affy_10564123,0.83338318,0.069
Affy_10564125,0.83338318,0.069
Affy_10564127,0.83338318,0.069
Affy_10564129,0.83338318,0.069
Affy_10564131,0.63700682,-0.172
Affy_10564133,0.63700682,-0.172
Affy_10564135,0.41098208,-0.209
Affy_10564137,0.60495005,-0.159
Affy_10564139,0.83338318,0.069
Affy_10564141,0.63700682,-0.172
Affy_10564143,0.52604986,-0.166
Affy_10564145,0.63700682,-0.172
Affy_10564147,0.52604986,-0.166
Affy_10564149,0.63700682,-0.172
Affy_10564151,0.63700682,-0.172
Affy_10564153,0.63700682,-0.172
Affy_10564155,0.63700682,-0.172
Affy_10564157,0.47049328,-0.125
Snord116,0.34328425,-1.224
Snord116,0.36856905,-1.149
Snord116,0.35644782,-1.201
Snord116,0.36457395,-0.966
Snord116,0.35644782,-1.201
Snord116,0.44631272,-0.715
Snord116,0.35644782,-1.201
Snord116,0.35644782,-1.201
Snord116,0.35644782,-1.201
Snord116,0.32592166,-1.102
Snord116,0.35644782,-1.201
Snord116,0.35644782,-1.201
Snord116,0.34926972,-1.185
Snord116,0.35644782,-1.201
Snord116,0.35644782,-1.201
Snord116,0.35644782,-1.201
Snord116,0.35644782,-1.201
Snord116,0.35644782,-1.201
Snord116,0.35644782,-1.201
Snord116,0.35644782,-1.201
Snord116,0.35644782,-1.201
Snord116,0.35644782,-1.201
Affy_10564203,0.82224362,0.154
Snord116,0.35644782,-1.201
Snord116,0.35644782,-1.201
Snrpn,0.70513332,-0.149
Snrpn,0.35248229,-0.812
Gkap1,0.96729207,-0.009
A230006K03Rik,0.78184128,0.051
Ube2nl,0.16305577,0.248
mir-344-1,0.72818666,0.098
Mir344,0.92853898,0.024
Gm9801,0.34554162,-0.157
Affy_10564260,0.54966562,-0.126
Mkrn3,0.91727986,0.022
Peg12,0.20150247,-0.225
Affy_10564270,0.64851715,-0.152
Chrna7,0.60830657,-0.069
Gm7482,0.40247692,-0.152
Klf13,0.8565777,-0.046
Fan1,0.83107769,0.072
Mphosph10,0.28823941,-0.347
Fam189a1,0.26585473,-0.162
Ndnl2,0.18585194,-0.363
Tjp1,0.58326523,0.105
Gm10624,0.52938589,-0.119
Affy_10564375,0.88466436,0.029
Lrrk1,0.27131197,0.301
Aldh1a3,0.51626487,-0.143
Affy_10564434,0.38460003,-0.182
Asb7,0.070376764,0.4
Asb7,0.36352814,0.329
Mef2a,0.88762369,-0.027
Lrrc28,0.63841548,0.15
Affy_10564480,0.81423756,-0.05
Synm,0.99504153,0.001
Affy_10564500,0.26358635,-0.29
Pgpep1l,0.44146562,-0.182
Arrdc4,0.76975597,0.084
Snora21,0.57799369,0.152
Affy_10564522,0.24893698,-0.293
Affy_10564525,0.72173216,-0.066
Nr2f2,0.4285456,-0.176
Affy_10564535,0.26757843,-0.188
Gm10295,0.76269303,0.067
Mctp2,0.066690308,0.394
Rpl17,0.9521595,-0.006
Gm7693,0.36516116,0.284
Affy_10564567,0.92284105,-0.025
Affy_10564570,0.47044181,-0.148
Chd2,0.4699832,0.135
Affy_10564614,0.52569298,0.086
Gm4971,0.15457734,-0.23
Fam174b,0.35279756,-0.219
Affy_10564622,0.46387895,-0.152
St8sia2,0.95581906,-0.014
Slco3a1,0.31886683,0.235
Sv2b,0.36574781,-0.201
Tdg,0.57704481,-0.116
Affy_10564665,0.86528524,-0.029
Ntrk3,0.949465,-0.009
Mrpl46,0.51820576,0.155
Det1,0.9703947,0.008
Hapln3,0.38635906,-0.233
Mfge8,0.62287352,0.221
Rlbp1,0.32272233,-0.184
Polg,0.84373876,-0.021
Rhcg,0.86106275,0.034
Kif7,0.26362245,-0.263
Kif7,0.56481985,-0.128
Plin1,0.27604016,-0.273
Pex11a,0.29437005,0.553
Eif1,0.70832503,-0.08
Mesp1,0.51675505,-0.149
Anpep,0.72454781,-0.059
Ap3s2,0.095684449,0.301
2610034B18Rik,0.82024328,0.051
Idh2,0.19861719,0.408
Cib1,0.18829064,0.529
Rccd1,0.31021253,-0.256
Unc45a,0.12894589,0.282
Man2a2,0.75841187,0.113
Fes,0.7143806,0.067
Furin,0.81261846,-0.036
Blm,0.45132568,0.122
Crtc3,0.1974,0.242
Iqgap1,0.50162639,0.273
Wdr73,0.88311141,0.046
Nmb,0.24405701,0.302
Sec11a,0.35799791,-0.172
Timm17a,0.20262869,0.282
Rps17,0.86365327,0.022
Cpeb1,0.51560011,-0.146
Ap3b2,0.59743136,-0.106
BC048679,0.69719783,-0.113
Fsd2,0.94132293,0.012
9330120H11Rik,0.21080206,-0.442
Homer2,0.37928566,-0.187
3110040N11Rik,0.85460053,-0.035
Btbd1,0.56421921,-0.079
Affy_10565190,0.51733664,-0.132
Hdgfrp3,0.051948075,-0.335
Bnc1,0.31997125,-0.201
Fam154b,0.1335921,0.247
Gm10610,0.35975723,-0.146
Il16,0.61542857,0.095
1700026D08Rik,0.74292155,-0.069
Mesdc1,0.46270986,-0.127
9930013L23Rik,0.54407948,-0.139
Abhd17,0.28102643,-0.225
Arnt2,0.67096464,-0.097
Fah,0.2582678,-0.132
Zfand6,0.72164473,0.069
Gm6155,0.97409954,0.011
Vmn2r65,0.97879709,0.005
Vmn2r65,0.49784364,-0.1
Vmn2r66,0.89345347,-0.019
Vmn2r68-ps,0.41497371,-0.142
Vmn2r70,0.94152116,-0.021
LTR_Affy_10565360,0.07528489,-0.414
Vmn2r74,0.95943169,-0.014
Vmn2r75,0.83183251,0.033
Vmn2r76,0.48446563,0.096
Olfr310,0.54158842,0.114
Affy_10565381,0.95757131,-0.014
Olfr309,0.89914148,-0.021
Olfr308,0.44187009,0.11
Olfr307,0.10864291,-0.234
Olfr305,0.3262549,0.182
Olfr304,0.53937085,0.104
Olfr303,0.17066449,-0.334
Olfr298,0.94420255,-0.015
Olfr294,0.4913773,-0.143
Folh1,0.10832121,-0.746
Tyr,0.58986629,-0.098
Affy_10565432,0.14523423,-0.386
Rps13,0.83611285,0.03
Tmem135,0.015037605,0.656
Prss23,0.39176573,0.214
Me3,0.10463245,-0.271
Ccdc81,0.030696428,-0.379
C11orf73,0.66034552,-0.119
Eed,0.54710055,0.151
Gm5341,0.6667804,0.089
Ccdc83,0.62612568,-0.062
Tmem126a,0.07148254,0.349
Tmem126b,0.27399899,0.216
Affy_10565525,0.76489649,-0.065
Gm2509,0.79932235,0.065
Affy_10565530,0.61198176,0.168
Ankrd42,0.29779129,-0.169
Pcf11,0.54797223,-0.106
Affy_10565565,0.57522953,-0.097
4632427E13Rik,0.27073012,0.181
4632434I11Rik,0.32346526,0.434
Fam181b,0.56677803,-0.128
Rps8,0.62453186,-0.075
Affy_10565585,0.65217915,-0.064
Gm5037,0.71378766,0.079
Hmgb1,0.64624807,0.069
Gm15413,0.053572095,-0.422
Affy_10565596,0.69328359,-0.081
LOC280487,0.17746195,2.12
Usp35,0.27414018,0.252
Affy_10565607,0.93896393,0.02
Thrsp,0.36987041,0.987
1810020D17Rik,0.36860759,0.55
Rsf1,0.11858043,-0.288
Aqp11,0.58715242,0.29
Myo7a,0.1311652,0.785
Capn5,0.34165917,-0.236
Omp,0.33607831,-0.181
B3gnt6,0.34114187,0.161
Acer3,0.65178495,-0.31
Tsku,0.29753283,1
A630091E08Rik,0.56919093,0.098
C11orf30,0.7500422,0.055
Uvrag,0.29970631,0.215
Dgat2,0.42299475,-0.167
Mogat2,0.54289406,-0.174
Serpinh1,0.77851697,0.064
Rps3,0.53936188,-0.097
Snord15b,0.95036176,0.018
Snord15a,0.16921882,0.557
Gm4980,0.46764666,0.177
Affy_10565817,0.8292626,-0.034
Slco2b1,0.3801213,0.414
F730035P03Rik,0.37441578,-0.194
Neu3,0.26226259,0.332
Spcs2,0.80720962,0.068
Rnf169,0.74013795,0.067
Gm5115,0.38461064,0.307
Pold3,0.53139281,-0.356
Ppme1,0.39751719,0.211
Gm10603,0.94037716,-0.018
Dnajb13,0.83611578,-0.033
D630004N19Rik,0.84568372,-0.045
Mrpl48,0.35881973,0.22
Plekhb1,0.21832697,0.816
Gapdh,0.70179918,-0.056
Relt,0.63499818,-0.113
Arhgef17,0.54114983,-0.087
P2ry6,0.98019629,0.011
P2ry2,0.93105729,0.025
Atg16l2,0.1592331,0.285
Art2a-ps,0.71577249,0.096
Art2b,0.022406899,0.985
Inppl1,0.72820209,-0.064
Folr2,0.079154423,2.125
Folr1,0.60952863,-0.085
Lrrc51,0.21616876,-0.386
Il18bp,0.15669709,0.511
Rnf121,0.92265689,0.021
Art5,0.32759051,-0.178
Chrna10,0.63141759,-0.11
Nup98,0.32950097,-0.146
Rhog,0.34385551,0.268
Olfr543,0.98619537,0.004
Olfr544,0.28412183,-0.28
Olfr544,0.17160515,-0.279
Hmgb1,0.53404458,0.108
Trim21,0.81170919,-0.046
Affy_10566155,0.30849148,0.224
Olfr551,0.84998489,-0.041
Olfr553,0.86836403,0.036
Trim68,0.40734901,-0.245
Olfr33,0.13847207,-0.345
Olfr559,0.75781858,0.095
Olfr78,0.15125976,-0.187
Olfr566,0.96245796,0.014
Olfr569,0.56806428,-0.092
Olfr571,0.27102284,-0.261
Affy_10566188,0.32823196,-0.299
Olfr575,0.26328085,-0.265
Olfr577,0.49160729,-0.169
Olfr578,0.13330348,-0.286
Affy_10566196,0.22482145,-0.243
Olfr586,0.98907581,-0.003
Olfr589,0.17159397,-0.382
Olfr591,0.2256025,-0.504
Dub2a,0.28718953,-0.389
Olfr600,0.19640786,-0.25
Olfr601,0.94985907,-0.014
Olfr603,0.74066246,-0.131
Olfr605,0.30586979,-0.353
Olfr607,0.44551607,-0.166
Olfr609,0.52007441,-0.13
Olfr610,0.17409008,-0.305
Olfr611,0.098265765,-0.419
Olfr611,0.88955738,0.034
Olfr616,0.50411925,-0.124
Olfr620,0.73191706,0.07
Olfr624,0.47733713,0.125
Olfr622,0.22122613,-0.242
Olfr623,0.81079656,-0.036
Olfr624,0.42146694,0.22
Olfr629,0.30455402,-0.195
Olfr630,0.53544584,0.095
Olfr69,0.61111548,0.067
Olfr68,0.75325782,-0.066
Olfr67,0.15836585,0.217
Hbb-b1,0.20230418,0.775
Hbb-b1,0.21671155,0.733
Gm5736,0.82008862,0.052
Hbb-bh1,0.80303192,0.047
Hbb-y,0.75838164,0.083
Olfr66,0.71589222,-0.078
Dnajc19,0.29641586,-0.236
Olfr64,0.12885166,-0.279
Affy_10566286,0.84963873,-0.031
Affy_10566290,0.329297,-0.269
Olfr639,0.65399713,-0.094
Olfr640,0.35339521,-0.207
Olfr642,0.65732515,-0.109
Olfr643,0.5476317,-0.144
Olfr644,0.30962022,-0.235
Olfr645,0.34799428,-0.207
4931431F19Rik,0.50637378,-0.195
Ubqln3,0.20001583,-0.272
Ubqlnl,0.59655373,-0.092
E030002O03Rik,0.17511024,-0.256
Olfr648,0.44250849,-0.176
Olfr649,0.50583817,-0.134
Trim12a,0.12237508,2.678
9230105E10Rik,0.25902642,0.531
9230105E10Rik,0.61043699,-0.374
A530023O14Rik,0.31290996,0.26
Trim30a,0.53496943,0.413
Trim30d,0.19557053,1.95
Trim30e-ps1,0.28120262,0.338
Olfr655,0.37582302,-0.187
Olfr658,0.50211551,0.102
Olfr664,0.0515348,-0.378
Dub1,0.22116479,-0.296
Dub1a,0.044378724,-0.426
Olfr666,0.37735893,0.211
Olfr667,0.76654208,-0.051
Olfr668,0.27321228,-0.204
Mapksp1,0.38892983,-0.118
Olfr670,0.28985101,-0.262
Olfr671,0.89213705,0.034
Olfr672,0.15147366,0.276
Affy_10566415,0.61802876,0.111
Olfr675,0.63288021,-0.088
Affy_10566419,0.61352075,-0.114
Affy_10566422,0.5151519,-0.135
Olfr683,0.83332016,0.045
Olfr684,0.96844133,-0.009
Olfr685,0.086655781,-0.404
Olfr686,0.024450605,-0.334
Olfr690,0.44262061,-0.199
Olfr691,0.98626053,0.003
Fam160a2,0.099561558,0.188
Gm4972,0.98720398,0.003
Prkcdbp,0.59429391,-0.119
Apbb1,0.69195435,-0.08
Hpx,0.67388685,-0.055
Trim3,0.39715096,0.134
Arfip2,0.9167337,0.016
Affy_10566512,0.65239031,-0.072
Mrps36,0.10137626,0.412
Rrp8,0.845601,-0.038
Taf10,0.85658721,-0.051
Tpp1,0.5699077,-0.09
Dchs1,0.92885203,0.014
Mrpl17,0.72951261,-0.07
Gvin1,0.2573935,0.765
Gvin1,0.34559235,0.811
Gvin1,0.19998806,0.955
Gm4759,0.70377268,-0.118
Gm8995,0.81678201,0.129
Gm1966,0.13848729,0.985
Olfr693,0.70442076,-0.088
Olfr704,0.61292154,-0.098
Olfr695,0.44370487,-0.14
Affy_10566593,0.74668207,0.077
Olfr697,0.21269974,-0.31
Olfr698,0.63404125,-0.117
Olfr699,0.2861422,-0.193
Olfr700,0.84633165,0.042
Olfr702,0.23385654,-0.183
Olfr705,0.26203048,-0.279
Olfr706,0.49503501,-0.172
Olfr707,0.67209939,0.106
Affy_10566613,0.99121048,0.003
Olfr710,0.31501695,-0.221
Olfr6,0.94998907,-0.012
Olfr711,0.66738439,0.099
Olfr2,0.96680882,-0.008
Gm10081,0.61424316,0.164
Olfr715,0.46663156,0.109
Affy_10566628,0.1342884,-0.252
5330417H12Rik,0.22421468,-0.284
Cyb5r2,0.87942692,0.026
Ovch2,0.68945118,0.048
Olfr469,0.049558481,0.382
Olfr470,0.30448311,-0.19
Affy_10566666,0.74530364,0.103
Socs6,0.85882492,-0.033
Olfr478,0.51661217,0.105
Olfr480,0.85173258,-0.035
Olfr482,0.49744309,0.146
Olfr484,0.97775715,0.004
Olfr485,0.21767955,0.365
Olfr486,0.68665537,0.054
Olfr487,0.81353816,0.037
Olfr488,0.59069945,0.092
Olfr490,0.12895257,0.278
Olfr492,0.9825148,-0.004
Olfr493,0.9192111,-0.022
Olfr502,0.26144995,-0.241
Olfr504,0.54900954,-0.122
Olfr509,0.088013501,-0.354
Olfr514,0.48068895,-0.12
Olfr516,0.61846849,0.09
Olfr517,0.69375462,-0.128
Olfr518,0.99322104,-0.002
Olfr519,0.38697972,-0.147
Nlrp10,0.90114337,0.029
Ric3,0.85409508,0.03
Lmo1,0.5879304,-0.088
Stk33,0.38860616,-0.098
Trim66,0.51618584,-0.121
St5,0.027034491,0.636
BC051019,0.81506175,-0.04
Ascl3,0.65580346,-0.093
Tmem9b,0.7399235,0.036
Nrip3,0.11807382,-0.304
Scube2,0.45424636,-0.148
Dennd5a,0.67533751,0.072
Tmem41b,0.5432525,-0.174
AA474408,0.54488792,-0.113
Sbf2,0.92160132,-0.013
B430319F04Rik,0.2634007,-0.202
Rnf141,0.43640243,0.126
Lyve1,0.22445347,0.83
Mrvi1,0.42775085,-0.131
Eif4g2,0.78271358,-0.028
Galntl4,0.74578589,-0.056
Affy_10567008,0.14957011,-0.204
Dkk3,0.66719848,-0.087
Rpl7a,0.72636957,-0.041
Btbd10,0.093745639,0.482
Pth,0.75133512,0.057
Affy_10567038,0.86455344,-0.034
Gm5600,0.84870294,0.048
Rras2,0.82312089,-0.041
Copb1,0.32480441,-0.295
Psma1,0.20047497,0.224
Affy_10567084,0.83018107,-0.06
Cyp2r1,0.14814238,1.066
Calca,0.8340335,0.04
Rpl5,0.56431312,-0.098
Rps4y2,0.18485676,0.405
Sox6,0.13686256,-0.235
Nup35,0.93347601,0.028
Plekha7,0.16818539,-0.229
Rps13,0.50257174,-0.099
Rps13,0.97760183,0.008
Pik3c2a,0.16578882,0.794
Gm9197,0.068473929,0.787
LOC100047986,0.70480945,0.126
Rps15a,0.5663309,0.141
Arl6ip1,0.15670945,-0.236
Smg1,0.52112726,0.085
Syt17,0.99287824,-0.002
Itpripl2,0.71769051,0.151
Itpripl2,0.53154728,-0.138
Coq7,0.88160767,0.034
Tmc7,0.24044094,0.59
Gde1,0.76012656,0.087
2310008H09Rik,0.68467705,0.052
Gprc5b,0.96645166,0.026
Gpr139,0.87765414,-0.031
Gp2,0.066753434,-0.49
Umod,0.91093264,-0.026
Pdilt,0.2808284,-0.785
Thumpd1,0.3764191,0.219
Eri2,0.76692078,0.078
Dcun1d3,0.87635525,0.03
Dnahc3,0.2882244,-0.21
Dnahc3,0.6646489,0.074
Dnahc3,0.13453341,-0.381
Dnahc3,0.67258886,-0.096
Dnahc3,0.29366299,-0.238
Dnahc3,0.3746622,0.209
Dnahc3,0.28823231,-0.207
Dnahc3,0.79013347,-0.058
Dnahc3,0.8196302,0.038
Dnahc3,0.61364147,-0.11
Dnahc3,0.17800599,0.2
Dnahc3,0.35783259,-0.19
Dnahc3,0.95603585,0.01
Dnahc3,0.90402548,-0.018
Dnahc3,0.38233613,-0.238
Dnahc3,0.025667308,-0.46
Dnahc3,0.20725966,-0.161
Dnahc3,0.6149621,0.074
Dnahc3,0.82677098,0.049
Dnahc3,0.81452183,-0.05
Dnahc3,0.41060321,-0.176
Dnahc3,0.86265837,0.041
Dnahc3,0.10390607,0.199
Dnahc3,0.040619688,0.272
Dnahc3,0.5014232,-0.129
Dnahc3,0.67653048,-0.074
Dnahc3,0.85759306,0.036
Dnahc3,0.31875528,-0.181
Dnahc3,0.75010823,-0.081
Dnahc3,0.54916967,0.115
Dnahc3,0.40704758,-0.204
Dnahc3,0.62203507,-0.115
Dnahc3,0.86920216,0.032
Dnahc3,0.1867981,-0.295
4930560O18Rik,0.10323137,-0.459
Zp2,0.73690138,0.061
Crym,0.11205609,-1.281
Uqcrc2,0.90192268,-0.019
Cdr2,0.71281846,0.074
Ppia,0.95273458,-0.008
Mettl9,0.09825438,-0.351
Affy_10567578,0.18773756,-0.307
Igsf6,0.82817382,0.143
Affy_10567587,0.1860802,0.264
Usp31,0.25107271,0.289
Usp31,0.50274286,0.136
Cog7,0.19620466,0.201
Gga2,0.8490068,0.033
Ears2,0.88521547,-0.028
Ndufab1,0.94709087,0.011
Palb2,0.84714492,0.027
Ern2,0.87294152,-0.031
Arhgap17,0.15585604,0.302
Zkscan2,0.22378915,0.285
3110040M04Rik,0.57983732,-0.114
Affy_10567737,0.35995286,0.198
4933440M02Rik,0.50083277,-0.113
Nsmce1,0.26999901,-0.201
Gtf3c1,0.41344771,-0.116
Gsg1l,0.40706763,-0.204
Xpo6,0.73286286,-0.044
Gm9104,0.75607819,-0.034
Lat,0.2785758,-0.245
Spns1,0.29636625,-0.164
Nfatc2ip,0.082925188,0.31
Cd19,0.57701399,-0.099
Atp2a1,0.6278687,-0.098
Sh2b1,0.81895176,0.037
Atxn2l,0.89654663,0.021
Eif3c,0.90604876,0.013
Affy_10567962,0.63208667,0.059
Cln3,0.81083572,0.037
Il27,0.61106879,-0.107
Nupr1,0.82258417,-0.053
Ccdc101,0.015231026,0.456
Sult1a1,0.24926454,-0.382
1110030E23Rik,0.20078639,-0.321
Giyd2,0.18645396,-0.235
Coro1a,0.42202041,0.323
Affy_10568038,0.12656582,0.278
Ppp4c,0.27936694,-0.142
Aldoa,0.77542793,0.061
4930451I11Rik,0.069344293,-0.505
Ino80e,0.77259688,-0.047
Taok2,0.2998206,0.157
Tmem219,0.16008962,0.233
Affy_10568107,0.1123413,0.606
Asphd1,0.64478023,0.11
Mvp,0.23533117,0.341
2900092E17Rik,0.25014138,0.4
Prrt2,0.62305201,-0.091
Maz,0.77152036,-0.05
Kif22,0.74514355,-0.077
Zg16,0.063221138,-0.864
Qprt,0.43105692,-0.146
Spn,0.82054422,0.06
Cd2bp2,0.27512873,0.251
Tbc1d10b,0.78450045,-0.06
01-Sep,0.95503744,-0.011
Affy_10568215,0.96319378,-0.01
Dctpp1,0.7818841,-0.043
Sephs2,0.26573017,-0.194
Zfp768,0.85233291,-0.03
Zfp747,0.39702996,-0.14
9130019O22Rik,0.27490012,-0.222
E430018J23Rik,0.88464304,-0.025
Zfp764,0.11812315,-0.331
Zfp688,0.95003756,0.011
Zfp689,0.80802597,0.046
1700008J07Rik,0.13730786,-0.252
Zfp629,0.26272083,-0.194
Gm166,0.64371254,-0.079
1700120K04Rik,0.58073332,-0.158
Bcl7c,0.69387652,-0.067
Ctf2,0.53978066,-0.143
Affy_10568294,0.86372749,0.032
Hsd3b7,0.040104587,0.395
Stx1b,0.95341847,0.01
Zfp668,0.65153464,0.088
Prss53,0.87726874,0.029
Vkorc1,0.38426247,-0.158
Prss8,0.99429532,-0.004
Prss36,0.76086784,-0.068
Pycard,0.93867739,-0.021
Yipf5,0.41615836,-0.18
Armcx3,0.028795968,0.92
Affy_10568367,0.1373091,-0.225
Cox6a2,0.31257774,-0.254
9130023H24Rik,0.50705106,-0.112
BC017158,0.40218296,0.125
Affy_10568390,0.92986038,-0.015
Rgs10,0.87574914,-0.06
Tial1,0.82658447,0.032
1110007A13Rik,0.68796601,0.058
1110007A13Rik,0.20781215,-0.356
Affy_10568434,0.080297005,-0.432
Fgfr2,0.46880834,-0.182
Rfwd3,0.78209985,0.059
Ate1,0.68913928,0.071
Nsmce4a,0.075835104,0.332
Etos1,0.70281897,-0.076
4933402N03Rik,0.29603932,-0.209
Cuzd1,0.19117093,-0.267
1700007K09Rik,0.59849549,-0.104
2310057M21Rik,0.87577432,-0.026
Ikzf5,0.1311616,0.432
Rpl7a,0.99321281,-0.001
Gm4638,0.17746195,2.12
Cpxm2,0.72354102,0.082
Chst15,0.65505752,0.084
Oat,0.21204313,0.554
Nkx1-2,0.55102657,-0.135
Fam53b,0.58885426,0.103
Mettl10,0.86854165,-0.029
BC002195,0.56020884,0.109
Ctbp2,0.9014308,-0.023
Affy_10568622,0.18601434,-0.199
Tex36,0.73565837,-0.051
Mmp21,0.8351693,-0.049
Uros,0.4772969,0.138
Dhx32,0.56303053,-0.076
Adam12,0.94682014,0.012
A130023I24Rik,0.75864349,-0.081
D7Ertd443e,0.26173942,-0.182
Fam196a,0.025065339,-0.444
Clrn3,0.95605409,-0.014
Mki67,0.11703171,0.61
LTR_Affy_10568731,0.39187144,0.79
Gm10579,0.86185155,-0.024
Ebf3,0.30114374,-0.194
9430038I01Rik,0.29680903,-0.194
Affy_10568763,0.16187941,0.346
Tcerg1l,0.86542345,-0.033
Mapk1ip1,0.74135214,0.056
Bnip3,0.5605616,-0.188
Stk32c,0.68344909,-0.059
Nkx6-2,0.88707559,-0.038
E030019B06Rik,0.50225427,-0.183
9330101J02Rik,0.33290333,-0.208
Ndufab1,0.83142816,-0.036
Gm4974,0.66108559,-0.097
Mir202,0.65154197,0.06
6430531B16Rik,0.22915,-0.204
Adam8,0.95117666,0.013
Tubgcp2,0.81953962,-0.037
Msx3,0.97493882,0.007
Caly,0.65929063,-0.084
1810014F10Rik,0.88612187,-0.018
Echs1,0.67799227,0.082
Sprn,0.25456964,-0.213
Olfr522,0.85087967,-0.047
Olfr524,0.94458561,-0.019
Olfr60,0.18901435,-0.334
Olfr530,0.1757553,-0.259
Olfr531,0.061441833,-0.371
Olfr532,0.22477706,-0.178
Olfr536,0.78593779,0.058
Syce1,0.01456539,-0.42
Znf85,0.65651997,-0.114
Bet1l,0.2857265,-0.195
Sirt3,0.90507693,-0.02
Cox8b,0.67184543,-0.08
Ifitm5,0.43137634,-0.177
Ifitm2,0.38812234,0.189
Ifitm3,0.87843503,-0.036
Ifitm6,0.014434845,0.566
Sigirr,0.628889,-0.104
Ano9,0.68606057,0.087
Rnh1,0.5494555,0.072
Rps9,0.3260618,-0.574
Hras1,0.79753923,0.029
1600016N20Rik,0.45839706,0.118
mir-210,0.39544708,-0.153
Irf7,0.9266959,-0.067
Cdhr5,0.91988889,-0.032
Sct,0.51896453,-0.14
Deaf1,0.35560121,-0.134
Eps8l2,0.93735237,-0.016
Pddc1,0.018728784,0.394
Cend1,0.11340033,-0.291
Slc25a22,0.59182659,0.166
Lrdd,0.58366677,-0.103
Cd151,0.66785925,0.092
Polr2l,0.4920037,-0.128
Chid1,0.95898279,0.013
LOC100036523,0.19104798,-0.272
Muc6,0.86425381,0.032
Tollip,0.08964266,-0.216
2700078K21Rik,0.4926993,-0.124
5530400B01Rik,0.284961,0.157
Dusp8,0.48565251,-0.144
Krtap5-4,0.30998516,-0.284
Krtap5-2,0.43048311,-0.267
Krtap5-2,0.26719108,-0.318
Krtap5-5,0.23348646,-0.347
Affy_10569303,0.80861539,-0.072
Krtap5-1,0.40916551,-0.244
Krtap5-1,0.70268776,-0.114
Gm5054,0.78687908,-0.05
6330512M04Rik,0.74923338,-0.07
Ctsd,0.67902404,0.089
Gm14492,0.084752023,-0.384
H19,0.63931907,-0.233
H19,0.48563192,-0.179
Igf2,0.49703195,-0.199
mir-483,0.066492224,-0.42
Ins2,1,0
Gm7290,0.16253727,0.419
Th,0.13626835,-0.367
Ascl2,0.030947723,-0.486
Affy_10569389,0.028558006,-0.503
R74862,0.13624644,0.304
Trpm5,0.36765003,-0.204
Cdkn1c,0.92695022,0.022
Phlda2,0.83550853,-0.04
Nap1l4,0.38695448,-0.109
Snorda54,0.82354027,0.051
Cars,0.97968188,-0.006
Tnfrsf26,0.98605759,0.003
Tnfrsf22,0.96944114,-0.008
Tnfrsf23,0.6053951,-0.155
Osbpl5,0.61723557,0.099
Mrgprg,0.71728387,-0.076
Mrgpre,0.047710012,-0.458
Nadsyn1,0.90360485,0.023
Cttn,0.97435776,-0.006
Ppfia1,0.33231302,0.136
Fadd,0.55658227,0.117
Ano1,0.42288234,0.157
Ccnd1,0.29572071,0.862
1810010D01Rik,0.19909565,-0.247
Tpcn2,0.85224983,0.035
AU018091,0.082571721,-0.375
Cacng8,0.40107538,-0.192
Myadm,0.051583349,0.609
Cacng7,0.9517734,0.016
Affy_10569717,0.47284738,-0.147
A430078G23Rik,0.9778127,-0.006
Arhgef18,0.12472348,0.174
1700019B03Rik,0.012934191,-0.405
Zfp358,0.9921478,-0.002
Mcoln1,0.92949319,-0.014
Pnpla6,0.46838826,0.1
C330021F23Rik,0.71282345,0.116
2310057J16Rik,0.33989622,0.175
Stxbp2,0.33810567,0.129
Retn,0.95709606,0.011
1810033B17Rik,0.36952139,0.183
Trappc5,0.54761521,-0.106
Aida,0.53821684,0.193
Cd209g,0.45462773,-0.143
Evi5l,0.091171681,0.216
Lrrc8e,0.39942512,0.168
Map2k7,0.6833904,0.046
Snapc2,0.23150247,-0.205
Ccl25,0.57298152,-0.113
Ccl25,0.043756195,0.435
Lass4,0.71773104,-0.06
BC003267,0.083133483,0.482
LOC674846,0.53310373,0.136
Hmgb1,0.77862908,0.048
Rpl21,0.58479213,-0.075
Gm5605,0.23601549,-0.414
Gpi1,0.89911633,0.033
2410089E03Rik,0.77708375,-0.23
4921522P10Rik,0.80525983,0.063
B930078G14Rik,0.29575052,-0.204
Affy_10570011,0.036457336,-0.428
Abhd13,0.68637447,-0.093
Tnfsf13b,0.18828129,-0.416
Myo16,0.85694087,-0.042
Col4a2,0.99027299,-0.003
Carkd,0.11314531,-0.177
Ing1,0.3910858,-0.117
Affy_10570139,0.9734954,0.005
1700128E19Rik,0.3046164,-0.204
Arhgef7,0.037775091,0.366
1700018L24Rik,0.86376081,0.036
A230072I06Rik,0.6395854,-0.163
Gm5607,0.89314295,0.023
Sox1,0.55354264,-0.107
1700094C09Rik,0.95535628,0.01
4931415C17Rik,0.2959056,-0.289
Atp11a,0.33704924,-0.378
Mcf2l,0.049639205,-0.381
Affy_10570278,0.37784371,-0.167
F7,0.8365359,0.052
F10,0.21339137,-0.189
Proz,0.094540314,-0.212
Cul4a,0.90417443,-0.015
Lamp1,0.058200184,-0.216
Tmco3,0.31027306,-0.146
Tfdp1,0.60140771,0.102
Grk1,0.68169825,0.089
Fam70b,0.41607397,-0.192
Cdc16,0.22315649,0.234
Upf3a,0.70533781,0.059
Zfp828,0.81078771,0.051
Snora3,0.85630124,0.099
Ifitm1,0.33560113,0.218
Fbxo25,0.34791382,0.169
Gm10699,0.8736832,0.034
Dlgap2,0.18830306,-0.298
Hmgb1,0.60967837,0.089
Cln8,0.46742277,0.138
Arhgef10,0.53990235,-0.149
2900016B01Rik,0.10834139,-0.494
Kbtbd11,0.28341805,0.293
Myom2,0.20096011,-0.231
Mcph1,0.96557218,-0.011
Agpat5,0.10966418,0.332
Affy_10570585,0.86861191,-0.021
Defb34,0.046132089,-0.593
Spag11b,0.56671208,-0.13
Spag11a,0.43713669,-0.199
Affy_10570604,0.68359876,0.092
Defb14,0.3779145,0.102
Defb4,0.66421044,-0.096
Defb5,0.77735268,-0.086
Defb6,0.22541605,0.215
Defb46,0.91859295,-0.025
Defb3,0.47200949,-0.132
Rpl19,0.8272729,-0.026
Defb7,0.33667717,-0.179
Gm16425,0.39316887,0.16
4930467E23Rik,0.35618326,0.392
2610005L07Rik,0.24927536,-0.563
AY761185,0.54463556,0.08
Gm6040,0.84812144,-0.05
LOC100039037,0.69550913,0.104
Defa21,0.31586612,-0.201
Defa23,0.092830203,-0.311
Defa5,0.33064852,-0.169
Defa25,0.44366419,-0.172
LOC637882,0.32124588,0.229
Defa3,0.056090924,-0.372
Defa22,0.19326659,-0.235
Defa23,0.092830203,-0.311
Affy_10570680,0.76927509,-0.038
Defa-ps1,0.098091035,-0.288
Defa-ps17,0.05040275,-0.248
Defa3,0.023147613,-0.402
Defa5,0.28986034,-0.18
Affy_10570697,0.9183879,0.016
Defa25,0.50216262,-0.157
Defa25,0.45074862,-0.132
Defa20,0.24219482,-0.211
Defa20,0.30735164,-0.184
Defa5,0.39297496,-0.168
Affy_10570720,0.83275212,0.033
Defa25,0.51848442,-0.122
Defa26,0.11603348,-0.391
Defa3,0.023147613,-0.402
Defa5,0.29314607,-0.194
Defa24,0.30365196,-0.248
Affy_10570738,0.15090309,-0.425
Defb1,0.50266764,1.092
Defb50,0.50028056,0.11
Defb2,0.50404051,-0.119
Defb10,0.65558846,-0.1
Defb35,0.93459697,-0.033
Defb13,0.30290054,-0.206
Ccdc70,0.15553004,0.263
Alg11,0.67881284,-0.085
Vps36,0.30761455,0.176
Thsd1,0.15643006,-0.246
Tpte,0.65157101,0.059
Mrps31,0.34946435,0.265
Slc20a2,0.14863376,-0.264
Dkk4,0.037786745,-0.634
Plat,0.86153896,-0.044
1700041G16Rik,0.42486717,-0.13
Myst3,0.96691397,-0.005
Ank1,0.049999298,-0.344
Nkx6-3,0.15542271,-0.326
4930518F22Rik,0.92048912,0.03
Sfrp1,0.77963549,-0.08
Zmat4,0.30419268,0.158
A730045E13Rik,0.96159044,-0.012
Tm2d2,0.74905295,-0.074
Rps23,1,0
Fgfr1,0.87692591,0.061
Letm2,0.25435317,-0.331
Whsc1l1,0.54541279,-0.126
Ppapdc1b,0.76277127,0.069
Bag4,0.88879708,0.026
Lsm1,0.68519593,-0.09
Star,0.68421298,-0.087
Kcnu1,0.07137801,-0.246
Rnf170,0.42152661,0.201
Thap1,0.5529014,0.087
Znf703,0.30330647,-0.195
Erlin2,0.63098372,-0.106
Prosc,0.52848993,-0.098
Gpr124,0.36436452,0.151
Eif4ebp1,0.093043314,-0.278
Tex24,0.18606644,-0.476
Chrnb3,0.032827469,-0.428
Poteg,0.50549878,-0.097
Gm1698,0.7290284,0.075
Rpl29,0.41805322,-0.154
Dusp26,0.93202688,-0.021
Rnf122,0.68521298,-0.092
BC019943,0.8085375,-0.048
Fut10,0.1312867,-0.497
Purg,0.1633231,0.292
5930422O12Rik,0.20031692,0.314
5930422O12Rik,0.32905593,-0.196
Hmgb1-rs17,0.25615496,0.137
Tex15,0.97893875,-0.004
Ppp2cb,0.4464341,-0.113
Gsr,0.31847,-0.493
Gtf2e2,0.2911285,0.231
Gm9951,0.46985822,-0.138
Mboat4,0.53628128,-0.16
Tmem66,0.31738246,0.346
Rpl29,0.54139616,-0.131
Dusp4,0.16458345,0.328
Tnks,0.37663743,0.183
Ppp1r3b,0.11398408,1.061
Mfhas1,0.35451149,0.174
Gm501,0.57003851,-0.114
Rps12,0.7785226,0.067
D8Ertd82e,0.32077735,0.19
6430573F11Rik,0.033039727,1.107
AI429214,0.91495666,0.018
Gm16530,0.34313577,-0.302
Affy_10571367,0.45088647,0.158
Tusc3,0.56433911,-0.108
Tusc3,0.18229846,-0.293
Efha2,0.31879993,0.377
Zdhhc2,0.89439917,0.054
Vps37a,0.75812729,0.063
Adam24,0.019744278,-0.412
Adam25,0.68403957,0.062
4930529F22Rik,0.081608892,-0.277
Adam39,0.55297062,-0.131
Slc7a2,0.9309767,0.018
Pdgfrl,0.41562107,-0.226
Pcm1,0.30738453,0.335
Hpse2,0.65680307,0.099
Gm6284,0.91313854,0.02
Triml2,0.80468922,-0.046
Affy_10571528,0.65924636,-0.094
Fat1,0.90068666,0.045
Mtnr1a,0.2132624,-0.628
Sorbs2,0.63996691,-0.091
Affy_10571599,0.7123908,-0.132
Pdlim3,0.074107849,-0.31
Ccdc110,0.36014451,-0.162
Ufsp2,0.91147993,-0.018
Lrp2bp,0.43084977,-0.253
4933411K20Rik,0.88486418,0.027
Actg1,0.11021327,0.43
Affy_10571655,0.93526409,-0.017
Acsl1,0.37303543,-0.254
Mlf1ip,0.61696953,-0.094
Casp3,0.69550233,0.079
Irf2,0.93391958,-0.015
Enpp6,0.23113629,0.527
Gm10083,0.78782389,-0.061
Affy_10571726,0.21498843,0.234
Rwdd4a,0.54842931,0.1
AA386476,0.11357906,-0.358
Cdkn2aip,0.29554049,-0.243
Affy_10571741,0.75837298,-0.077
Cldn24,0.74873139,0.085
Cldn22,0.97643445,-0.005
Affy_10571747,0.58693242,0.151
Affy_10571749,0.89861933,0.033
Dctd,0.88219639,-0.023
Affy_10571761,0.33787626,-0.209
4930555F03Rik,0.29122507,-0.247
Affy_10571768,0.54420918,-0.082
Affy_10571770,0.51505318,0.089
Affy_10571772,0.63357837,-0.088
Aga,0.53312912,0.148
Affy_10571784,0.66672116,0.092
Vegfc,0.22333177,0.196
Asb5,0.51036551,0.121
Spata4,0.89169993,-0.022
Gpm6a,0.14285191,0.383
Gm10674,0.1941024,-0.359
Affy_10571826,0.14439031,0.302
Glra3,0.84657322,0.025
Hpgd,0.43567477,0.272
Fbxo8,0.95254735,-0.01
Affy_10571857,0.64587931,0.083
Hand2,0.70789458,-0.065
Scrg1,0.76045257,0.042
Hmgb2,0.23338217,0.27
Gapdh,0.69330516,-0.055
BC030500,0.2253054,-0.26
Affy_10571884,0.73904751,0.08
Affy_10571889,0.64752819,-0.097
Aadat,0.04527684,-0.691
Mfap3l,0.65896038,-0.083
C4orf27,0.51095722,-0.144
B230317F23Rik,0.43061529,0.192
Nek1,0.83236842,0.048
Sh3rf1,0.14941905,-0.36
Affy_10571975,0.40947328,-0.215
Cbr4,0.26867274,-0.164
Ddx60,0.86133779,-0.103
Spock3,0.70845624,-0.076
Tmem192,0.45174742,0.11
Affy_10572046,0.6485877,0.216
Affy_10572048,0.27646,0.16
01-Mar,0.17922308,0.315
Affy_10572064,0.8701423,-0.029
Tktl2,0.21270862,-0.218
Npy1r,0.66370573,-0.072
Naf1,0.672623,0.093
Affy_10572083,0.89524007,0.037
Nat1,0.38323378,0.254
Nat2,0.31165217,0.283
Nat3,0.42305083,-0.118
Sh2d4a,0.18782988,0.405
Ints10,0.34527079,-0.408
Lpl,0.94774523,-0.041
Atp6v1b2,0.6029467,0.096
D10627,0.90587639,0.023
D130040H23Rik,0.15438947,0.292
LOC674930,0.32247311,0.18
Atp13a1,0.79599513,-0.047
Gmip,0.30621637,-0.207
Lpar2,0.36899479,-0.238
Pbx4,0.5179491,-0.151
Tssk6,0.52421093,-0.127
Sugp1,0.063731735,0.324
Tm6sf2,0.85627218,0.069
Hapln4,0.26142226,0.425
Nr2c2ap,0.73674625,0.076
Mef2b,0.57462166,0.099
Tmem161a,0.46910333,-0.102
Sugp2,0.3182747,0.157
Homer3,0.048088093,-0.331
Cope,0.42989565,0.175
Gdf1,0.12840275,-0.308
Comp,0.61983738,-0.108
Crlf1,0.19295949,-0.322
Fkbp8,0.90070545,0.017
Ell,0.83451792,-0.035
Isyna1,0.072160336,0.573
Lrrc25,0.73544718,0.13
Lsm4,0.27844457,0.577
Jund,0.64532442,-0.114
Gm16486,0.37085086,-0.199
Pde4c,0.1160516,-0.936
Rab3a,0.18914297,-0.2
Il12rb1,0.38764047,-0.244
A230052G05Rik,0.61421043,-0.117
Map1s,0.67177577,-0.078
Gm10654,0.46401823,-0.167
Gm7827,0.35987101,0.316
Myo9b,0.43210267,0.172
Use1,0.14505612,0.301
Ocel1,0.26709381,-1.018
Babam1,0.35588681,0.156
Ankle1,0.005401087,-0.49
Mrpl34,0.56487747,0.102
Dda1,0.97318106,0.005
Gtpbp3,0.97133139,0.005
Sfn,0.45002149,0.171
Fam125a,0.22342769,-0.258
Slc27a1,0.23384467,0.373
Pgls,0.75857,0.068
Fam129c,0.18670954,-0.303
Glt25d1,0.26741538,0.463
Jak3,0.58041956,0.104
Gm3771,0.81962696,0.077
Zfp709,0.57375087,0.204
Zfp882,0.38678402,0.228
Zfp617,0.1889039,0.447
BC049349,0.64882207,0.106
6430601O08Rik,0.091287314,0.426
Olfr372,0.28843448,-0.224
Olfr373,0.3179463,-0.329
Olfr374,0.75772192,-0.083
Tpm4,0.062205729,0.589
Affy_10572755,0.19258068,-0.304
Rab8a,0.4589867,-0.137
Hsh2d,0.30913835,-0.168
Fam32a,0.77375002,-0.036
Ap1m1,0.80740342,-0.055
Klf2,0.57472318,-0.116
1700030K09Rik,0.41081227,0.146
Usmg5,0.93289123,0.018
Tmem38a,0.73088693,0.053
Sin3b,0.61693326,0.059
F2rl3,0.54961834,-0.205
Isx,0.57125655,-0.11
Hmgxb4,0.11527297,0.275
Tom1,0.39261888,-0.084
Hmox1,0.34647498,0.463
Mcm5,0.63526146,0.108
Rasd2,0.29191069,-0.288
Naa20,0.3179967,0.182
1700007B14Rik,0.55955789,-0.101
Nr3c2,0.9110963,0.028
Affy_10572958,0.039282599,0.317
Gm16529,0.89904123,-0.024
Prmt10,0.63032583,0.105
Ttc29,0.21014349,-0.212
Slc10a7,0.39797155,-0.167
Zfp827,0.54244995,-0.098
Otud4,0.34450234,-0.142
Anapc10,0.86888109,-0.032
Gypa,0.60349358,-0.12
Frem3,0.91125377,-0.021
Affy_10573075,0.67854604,-0.085
Usp38,0.67591837,0.077
Inpp4b,0.72139558,0.075
Affy_10573110,0.43970031,0.251
Affy_10573112,0.17801929,-0.276
Rnf150,0.81907612,0.045
Tbc1d9,0.22233414,0.349
Ucp1,0.97650528,-0.004
4933434I20Rik,0.23524974,-0.167
Clgn,0.82517387,0.032
Olfr370,0.18157485,-0.311
Ndufb7,0.76644981,0.051
Dnajb1,0.20855497,-0.42
Gipc1,0.25373351,-0.419
Ptger1,0.69648492,-0.076
Ddx39,0.36747777,-0.164
Affy_10573232,0.42650818,-0.196
Lphn1,0.20829111,-0.189
Asf1b,0.9578243,0.014
Prkaca,0.35302677,0.161
1700067K01Rik,0.29262282,0.232
Palm3,0.41462937,-0.219
Rfx1,0.71213686,-0.048
mir-709,0.76286782,-0.061
Podnl1,0.043343218,-0.48
4930432K21Rik,0.38072368,-0.259
Mir23a,0.26777627,-0.313
mir-27a,0.11714558,-0.444
mir-24-2,0.2454824,-0.292
Cacna1a,0.11305895,-0.787
Trmt1,0.98398818,0.004
Lyl1,0.83884477,-0.037
Nfix,0.5338392,-0.128
Gadd45gip1,0.27682382,0.789
Farsa,0.16972375,-0.233
Syce2,0.1236043,0.355
Klf1,0.16700483,-0.392
Dnas2a,0.22905351,-0.154
Rtbdn,0.69891747,-0.112
Prdx2,0.17620711,0.184
Hook2,0.96074934,-0.008
2310036O22Rik,0.049930382,-0.201
Tnpo2,0.087980246,-0.287
Fbxw9,0.29584029,0.394
Dhps,0.4229118,0.164
C19orf56,0.74247511,0.177
Man2b1,0.26208018,0.408
Gm6531,0.53465361,-0.195
Olfr371,0.07970619,-0.35
Orc6l,0.16514921,0.39
Affy_10573624,0.071079147,-0.301
Gpt2,0.64241577,0.155
Phkb,0.66809499,0.086
Affy_10573673,0.84483058,0.036
Lonp2,0.27557344,-0.168
Gm10638,0.39953698,-0.188
Rps13,0.6992493,0.055
4933402J07Rik,0.77702513,-0.064
Tmem188,0.57821864,0.068
Heatr3,0.70347638,-0.051
9430002A10Rik,0.60875957,-0.107
Papd5,0.40022514,-0.092
Adcy7,0.75251349,0.093
Nkd1,0.43764868,0.154
Nod2,0.46498766,-0.132
Cyld,0.15011196,0.314
Rps6,0.02365357,-0.246
Chd9,0.34867222,-0.253
Gm3579,0.40023852,1.237
Rbl2,0.1057685,0.266
Fto,0.087986821,0.225
Irx3,0.44906768,-0.211
Affy_10573908,0.1129618,0.311
Irx5,0.52814396,-0.106
Irx6,0.3730315,0.154
Mmp2,0.70802482,0.154
Lpcat2,0.31134512,0.5
Capns2,0.14683122,-0.31
Slc6a2,0.59223029,-0.098
Ces7,0.24992622,-0.215
Gnao1,0.88832748,0.026
Amfr,0.81796697,0.052
Ogfod1,0.25892215,0.176
Mt4,0.86814754,-0.029
Mt3,0.35797558,-0.228
Mt2,0.52590571,-1.084
Mt1,0.5576642,-0.844
Nup93,0.41597368,0.155
mir-138-2,0.67384345,0.085
Slc12a3,0.38427458,-0.257
Herpud1,0.31729209,-0.433
Ap3s1,0.35405217,0.166
Nlrc5,0.97992141,0.01
Nlrc5,0.2719011,-0.239
Nlrc5,0.92357726,-0.034
Nlrc5,0.47435846,0.241
Nlrc5,0.45023298,0.18
Nlrc5,0.61622957,0.208
Nlrc5,0.91796123,-0.031
Nlrc5,0.99542647,0.002
Nlrc5,0.27693483,0.236
Nlrc5,0.41269826,0.27
Nlrc5,0.14708163,0.624
Affy_10574147,0.85051806,-0.052
Nlrc5,0.48096149,0.287
Nlrc5,0.79517468,0.077
Nlrc5,0.60108772,0.089
Nlrc5,0.90230517,-0.029
Nlrc5,0.51819151,0.199
Nlrc5,0.67848335,0.093
Nlrc5,0.91905906,0.017
Nlrc5,0.5810334,-0.168
Cpne2,0.56810044,0.22
Rspry1,0.74698207,0.052
Arl2bp,0.63206941,0.197
Ccl22,0.95629789,-0.014
Cx3cl1,0.58422568,-0.156
Ccl17,0.86714002,0.03
LOC676736,0.54695962,0.115
Coq9,0.15573749,-0.386
Polr2c,0.55692414,0.122
Gpr114,0.69634554,-0.08
Gpr56,0.44450739,-0.26
Gpr97,0.61151178,0.079
Ccdc135,0.57120664,-0.106
Katnb1,0.95412324,-0.01
Tepp,0.68412592,-0.09
AA960436,0.73992425,-0.039
Mmp15,0.89641302,0.034
Ccdc113,0.97526448,0.005
Affy_10574375,0.77645326,-0.086
Gins3,0.84786438,0.039
Ndrg4,0.8338034,-0.036
Setd6,0.36794109,-0.157
4930513N10Rik,0.87838,-0.034
Sap18,0.85520356,-0.028
1700047G07Rik,0.58322014,-0.229
Gm5131,0.72040014,-0.079
Gm10632,0.099519879,-0.404
A330008L17Rik,0.41688893,-0.156
Impdh2,0.019756774,1.236
Affy_10574429,0.17064683,-0.316
Hmgcs2,0.17746195,2.12
LOC280487,0.17746195,2.12
Khdrbs1,0.66586489,-0.088
Cdh5,0.092347439,0.436
Bean,0.10778522,-0.289
Cklf,0.060192634,0.44
Cmtm2b,0.47734735,-0.122
Cmtm3,0.78623814,0.074
Dync1li2,0.34436373,-0.134
Car7,0.4084785,-0.159
Pdp2,0.61845076,-0.114
Tlm,0.82440628,-0.051
Ces6,0.93673534,0.034
4932416K20Rik,0.93126898,0.018
BC015286,0.70551823,-0.086
Ces2,0.98647933,-0.01
Ces2,0.95639192,0.023
Ces5,0.19016371,0.561
2310038E17Rik,0.90659016,0.017
2210023G05Rik,0.36741512,0.32
Affy_10574584,0.85421514,-0.033
Affy_10574595,0.75923015,0.088
Es31,0.21728281,-0.262
Gm4738,0.37613926,-0.539
Ces8,0.17336658,-0.494
Cbfb,0.5649309,-0.114
D230025D16Rik,0.83939151,-0.044
Fbxl8,0.76445592,-0.068
Hsf4,0.042783966,-0.29
Nol3,0.95544932,0.015
E2f4,0.58001601,-0.085
Elmo3,0.077412399,0.278
Tmem208,0.702542,0.072
Slc9a5,0.46616369,-0.2
Plekhg4,0.017014752,-0.36
Lrrc36,0.80917143,-0.042
Hsd11b2,0.81563383,-0.06
Fam65a,0.84370214,0.023
Ctcf,0.38106828,0.145
Rltpr,0.56484067,-0.09
Pard6a,0.53902211,0.136
4933405L10Rik,0.51210717,-0.143
Tsnaxip1,0.3538333,-0.2
Thap11,0.97051131,-0.006
Nutf2,0.99701003,0.001
Edc4,0.88436355,-0.021
Nrn1l,0.20096528,-0.191
Pskh1,0.4931625,-0.085
Dus2l,0.13936185,0.445
Nfatc3,0.66254075,0.069
Pla2g15,0.62709148,0.086
Slc7a6,0.33236281,-0.184
Prmt7,0.71584069,-0.063
Gm10629,0.25622773,-0.321
Zfp90,0.65509648,0.101
6030452D12Rik,0.14797995,-0.404
Cdh3,0.14481511,-0.197
Cdh1,0.84709403,0.221
Tmco7,0.25280389,0.235
Has3,0.35527629,0.167
Cirh1a,0.27336942,-0.177
Sntb2,0.28982869,-0.514
Vps4a,0.80275925,0.034
Cog8,0.94269815,-0.012
Nip7,0.98567899,-0.004
C630050I24Rik,0.039135608,-0.536
Cyb5b,0.28969397,0.426
Nfat5,0.58133773,0.117
Wwp2,0.39179128,0.15
Affy_10575209,0.034645603,0.498
mir-140,0.78044973,0.056
Zfhx3,0.92157762,-0.017
Pmfbp1,0.78191395,-0.051
Txnl4b,0.92413215,-0.024
Pkd1l3,0.32582407,-0.191
Zfp821,0.12759356,-0.281
Ap1g1,0.85254897,-0.021
Affy_10575326,0.88551839,0.023
Phlpp2,0.82385822,0.032
Tat,0.92792612,0.023
Zfp612,0.29488448,-0.288
Gm1467,0.68717012,-0.09
Ftsjd1,0.24452627,0.253
Hydin,0.21643229,-0.179
Gm9558,0.24757573,0.213
Vac14,0.06330785,0.408
Mtss1l,0.78718135,-0.053
Cog4,0.58527693,0.112
St3gal2,0.97438012,0.005
Affy_10575548,0.10142262,-0.39
Aars,0.89979864,-0.017
4930402E16Rik,0.57630896,-0.102
Affy_10575596,0.5519514,-0.124
Znrf1,0.82101018,0.048
Zfp1,0.87774313,0.022
Gabarapl2,0.41799947,-0.261
Terf2ip,0.24699712,-0.189
Affy_10575628,0.39948901,-0.171
Cntnap4,0.8288305,-0.046
Gm10280,0.95362813,-0.009
Mon1b,0.39504694,0.123
Syce1l,0.65037123,-0.122
Nudt7,0.13144034,-0.922
Vat1l,0.4553743,-0.112
Clec3a,0.64328828,-0.103
Wwox,0.41812675,-0.164
Affy_10575719,0.47955893,-0.139
Dynlrb2,0.5137122,-0.115
Cenpn,0.97736845,-0.006
Atmin,0.97672831,-0.004
Bcmo1,0.088448218,-0.581
Gan,0.60680081,-0.135
Cmip,0.34917919,-0.185
Cmip,0.55973928,-0.138
Plcg2,0.75546462,-0.086
Hsd17b2,0.58833048,-0.132
Affy_10575840,0.75653763,0.05
Affy_10575842,0.51268242,-0.158
Cdh13,0.97870651,0.006
Hsbp1,0.87476357,-0.029
Mlycd,0.2910138,0.525
Osgin1,0.5898335,-0.323
Necab2,0.44953155,-0.251
Lrrc50,0.84263473,-0.038
Adad2,0.52382353,-0.11
Wfdc1,0.90506498,-0.022
Atp2c2,0.79787457,-0.056
Klhl36,0.44009816,-0.154
Usp10,0.40256899,0.168
Crispld2,0.1608466,-0.278
Kiaa0513,0.063993381,0.333
Gse1,0.49442049,-0.119
Gm10614,0.29833401,0.22
Cox4i1,0.78167202,-0.049
Irf8,0.64395443,0.154
Foxf1a,0.55303839,-0.105
Foxf1a,0.80433234,-0.05
Foxc2,0.38424348,-0.128
Foxl1,0.50415482,-0.156
Map1l3cb,0.86331802,0.04
Jph3,0.65758554,-0.084
Car5a,0.016735724,0.527
Banp,0.20025448,-0.332
Gm22,0.77089998,-0.07
Zfpm1,0.89316762,-0.031
Zc3h18,0.18003743,-0.181
Il17c,0.15632262,-0.385
9330133O14Rik,0.83758266,-0.039
Ctu2,0.71999217,-0.057
Cdt1,0.4356759,-0.121
Trappc2l,0.53023956,-0.104
Cbfa2t3,0.13484453,-0.369
Acsf3,0.88809961,0.027
Gm16378,0.52954845,0.167
Cdh15,0.43772826,-0.166
Affy_10576189,0.14606472,0.505
Spg7,0.56528245,0.087
Rpl13,0.97785964,-0.004
Rpl13,0.81533564,0.101
Cpne7,0.76190637,-0.069
Dpep1,0.92921887,0.018
Rps12,0.86143092,0.036
4732415M23Rik,0.49689666,-0.164
Cdk10,0.64179718,0.069
Zfp276,0.72592853,0.07
Spire2,0.30845463,-0.218
Tcf25,0.39300325,-0.089
Mc1r,0.77745223,-0.06
Tubb3,0.83748558,0.056
Def8,0.19992244,0.606
Afg3l1,0.22187998,0.243
Gas8,0.31978465,-0.181
Rhou,0.20320754,0.258
Rab4a,0.48692929,-0.19
1700054N08Rik,0.6095711,-0.144
Urb2,0.19961157,-0.209
Affy_10576413,0.256496,-0.196
Galnt2,0.41204792,0.154
Affy_10576437,0.67060954,-0.096
Cog2,0.42949892,0.101
Capn9,0.86533292,0.032
Arv1,0.70212457,-0.095
Affy_10576490,0.13746156,-0.247
Affy_10576493,0.2597528,-0.267
Trim67,0.32991746,-0.253
Gnpat,0.37878993,0.133
Sprtn,0.74370779,0.054
Tsnax,0.30958343,-0.155
Disc1,0.94433937,0.015
Affy_10576556,0.69522851,-0.155
4933403G14Rik,0.67021893,0.083
2310079N02Rik,0.90031159,-0.026
BC021891,0.64928339,0.091
Kcnk1,0.000402275,-1.052
Slc35f3,0.60385763,-0.11
Coa6,0.83411065,0.05
A630001O12Rik,0.79154496,0.037
Affy_10576608,0.022361087,-0.435
Pard3,0.93838435,-0.01
Nrp1,0.84551181,-0.068
Affy_10576657,0.96634152,0.009
Affy_10576659,0.87445278,0.05
Itgb1,0.39147569,-0.119
Ccdc7,0.86038889,-0.038
Insr,0.8880934,-0.023
Insr,0.97781706,-0.004
Pex11c,0.058897115,-0.271
Rps23,0.75536572,-0.045
Xab2,0.27164359,0.155
Pcp2,0.93477025,-0.018
Fcer2a,0.53807943,0.183
Clec4g,0.70985953,0.082
Clec4g,0.87562157,0.044
Cd209a,0.81006997,-0.052
Cd209a,0.1553842,0.318
Gm7381,0.21251061,0.238
Cd209e,0.10904795,-0.397
Cd209d,0.2390016,-0.197
Cd209b,0.36497692,-0.244
Cd209c,1,0
Cd209f,0.81185188,-0.148
Evi5l,0.45501431,-0.091
BC068157,0.98189554,-0.005
Ctxn1,0.08255877,-0.375
Timm44,0.5907616,0.073
Elavl1,0.9293974,0.013
Gm7461,0.081418887,-0.478
Shcbp1,0.75273668,-0.06
Gm9457,0.47032222,-0.163
Affy_10576899,0.5274022,-0.187
Slc10a2,0.88229925,-0.091
Affy_10576909,0.9465512,-0.012
Efnb2,0.71735701,-0.068
Arglu1,0.49067785,-0.096
Fam155a,0.51932535,-0.137
Fam155a,0.35952416,-0.189
Affy_10576942,0.98460202,0.003
Gm10067,0.66233107,0.097
Lig4,0.47000036,-0.128
Tnfsf13b,0.70046854,-0.094
Affy_10576953,0.53886644,-0.116
Affy_10576965,0.6078223,0.093
3930402G23Rik,0.89081066,0.03
Irs2,0.59246331,-0.157
Col4a1,0.78532802,0.057
Rab20,0.80586876,0.036
Cars2,0.49299978,0.1
Ankrd10,0.24609238,-0.205
1700016D06Rik,0.47892944,0.109
Gm7606,0.47763439,0.212
Affy_10577067,0.19275701,-0.249
Tubgcp3,0.23120108,0.184
Gm15348,0.096303506,-0.362
Pcid2,0.8139466,-0.038
Grtp1,0.37743361,-0.168
Adprhl1,0.52386263,-0.117
Dcun1d2,0.89033388,0.027
E330037G11Rik,0.84141318,-0.04
Atp4b,0.61022063,0.111
Gas6,0.4099859,0.463
1700029H14Rik,0.68672834,-0.089
Rasa3,0.16906595,0.308
Gm7669,0.23835983,-0.379
AF366264,0.54351825,-0.223
2410022L05Rik,0.81925873,-0.043
Tdrp,0.50561342,0.163
Erich1,0.25596991,0.17
BB014433,0.25251842,-0.322
Csmd1,0.5432133,-0.085
Affy_10577312,0.83403797,-0.043
Angpt2,0.61592703,0.107
Xkr5,0.33113931,-0.194
Defb40,0.76367307,-0.043
Defb37,0.83036297,-0.044
Defb38,0.65341471,-0.089
Defb39,0.74571868,-0.068
Defb12,0.06521198,-0.498
Affy_10577356,0.48098761,-0.13
Defb8,0.91518967,0.032
Gm15319,0.32781563,0.316
EG654453,0.24299373,-0.343
4930467E23Rik,0.28327494,0.402
6820431F20Rik,0.2237634,-0.582
6820431F20Rik,0.18052805,-0.694
Affy_10577419,0.79293988,-0.048
Defa-rs1,0.003520438,-0.592
Affy_10577424,0.74368354,-0.149
Defa-rs1,0.005982184,-0.568
Defa-rs1,0.006241113,-0.59
Affy_10577432,0.75573465,-0.078
Defa-rs1,0.00445711,-0.668
AY761184,0.096111826,-0.497
Defb9,0.61287724,0.089
Defb11,0.090257395,-0.342
Defb15,0.034388159,-0.461
Atp7b,0.95957011,0.009
Nek5,0.38705016,0.133
Nek3,0.095998469,0.268
Ckap2,0.75585918,-0.108
Slc25a15,0.49461019,-0.275
AI316807,0.96851297,-0.009
Vdac3,0.73833839,0.044
Polb,0.45630395,-0.182
Ikbkb,0.60099568,0.07
Ap3m2,0.17528831,-0.267
Lsm6,0.33460113,0.262
Mir3107,0.4627662,-0.186
Agpat6,0.49690144,0.177
Gins4,0.53312361,-0.194
Golga7,0.21519535,-0.145
C8orf4,0.62177606,0.349
Ido2,0.78443206,-0.098
Ido1,0.50178864,-0.146
Adam18,0.16906259,-0.204
Adam3,0.78166273,-0.05
Adam5,0.96373647,-0.005
Adam32,0.5086238,-0.095
Adam9,0.98543432,0.003
Htra4,0.11499828,-0.406
Plekha2,0.33057932,0.243
Tacc1,0.35943188,0.158
Letm2,0.12677589,0.334
Ddhd2,0.90383974,0.034
Bag4,0.9611047,-0.01
Ash2l,0.53610179,0.081
Hgsnat,0.87491798,0.039
4930444A02Rik,0.65671435,-0.079
Fnta,0.47476981,0.109
Hook3,0.67773553,0.052
Prosc,0.5702728,-0.146
Brf2,0.10128547,0.38
Rab11fip1,0.48592543,0.098
Got1l1,0.92882706,0.013
Adrb3,0.16589242,-1.601
Chrna6,0.71728263,-0.071
Affy_10577990,0.63560707,0.082
Affy_10577992,0.59976445,-0.127
Gm8096,0.017420254,-0.467
Unc5d,0.21608162,-0.205
Unc5d,0.34317961,-0.158
Gm9911,0.50355448,0.107
Nudc,0.44763293,-0.223
Gm6853,0.37151512,-0.287
Affy_10578025,0.58798968,0.14
Mak16,0.26908929,0.231
Eif3h,0.53958137,0.097
Affy_10578040,0.54255942,-0.111
Gm5117,0.47039843,-0.205
Nrg1,0.86652972,-0.056
Rpl27a,0.79729842,-0.039
Affy_10578066,0.32097227,-0.278
Gtpbp10,0.24279293,0.28
Wrn,0.3365109,0.238
Ubxn8,0.72419888,0.071
1700104B16Rik,0.19637259,-0.283
Rbpms,0.15926537,0.372
Affy_10578136,0.47062224,0.302
Dctn6,0.5706508,0.145
Erh,0.51131998,0.108
Leprotl1,0.34436566,-0.21
Gm6100,0.079311222,-0.481
Affy_10578155,0.74047473,0.118
Tnks,0.65672853,0.097
Tnks,0.25765044,0.295
Affy_10578191,0.049679154,-0.483
Eri1,0.15858479,0.315
Cldn23,0.4277182,-0.13
Lonrf1,0.45852606,0.165
Lonrf1,0.9149765,0.032
Dlc1,0.38063143,0.175
A730069N07Rik,0.27289374,0.18
Gm10683,0.77373908,-0.098
Affy_10578251,0.96617329,0.009
Sgcz,0.82146123,0.032
mir-383,0.62863204,-0.125
Msr1,0.58501526,0.22
Affy_10578277,0.4897902,0.141
Gm10682,0.054167559,-0.418
Fgf20,0.21640986,-0.286
Cnot7,0.60811242,0.08
Mtmr7,0.19373844,-0.532
Gm8423,0.78335822,-0.092
Pdgfrl,0.49202774,0.227
Mtus1,0.46791698,0.104
Fgl1,0.30860444,0.744
Asah1,0.33794026,0.472
Frg1,0.40577628,0.168
Zfp353,0.90055585,-0.024
Smarce1,0.40517484,0.135
Triml1,0.86465705,0.046
Affy_10578399,0.31399963,-0.223
Zfp42,0.8880426,0.038
EG665955,0.073109175,-3.849
Adam26b,0.91499538,-0.023
Adam26a,0.95359829,-0.01
Gm5346,0.10325482,-0.701
Adam34,0.37872358,0.184
Adam34,0.26986966,-0.19
Gm9908,0.28177494,-0.246
AY512931,0.81877681,-0.054
F11,0.13624316,-0.748
Cyp4v3,0.075713182,-0.326
Fam149a,0.40716562,0.25
Tlr3,0.28723414,0.336
1700029J07Rik,0.69239645,-0.065
Ankrd37,0.78174017,-0.053
Snx25,0.61205647,0.094
Slc25a4,0.68704389,-0.116
Gapdh,0.92948318,-0.013
Helt,0.006349914,-0.414
Ccdc111,0.20297081,0.296
Stox2,0.52697178,0.131
Stox2,0.042773628,0.355
Trappc11,0.5709689,0.076
Rps16,0.17545717,-0.207
Ing2,0.12833115,0.29
Cdkn2aip,0.64231845,0.077
Wwc2,0.66844527,0.075
Gm2607,0.55986086,-0.165
Odz3,0.74450385,0.106
Gm10675,0.21781339,-0.21
Affy_10578681,0.35680068,-0.385
Eif2s2,0.97770344,-0.006
Affy_10578685,0.48819157,-0.16
Rnu2,0.5095711,0.321
Neil3,0.91654348,-0.02
Spcs3,0.81868453,-0.057
Wdr17,0.98619358,-0.003
Adam29,0.76705014,-0.05
BC088983,0.5895177,0.154
Fbxo8,0.32882583,0.162
Affy_10578761,0.27416764,-0.152
Sap30,0.43436192,0.199
Sap30,0.66562365,0.073
Galnt7,0.80346258,0.086
Affy_10578786,0.70184655,-0.097
Affy_10578794,0.68738663,-0.112
Galntl6,0.86824575,-0.019
Gm10283,0.69710447,-0.06
Clcn3,0.21971052,0.233
Palld,0.68200412,0.09
Anxa10,0.83412343,-0.042
Affy_10578872,0.14135558,0.264
Gm4975,0.11177527,-0.291
Tll1,0.44416619,-0.17
mir-710,0.88883593,-0.027
Cpe,0.33480171,-0.179
Sc4mol,0.56978839,-0.496
Klhl2,0.95231361,-0.012
Trim75,0.69748544,-0.092
Trim60,0.28022987,-0.118
Gm10664,0.10582299,-0.274
BC030870,0.43718319,0.149
Affy_10578955,0.38317037,-0.267
Affy_10578957,0.49185409,-0.103
Affy_10578959,0.025129502,-0.411
Gm10661,0.73868498,0.057
1810029B16Rik,0.8555309,0.05
Npy5r,0.41372956,-0.126
Affy_10578979,0.71190783,0.085
Affy_10578981,0.67645259,0.067
Tufm,0.63775129,0.089
Psd3,0.60110905,0.133
Psd3,0.57028956,0.073
Csgalnact1,0.46558831,-0.152
Slc18a1,0.63540733,0.162
Lzts1,0.96260035,-0.011
Lzts1,0.71848803,0.094
Gm10033,0.45563684,0.252
Gm10033,0.50437726,0.243
4930467E23Rik,0.34015665,0.368
4930467E23Rik,0.29758035,0.4
Gm3365,0.58705737,-0.26
Zfp868,0.86240998,-0.033
Zfp869,0.42830163,0.146
Zfp866,0.053285959,0.307
Cilp2,0.20832539,-0.274
Yjefn3,0.14199295,-0.332
Ndufa13,0.67787142,0.067
Gatad2a,0.26408714,-0.222
Gm7730,0.61177699,0.134
Mau2,0.81912708,-0.026
Ncan,0.25171122,-0.264
Rfxank,0.021946615,1.19
Slc25a42,0.81014906,-0.052
Armc6,0.49871508,-0.141
Ddx49,0.1345351,-0.208
Upf1,0.55569594,0.08
Crtc1,0.13883099,-0.244
Klhl26,0.52808934,-0.132
Tmem59l,0.30706531,-0.222
C19orf60,0.85676078,0.031
Uba52,0.63159376,-0.104
2810422J05Rik,0.79906488,0.041
Ssbp4,0.52374664,-0.111
Gdf15,0.087968608,0.907
Pgpep1,0.069532361,0.552
Mpv17l2,0.84137567,0.039
Ifi30,0.35702339,0.405
Pik3r2,0.95006838,0.008
Mast3,0.5140515,0.162
Arrdc2,0.38730603,-0.194
Kcnn1,0.74521442,-0.072
Ccdc124,0.35929797,0.234
Slc5a5,0.38434825,-0.181
Rpl18a,0.20033959,-0.187
Haus8,0.2784886,0.357
Nr2f6,0.41044939,-0.14
Ushbp1,0.14796215,0.324
Abhd8,0.0275369,-0.424
Ano8,0.77422117,0.056
Plvap,0.84789671,0.048
Bst2,0.71998736,0.156
Tmem221,0.15295221,-0.26
Nxnl1,0.63167547,-0.089
Glt25d1,0.3403363,-0.211
Unc13a,0.42566528,-0.147
Unc13a,0.26845889,-0.186
Jak3,0.25542153,-0.236
B3gnt3,0.42795582,0.251
Cnot8,0.53951752,-0.459
Fcho1,0.5228377,-0.136
Cyp4f18,0.43706517,0.154
Cib3,0.5983037,0.507
Rpl23a,0.76959471,0.036
Hmgn2,0.72848975,-0.086
Eps15l1,0.46273,0.111
Calr3,0.55534703,0.063
Cherp,0.51806541,0.092
Slc35e1,0.65776329,-0.087
Med26,0.23278005,-0.204
Smim7,0.84389147,0.038
Large,0.71180373,0.103
Affy_10579763,0.48720884,0.168
ENSMUST00000104321,0.27674702,-0.235
Affy_10579767,0.84776724,-0.038
Gapdh,0.53582294,-0.088
Affy_10579772,0.97298827,-0.011
Gm10649,0.20452012,0.219
Arhgap10,0.51846427,-0.528
Tmem184c,0.96259379,-0.028
Ednra,0.80260147,-0.071
LTR_BXD001,0.068174428,1.284
Pou4f2,0.49583585,-0.132
Rps25,0.4088592,0.187
Rbmxrt,0.10432704,0.215
Lsm6,0.1745494,0.331
Gm9104,0.98704278,0.002
Affy_10579841,0.94685655,-0.017
1700011L22Rik,0.15258358,-0.313
Mmaa,0.52767682,0.148
Smad1,0.43726038,0.12
Tpd52,0.52829705,0.181
Abce1,0.16730217,-0.228
Hhip,0.66797224,0.142
Zc3h15,0.56121518,-0.164
4930505O20Rik,0.92084722,-0.028
Smarca5,0.56381137,0.239
Gab1,0.19829673,0.216
Usp38,0.5591328,-0.228
LOC675736,0.51948772,-0.152
Affy_10579954,0.83631271,-0.062
Il15,0.712226,-0.129
Zfp330,0.94405956,-0.026
Tbc1d9,0.46076324,-0.16
Elmod2,0.029999214,0.355
Scoc,0.46082968,0.153
Gm5910,0.59247841,-0.102
Gm4787,0.70466926,-0.093
Tecr,0.34738751,-0.31
Pkn1,0.3711639,0.181
Cd97,0.84026558,0.073
Lphn1,0.38952031,-0.184
2210011C24Rik,0.11856451,-0.375
Il27ra,0.2711624,-0.222
Rln3,0.18421249,-0.316
Gm10643,0.33186273,-0.219
C330011M18Rik,0.71477057,-0.084
Dcaf15,0.25678149,0.303
Cc2d1a,0.12147346,0.239
Nanos3,0.96899002,-0.01
mir-181d,0.14961597,-0.362
mir-181c,0.24442848,-0.261
Zswim4,0.37960952,-0.156
C19orf53,0.71394779,0.061
Mri1,0.1772386,0.502
Ccdc130,0.13211908,-0.276
Affy_10580181,0.97811592,-0.007
Ier2,0.71273183,0.171
Nacc1,0.72341107,0.052
Nfix,0.24009643,-0.331
Dand5,0.56141433,0.109
Rad23a,0.65345823,0.087
Calr,0.32672788,-0.266
Gm5911,0.051275817,0.753
Gcdh,0.36622009,0.259
Mast1,0.36519029,-0.223
Rnaseh2a,0.17949593,0.311
Junb,0.98552814,0.005
Best2,0.35041425,-0.196
Asna1,0.90639489,0.02
Wdr83,0.085509701,0.336
Zfp791,0.9563151,0.014
Vps35,0.73776323,0.051
Mylk3,0.56822088,-0.124
4921524J17Rik,0.44815371,0.232
Dnaja2,0.68969463,-0.065
Neto2,0.79348582,-0.056
Itfg1,0.62060007,-0.083
Affy_10580411,0.65070808,-0.105
Affy_10580415,0.86175608,-0.046
Abcc12,0.35236205,-0.185
Affy_10580450,0.097921742,0.39
Siah1a,0.57773751,-0.124
N4bp1,0.38378695,-0.138
Gm10637,0.82414178,-0.039
Cbln1,0.21141709,-0.338
Zfp423,0.58842353,-0.129
Heatr3,0.651735,-0.12
Brd7,0.64684799,0.057
Snx20,0.55695115,0.153
Sall1,0.93811527,0.023
Gm6625,0.92101479,-0.017
Affy_10580519,0.42423827,0.215
Tox3,0.50862657,-0.164
Gm6658,0.10004721,-0.429
Affy_10580534,0.14223778,0.258
Aktip,0.22454702,0.226
Rpgrip1l,0.35444231,0.278
Irx3,0.58097841,0.102
Crnde,0.13058948,-0.337
Gapdh,0.61976867,-0.071
Gm4976,0.75307989,-0.063
2310039D24Rik,0.56409253,-0.112
Gm5158,0.22991573,-0.696
Es1,0.6102801,0.167
Ces3,0.45373049,0.243
Es22,0.5594361,-0.29
AU018778,0.21990417,0.383
Ces1,0.96806607,0.02
Ces7,0.39935208,0.094
Amfr,0.10950188,-0.177
Nudt21,0.59342811,0.089
Bbs2,0.54514423,-0.107
9330175E14Rik,0.59703944,-0.106
9330175E14Rik,0.87627149,0.046
Fam192a,0.7734147,-0.035
Pllp,0.43598737,-0.19
Ciapin1,0.28104023,-0.384
Dok4,0.31789103,-0.194
Ccdc102a,0.44955636,-0.171
Gm10286,0.50691922,0.139
Kifc3,0.76535173,0.05
Cngb1,0.51446732,-0.144
Affy_10580850,0.36214184,-0.26
Affy_10580852,0.11876726,-0.32
BC016201,0.27520147,-0.267
Affy_10580868,0.76409994,0.048
Zfp319,0.80129843,-0.048
Zfp319,0.092935198,-0.258
Gtl3,0.34520705,0.176
Csnk2a2,0.21212351,-0.164
Prss54,0.2811088,-0.239
Affy_10580903,0.94515683,-0.015
Cnot1,0.50645049,-0.078
Affy_10580953,0.083895521,0.742
Affy_10580955,0.49845195,0.16
Slc38a7,0.42735726,-0.138
Got2,0.097236296,-0.139
Gm5913,0.81744474,0.059
Gm7191,0.88159708,0.04
Rbmxrt,0.29653291,0.152
Cdh8,0.19917357,-0.198
LOC280487,0.17746195,2.12
Affy_10581011,0.61945553,-0.234
Cdh11,0.68108122,-0.105
Rplp0,0.66228666,0.095
Gm3315,0.94598948,0.02
Gm10631,0.6483658,-0.096
Tk2,0.98073386,-0.005
Cmtm2a,0.16826689,-0.202
Cmtm4,0.30839356,0.187
Gm9853,0.43518637,0.219
Dync1li2,0.61573666,-0.082
Ccdc79,0.85352474,-0.025
Nae1,0.55565555,0.11
Cdh16,0.83150969,0.045
Rrad,0.79685176,0.055
Fam96b,0.80767718,-0.045
Gm7208,0.51856716,0.134
B3gnt9-ps,0.57406631,-0.142
Tradd,0.30291923,0.195
4931428F04Rik,0.77137052,0.047
Exoc3l,0.36142523,-0.188
mir-328,0.38704597,-0.268
Lrrc29,0.44976854,-0.111
Fhod1,0.40694531,0.144
Kctd19,0.15353598,-0.339
Tppp3,0.72683948,-0.08
Zdhhc1,0.63154123,0.084
Atp6v0d1,0.64902176,0.058
Agrp,0.94492316,0.019
Rps2-ps,0.26730978,0.302
Myl6,0.37941347,0.148
Acd,0.7937923,-0.043
E130303B06Rik,0.4704728,-0.18
Gfod2,0.43621945,0.157
Ranbp10,0.94909327,-0.012
Ctrl,0.058729717,-0.794
Cenpt,0.40409406,0.175
Psmb10,0.75168161,0.112
Lcat,0.30634983,-0.163
Slc12a4,0.079993191,-0.225
Dpep3,0.8358076,-0.045
Dpep2,0.55660022,0.117
Dpep2,0.47563896,0.147
Ddx28,0.9159455,-0.02
Esrp2,0.61874847,0.077
Slc7a6os,0.47505322,0.095
Smpd3,0.67323641,0.201
A930006D01Rik,0.23781569,-0.229
Pdxp,0.91596542,-0.022
Rplp1,0.14237441,-0.268
Chtf8,0.39901711,-0.125
Rpl10,0.35463117,-0.124
Cog8,0.18102481,-0.141
Tmed6,0.66103862,-0.074
Terf2,0.45691712,0.126
Rps18,0.1846929,-0.243
Nqo1,0.14601783,0.785
Nob1,0.19143435,-0.161
Rps26,0.82032917,-0.067
Psmd7,0.84517934,-0.035
Rpl29,0.50278278,-0.151
4922502B01Rik,0.72235288,0.049
Affy_10581573,0.76638686,-0.081
Gm1943,0.62810817,-0.091
Dhx38,0.22041174,0.196
Hp,0.44420975,0.17
Dhodh,0.12938473,0.234
2400003C14Rik,0.66554589,0.048
Atxn1l,0.08392939,0.248
Atxn1l,0.80208411,0.029
Affy_10581643,0.92447807,-0.039
Marveld3,0.34403803,-0.161
Chst4,0.27319902,-0.28
Calb2,0.70929868,-0.056
Il34,0.39863261,0.161
Sf3b3,0.87410076,-0.028
Fuk,0.79263003,0.04
Ddx19a,0.22116156,-0.178
Ddx19b,0.89291229,-0.026
Clec18a,0.20360645,-0.234
Glg1,0.7300795,0.067
Rfwd3,0.8757467,0.034
Mlkl,0.99055722,0.006
Fa2h,0.96935795,-0.008
Wdr59,0.53012401,0.078
Ldhd,0.20505422,-0.304
Ctrb1,0.025051601,-1.467
Bcar1,0.44198323,-0.146
Cfdp1,0.55353009,0.114
Tmem170,0.97266339,0.006
Chst5,0.28456264,-0.185
Tmem231,0.73991218,-0.075
Adat1,0.98798924,0.003
Kars,0.49192744,0.116
C16orf42,0.89291611,-0.035
Affy_10581959,0.73043243,-0.079
Adamts18,0.21635489,-0.27
Affy_10581990,0.68379374,0.12
Maf,0.89897002,0.026
Cdyl2,0.98088138,0.004
LOC100048095,0.93866792,0.016
2310061C15Rik,0.84544666,0.049
1700030J22Rik,0.21109119,-0.262
Gcsh,0.69468962,0.079
Pkd1l2,0.93634108,-0.017
Sdr42e1,0.15743213,-0.329
Mphosph6,0.29185578,0.271
Affy_10582078,0.081362841,-0.59
Affy_10582080,0.57823445,0.13
Slc38a8,0.23625962,-0.289
Mbtps1,0.58304933,-0.074
Hsdl1,0.46234212,0.164
Taf1c,0.31338556,-0.18
Kcng4,0.28033093,-0.222
4632415K11Rik,0.29859293,-0.205
Cotl1,0.50426426,-0.161
Zdhhc7,0.75251608,0.035
Fam92b,0.59754923,0.075
Gse1,0.53946105,-0.12
Gins2,0.70271531,-0.07
1190005I06Rik,0.34991674,-0.174
Cox4nb,0.82352358,0.038
Mthfsd,0.85492065,0.021
1700018B08Rik,0.93581742,-0.014
1110003O08Rik,0.37397221,-0.367
Fbxo31,0.63188835,-0.228
Zcchc14,0.36019344,-0.124
Affy_10582260,0.6683591,0.072
Klhdc4,0.50580072,0.105
Slc7a5,0.40828852,-0.153
Car5a,0.28803664,0.279
Odc1,0.424252,0.235
Trhr2,0.16251345,-0.302
Cyba,0.69136585,0.186
Mvd,0.83329008,0.089
Snai3,0.68604685,-0.078
Rnf166,0.29232039,-0.124
Fam38a,0.90659634,0.024
Affy_10582376,0.92783285,0.024
Affy_10582378,0.68805861,0.077
Affy_10582388,0.61487013,-0.112
Aprt,0.12166911,-0.332
Galns,0.001276188,-1.363
Pabpn1l,0.05265401,-0.387
Cbfa2t3,0.70392127,-0.081
Cbfa2t3,0.88622256,0.031
Ankrd11,0.17831152,0.193
Ankrd11,0.6647074,-0.074
Affy_10582464,0.58068118,-0.283
Sult5a1,0.18297851,-1.008
Chmp1a,0.8662503,-0.038
Spata2L,0.49942185,0.156
1300018I17Rik,0.43578747,-0.101
Fanca,0.77685818,0.056
Mela,0.45973661,-0.894
Mela,0.66014296,-0.263
Dbndd1,0.65984127,0.075
Affy_10582556,0.7229383,-0.219
Affy_10582558,0.7229383,-0.219
Rn5s,0.71539846,-0.188
Affy_10582564,0.7229383,-0.219
Affy_10582568,0.7229383,-0.219
Affy_10582572,0.90953723,0.066
Affy_10582574,0.7229383,-0.219
Affy_10582578,0.7229383,-0.219
Rn5s,0.79204981,0.114
Affy_10582582,0.7755635,0.138
Affy_10582584,0.7755635,0.138
1700054N08Rik,0.3855952,-0.188
Acta1,0.69690002,-0.101
Nup133,0.61389875,0.092
Abcb10,0.91975294,0.021
Taf5l,0.80926392,-0.049
Affy_10582647,0.32622496,-0.162
Pgbd5,0.33372653,-0.272
Agt,0.66183977,-0.07
2310022B05Rik,0.87764297,0.02
Ttc13,0.11235329,-0.342
Fam89a,0.20315829,-0.312
Gnpat,0.72517237,-0.06
Exoc8,0.4242163,-0.142
Egln1,0.87915701,0.033
Sipa1l2,0.10812588,-0.32
Pcnxl2,0.36877807,-0.144
Tarbp1,0.000899484,-0.7
Tk1,0.99041849,-0.003
Irf2bp2,0.097892248,0.416
Tomm20,0.89571889,0.024
Affy_10582821,0.22052257,-0.306
Rbm34,0.090999491,0.38
Hmgb1,0.79943466,0.046
Affy_10582837,0.73503298,-0.086
Gm9909,0.66784771,0.118
Itgb1,0.11795787,-0.382
LTR_BXD001,0.068174428,1.284
Ccdc7,0.75520424,0.06
A530040E14Rik,0.75520246,-0.07
Arhgef12,0.056822361,0.71
Sp110,0.66496989,-0.114
Sp110,0.9178125,0.045
A530040E14Rik,0.75520246,-0.07
Csprs,0.88704412,-0.08
Affy_10582882,0.83235397,0.09
Affy_10582884,0.39159257,0.3
Affy_10582888,0.67212834,0.421
Affy_10582890,0.58596218,0.302
Affy_10582896,0.55361025,0.493
Affy_10582899,0.47762981,0.343
Gm17535,0.92391418,0.074
Affy_10582918,0.49037014,0.15
Affy_10582922,0.77894181,0.063
Alkbh8,0.56550735,0.11
Affy_10582939,0.47818179,0.107
Cwf19l2,0.31846465,0.232
Gucy1a2,0.94982445,0.018
Affy_10582969,0.55547504,-0.181
Kbtbd3,0.041305553,0.444
8430410K20Rik,0.19375016,0.275
Tfdp1,0.66091152,-0.075
LOC280487,0.17746195,2.12
Casp1,0.17689291,0.43
Casp4,0.95062846,0.037
Casp12,0.5303653,0.453
Pdgfd,0.19466667,0.353
Affy_10583032,0.56723162,-0.14
Dcun1d5,0.77693218,0.063
Mmp13,0.92058141,-0.026
Mmp12,0.57331408,0.35
Mmp3,0.61538071,-0.127
Mmp1a,0.68236649,0.061
Mmp10,0.76435528,-0.06
Mmp8,0.32522769,0.237
Mmp27,0.82520398,0.082
Mmp20,0.39539077,-0.206
Mmp7,0.13823366,0.512
Rpl29,0.39439174,-0.172
Tmem123,0.42181665,0.267
Affy_10583150,0.60532977,0.092
1700128F08Rik,0.16302758,-0.286
Trpc6,0.46509805,-0.151
Pgr,0.9275148,-0.017
Gm16485,0.62798345,-0.111
Affy_10583197,0.92806818,0.012
Affy_10583199,0.53290886,0.12
Affy_10583201,0.12480491,0.27
Phxr4,0.11855922,0.48
Maml2,0.37766866,0.183
Mtmr2,0.60108552,0.083
Fam76b,0.72917281,-0.073
Sesn3,0.26854938,0.301
Cwc15,0.53999096,0.106
Gm10706,0.81642304,0.032
Mre11a,0.12360304,0.228
Gpr83,0.42004193,-0.156
2200002K05Rik,0.27822766,-0.231
Taf1d,0.53618102,0.168
Taf1d,0.79097819,0.118
Taf1d,0.58620795,0.182
Taf1d,0.8146355,-0.056
Taf1d,0.43538428,0.15
Taf1d,0.88187329,-0.046
BC017612,0.51206545,0.161
Affy_10583324,0.28091877,-0.208
Slc36a4,0.34941545,0.251
Npm1,0.71346922,-0.092
Gm4977,0.84928483,-0.054
Affy_10583345,0.26868695,-0.209
Chordc1,0.73118345,0.126
Ubtfl1,0.38671442,0.149
Affy_10583363,0.83625172,-0.062
Mbd3l2,0.7445999,-0.106
Mbd3l1,0.21724465,-0.193
Olfr829,0.69534677,0.089
Olfr830,0.095206857,0.346
Olfr832,0.3023937,-0.184
Olfr834,0.84892242,-0.031
Affy_10583384,0.70884406,0.08
Olfr835,0.43543868,-0.155
Olfr836,0.26959175,-0.178
Olfr837,0.82089954,0.048
Affy_10583392,0.28592656,0.217
Olfr845,0.96668578,-0.008
Olfr849,0.43856833,-0.117
Olfr851,0.90903374,0.018
Olfr855,0.31679906,0.175
Zfp317,0.27107508,0.369
Gm7769,0.46577515,-0.149
Olfr857,0.46824966,-0.179
Affy_10583421,0.42982087,0.196
Olfr58,0.53054459,-0.106
Olfr859,0.79337893,0.07
Olfr77,0.9386581,0.013
Affy_10583432,0.70738314,-0.096
Olfr868,0.55187916,-0.085
Olfr869,0.20874834,-0.172
Olfr871,0.78720476,-0.039
Olfr872,0.27190421,-0.197
Olfr39,0.11933957,-0.332
Olfr873,0.96352299,-0.007
Rpl21,0.4939398,-0.074
Zfp846,0.58078843,0.112
5730577I03Rik,0.29880748,-0.171
Ubl5,0.69709658,0.137
Pin1,0.075014253,0.276
Rdh8,0.78727881,0.054
A230050P20Rik,0.76537116,-0.081
Ppan,0.75045707,-0.046
Mrpl4,0.32177633,0.161
Icam1,0.74574619,-0.142
Icam4,0.46539137,-0.164
Icam5,0.41964706,-0.177
Raver1,0.26177384,0.226
Pde4a,0.58597887,-0.074
Atg4d,0.93345713,0.014
Slc44a2,0.46545987,0.174
Ilf3,0.50796081,0.095
Qtrt1,0.38906733,-0.22
Dnm2,0.91244354,0.014
AB124611,0.74904452,0.115
Carm1,0.93949377,-0.013
1810026J23Rik,0.57910126,0.107
Smarca4,0.19680655,0.252
Ldlr,0.83922326,0.074
Gm6484,0.79341194,-0.14
Ccdc159,0.14630955,0.259
BC018242,0.039825745,-0.265
2310047B19Rik,0.54253796,0.172
Prkcsh,0.60329567,-0.076
Gm6581,0.76626015,-0.055
Cnn1,0.10855473,-0.366
Pigyl,0.97467158,0.006
Zfp872,0.76232536,0.08
Zfp809,0.79304884,0.059
9530077C05Rik,0.073022876,-0.257
Bbs9,0.19152778,0.237
Bmper,0.55952289,-0.142
Npsr1,0.90538502,-0.025
Gm10701,0.41926027,-0.149
Cypt4,0.6134448,-0.089
Affy_10583903,0.86913685,-0.031
07-Sep,0.46704562,0.18
Eepd1,0.44531363,0.177
B3gat1,0.15883343,-0.295
Thyn1,0.58470977,0.13
Ncapd3,0.81672898,-0.042
Igsf9b,0.65383035,-0.102
Affy_10584013,0.71751101,-0.087
Spata19,0.3689124,-0.184
Opcml,0.90331338,-0.018
Snx19,0.61647683,0.075
Adamts8,0.84877508,-0.042
Zbtb44,0.98381223,-0.003
Zbtb44,0.96584198,0.008
Affy_10584069,0.60404512,0.07
Prdm10,0.14510867,0.24
Nfrkb,0.96330433,0.007
Affy_10584120,0.90543194,-0.026
Rpl21,0.49229638,-0.104
Arhgap32,0.3874358,0.167
Kcnj1,0.54206091,-0.123
Ets1,0.10953516,0.311
Tmed2,0.15140717,-0.158
Kirrel3,0.72388605,-0.071
St3gal4,0.97714258,-0.009
Srpr,0.33759914,-0.167
Rpusd4,0.50098279,-0.1
Cdon,0.96929819,-0.006
Affy_10584229,0.96385048,-0.01
Pus3,0.28120072,0.234
Pate2,0.69899839,0.068
Affy_10584244,0.90059406,-0.021
Gm7257,0.91322391,-0.018
Gm9513,0.14472976,-0.454
Acrv1,0.054885757,-0.327
Fez1,0.17075684,-0.244
Tmem218,0.021297643,0.41
Sec61g,0.75338889,0.082
Hepacam,0.65261509,-0.089
Robo4,0.026894727,0.346
BC024479,0.7632675,-0.058
Affy_10584315,0.85916172,-0.05
Esam,0.29362375,0.184
Vsig2,0.77452271,-0.06
Siae,0.71780778,-0.072
Tpt1,0.39282877,-0.066
Olfr874,0.33427498,0.138
Olfr875,0.95045299,0.009
Olfr876,0.62382226,-0.066
Olfr877,0.45359505,-0.145
Olfr145,0.18438843,-0.235
Olfr878,0.41365889,-0.132
Olfr881,0.06894013,-0.268
Olfr883,0.033333834,-0.431
Olfr884,0.40814412,-0.084
Olfr885,0.70340619,-0.041
Olfr887,0.33881293,-0.163
Olfr888,0.61771676,-0.095
Olfr889,0.56867785,-0.072
Olfr890,0.22960997,-0.213
Affy_10584380,0.246775,-0.225
Olfr893,0.77307127,0.046
Olfr894,0.97522521,-0.004
Olfr143,0.32999595,-0.144
Olfr895,0.32548911,-0.225
Affy_10584391,0.74853552,-0.054
Affy_10584393,0.70697132,-0.061
Olfr25,0.59768182,-0.079
Olfr898,0.013191814,-0.437
Olfr250,0.023678326,-0.358
Olfr251,0.012244081,-0.348
Olfr147,0.21510711,-0.26
Olfr901,0.30310949,-0.324
Olfr902,0.92096644,0.016
Affy_10584411,0.76193018,-0.051
Olfr904,0.48443857,0.098
Olfr905,0.87399851,-0.032
Olfr906,0.44010135,0.108
Olfr907,0.80137721,-0.038
Olfr908,0.84758488,0.054
Olfr909,0.63356022,0.082
Olfr910,0.13986692,0.37
Olfr912,0.33024165,-0.18
Olfr913,0.09055918,0.345
Olfr914,0.94469888,-0.012
Vwa5a,0.95114361,-0.024
Olfr920,0.80279355,-0.057
Olfr921,0.50456989,0.117
Olfr922,0.77716677,0.049
Olfr923,0.86748404,-0.038
Olfr924,0.73870523,-0.05
Olfr26,0.36236927,-0.194
Olfr926,0.51391163,0.098
Olfr930,0.4916562,-0.088
Olfr933,0.80604376,-0.038
Gm8543,0.28651312,0.273
Olfr242,0.24773996,-0.181
Olfr943,0.20086907,0.194
Olfr943,0.54288446,0.105
Olfr951,0.93619198,-0.011
Olfr954,0.56312804,-0.103
Olfr148,0.37335628,-0.194
Olfr960,0.34532017,-0.359
Olfr961,0.43086047,-0.145
Olfr963,0.56772713,0.164
Olfr965,0.8961404,0.032
Olfr919,0.8006574,-0.049
Olfr967,0.63183546,0.11
Olfr969,0.22512831,-0.205
Olfr970,0.85476778,-0.026
Olfr971,0.088819557,-0.316
Olfr972,0.51814821,-0.129
Olfr229,0.15515491,-0.363
Olfr974,0.1087096,-0.441
Olfr978,0.9932577,0.002
Olfr981,0.04653808,-0.282
1700001J11Rik,0.96825263,-0.013
Olfr982,0.69553284,-0.085
Tmem225,0.84303841,0.032
Gm4893,0.59992024,0.126
Olfr986,0.94418437,0.016
Zfp202,0.3725576,-0.224
Scn3b,0.30026656,0.115
9030425E11Rik,0.92901357,0.03
Hspa8,0.21513394,1.628
Hspa8_snRNA,0.29296206,-0.608
Hspa8_snRNA,0.29438911,-0.611
Affy_10584580,0.51805711,-0.325
Gm10694,0.28906139,-0.291
Bsx,0.37043016,-0.156
mir-100,0.56030197,-0.123
let-7a-2,0.9339744,0.016
Affy_10584593,0.079653316,0.381
2610203C20Rik,0.6162124,0.127
Mir125b-1,0.1201372,-0.244
Affy_10584600,0.49771097,0.135
Gm10690,0.70850991,-0.075
Trim29,0.24283512,-0.246
Pvrl1,0.16546578,0.268
Gm3898,0.98188897,-0.004
Thy1,0.30728335,-0.237
Usp2,0.50366668,-0.329
C1qtnf5,0.21663923,-0.196
Mcam,0.61265362,0.11
Ccdc153,0.015904821,-0.464
Nlrx1,0.52506059,-0.145
Dpagt1,0.69317498,-0.11
H2afx,0.4747417,0.108
Hyou1,0.8291141,0.11
Slc37a4,0.91266783,-0.037
Rps25,0.20575096,0.254
Fam103a1,0.70998468,0.067
C030014I23Rik,0.24560837,-0.263
Bcl9l,0.73019519,0.065
Ddx6,0.38268433,-0.112
Treh,0.65514411,0.151
Ift46,0.44736343,-0.228
Affy_10584819,0.78542986,0.107
Cd3d,0.45686223,-0.165
Mpzl2,0.60526242,-0.112
Mpzl3,0.93653472,0.01
Amica1,0.87595933,0.03
Scn2b,0.7357878,-0.061
Scn4b,0.92145307,0.02
Tmprss13,0.111378,-0.355
Fxyd6,0.3760184,-0.21
Fxyd2,0.55216024,-0.082
Dscaml1,0.44679664,-0.206
Bace1,0.50369077,-0.14
Pcsk7,0.48978737,-0.087
Sidt2,0.85365625,-0.026
Sik3,0.95738013,0.006
Apoa1,0.40690884,-0.099
Apoa4,0.63339065,-0.3
Apoa5,0.83692678,-0.055
Zfp259,0.67957298,0.084
Bud13,0.88471193,-0.025
Cadm1,0.95760369,-0.009
Fam55d,0.3318119,0.254
Fam55a,0.070112798,0.407
Nhp2l1,0.95334441,0.01
Gm8884,0.25508767,-0.269
Gm5617,0.95074575,-0.019
Usp28,0.82306902,0.058
Zw10,0.45454417,0.155
Tmprss5,0.27975262,-0.255
Gm4894,0.4424941,-0.167
Drd2,0.83747582,-0.042
Ncam1,0.74493726,0.073
1600029D21Rik,0.00972297,0.77
Il18,0.23825768,0.43
Timm8b,0.42967016,-0.089
Pih1d2,0.432831,-0.155
Cryab,0.64884942,0.064
Fdxacb1,0.14840537,0.254
Alg9,0.19830029,0.34
Ppp2r1b,0.10041456,0.308
Btg4,0.87552148,0.03
Pou2af1,0.47897611,-0.234
2010007H06Rik,0.14890752,-0.4
Gm8959,0.57120337,0.155
Arhgap20,0.38299799,-0.157
Rdx,0.98262975,-0.004
Rdx,0.44178853,0.153
Gm4085,0.66272859,-0.068
4930510E17Rik,0.72378117,-0.073
Exph5,0.58750111,-0.211
Kdelc2,0.43025399,0.162
4930550C14Rik,0.41180925,-0.158
Npat,0.75963341,0.065
Affy_10585377,0.8560492,-0.04
Affy_10585379,0.49403077,0.126
Slc35f2,0.56529519,-0.27
Sln,0.3033588,-0.269
Siva1,0.12608108,-0.332
Gldn,0.70209966,-0.249
Sh2d7,0.27166982,-0.264
Idh3a,0.7935437,-0.059
Dnaja4,0.034598443,-0.571
Crabp1,0.39739703,-0.206
Ireb2,0.88674132,-0.025
Agphd1,0.4588364,-0.175
Psma4,0.36626085,0.139
Chrna5,0.76741957,-0.046
Ube2q2,0.64151025,-0.082
Fbxo22,0.34771912,-0.126
AI118078,0.47589197,0.158
Dnajb6,0.57599858,-0.08
Isl2,0.90626712,0.024
Gm7444,0.22633803,-0.306
Rcn2,0.96304602,0.009
Pstpip1,0.78963827,-0.049
Hmg20a,0.12538736,0.199
Ube2s,0.63894724,0.082
Cspg4,0.520029,-0.126
Imp3,0.65525772,0.065
Snupn,0.1025981,0.568
Ptpn9,0.70412526,0.084
Sin3a,0.86677053,-0.031
Man2c1,0.55770655,0.082
Gm16493,0.12614014,0.382
Trcg1,0.27261548,-0.219
Gm5121,0.54425462,0.152
Fabp5,0.4845097,-0.401
Rpp25,0.91941216,-0.02
Cox5a,0.33031086,-0.154
2310046O06Rik,0.67910766,-0.072
Scamp2,0.87575733,-0.027
Ulk3,0.26036287,-0.223
Cyp1a1,0.89042864,-0.034
Edc3,0.62536306,0.068
Ubl7,0.12971254,0.246
Sema7a,0.45438591,-0.199
Cyp11a1,0.1801376,-0.268
Stra6,0.67573427,-0.08
1600029O15Rik,0.57163935,-0.172
Stoml1,0.51509285,-0.1
6030419C18Rik,0.07323535,-0.431
Cd276,0.42793427,-0.143
Nptn,0.38541771,-0.101
Hcn4,0.14710067,-0.298
Adpgk,0.43997175,0.215
Hexa,0.90364639,-0.051
Celf6,0.42101179,-0.152
Parp6,0.8754839,-0.03
Pkm2,0.39291589,0.161
4933407I18Rik,0.60916714,-0.151
Gramd2,0.9646233,0.008
Myo9a,0.24829178,0.534
Myo9a,0.34882737,0.332
Myo9a,0.28947886,0.552
Myo9a,0.14468582,0.506
Myo9a,0.26039259,0.826
Myo9a,0.3215427,0.316
Myo9a,0.39650027,0.347
Myo9a,0.077648063,0.795
Myo9a,0.36669818,0.244
Myo9a,0.78576155,0.109
Myo9a,0.89427737,0.049
Myo9a,0.85292861,0.059
Myo9a,0.14640917,0.5
Larp6,0.46044824,-0.143
1700036A12Rik,0.045480967,-0.384
Uaca,0.44875015,-0.128
Tle3,0.28744987,0.253
Anp32a,0.58022332,0.127
Affy_10586074,0.1566168,0.381
EG665955,0.073109175,-3.849
Itga11,0.96979123,0.012
Cln6,0.18660685,-0.402
Calml4,0.95557288,-0.021
Affy_10586126,0.1046196,-0.188
Affy_10586128,0.48701996,0.13
Aagab,0.085275059,0.306
Lctl,0.46060474,-0.164
Rpl4,0.71281459,-0.062
Affy_10586166,0.80244398,0.099
Snord16a,0.73710344,-0.116
Affy_10586170,0.31269022,-0.236
Affy_10586172,0.2671248,0.304
Affy_10586174,0.74472626,-0.115
Snapc5,0.062620868,0.507
Uchl4,0.32785805,0.258
Tipin,0.76441204,0.089
Megf11,0.93934252,-0.013
Dennd4a,0.81725583,0.038
Dennd4a,0.91705077,-0.02
Dennd4a,0.4596312,-0.137
Dennd4a,0.37121603,0.247
Dennd4a,0.33267271,0.186
Dennd4a,0.20990055,0.334
Dennd4a,0.34784807,0.266
Dennd4a,0.49841929,0.228
Dennd4a,0.24395649,0.211
2010321M09Rik,0.88927461,-0.019
Dpp8,0.92980784,0.013
Igdcc4,0.4736518,-0.155
Igdcc3,0.93583643,0.018
Parp16,0.8575419,0.034
Cilp,0.74765916,-0.056
Clpx,0.67201016,0.134
Pdcd7,0.91523743,-0.017
Rasl12,0.9962592,0.001
Mtfmt,0.026819884,0.466
Spg21,0.096239823,0.338
Pif1,0.075327468,-0.285
Rbpms2,0.69440928,0.09
Oaz2-ps,0.22609401,0.232
Affy_10586446,0.10805775,0.313
2810417H13Rik,0.40808891,-0.212
D030028M11Rik,0.66790968,-0.111
Affy_10586456,0.58458813,-0.125
Csnk1g1,0.29139719,0.159
Ppib,0.84829554,-0.067
Fam96a,0.29029716,-0.178
Dapk2,0.25203329,0.295
Herc1,0.88685512,0.019
Car12,0.48146326,0.103
Gm10647,0.61025578,-0.114
Rps27l,0.4250642,0.114
Affy_10586609,0.42707117,-0.146
Gm10646,0.78191294,-0.069
C2cd4b,0.41205292,-0.266
Vps13c,0.49805788,0.106
Rora,0.35818208,-0.091
9530091C08Rik,0.26333373,-0.412
F830001A07Rik,0.36775576,-0.39
Narg2,0.60237252,0.085
Anxa2,0.19012308,1.054
Bnip2,0.69868065,-0.074
Gtf2a2,0.84687675,0.053
Myo1e,1,0
Affy_10586812,0.65722096,0.06
Affy_10586814,0.46643676,0.158
Sltm,0.71584247,-0.054
Fam63b,0.085832708,-0.38
Adam10,0.18520611,0.271
Hmgcs2,0.17746195,2.12
Aldh1a2,0.98083807,-0.006
Zfp280d,0.52873621,0.118
Mns1,0.40044545,-0.158
Rfx7,0.10925415,0.287
Nedd4,0.22902177,-0.144
Gm7265,0.74015106,0.073
Prtg,0.44585636,-0.13
Pygo1,0.3777761,-0.193
Dyx1c1,0.45221429,-0.157
Affy_10587010,0.24718766,-0.233
Ccpg1,0.79150015,-0.054
Rab27a,0.4041352,0.16
2410004A20Rik,0.92753432,0.024
Rsl24d1,0.58953829,-0.085
Affy_10587049,0.7981487,0.068
Wdr72,0.58209878,-0.069
Affy_10587075,0.74047141,-0.055
Onecut1,0.33312458,-0.474
Onecut1,0.55785122,-0.533
Kiaa1370,0.91226247,0.052
Arpp19,0.31295633,0.366
Myo5a,0.9098442,0.038
Myo5c,0.5484263,-0.085
Gnb5,0.33369359,-0.171
Bcl2l10,0.93364223,-0.016
Leo1,0.039291501,0.432
Lysmd2,0.81535325,-0.045
Bmp5,0.96356031,0.012
Hmgcll1,0.75851443,-0.055
Gm5746,0.47455276,0.102
Klhl31,0.70543753,-0.083
Klhl31,0.12428623,-0.275
Gclc,0.75927623,-0.109
Elovl5,0.76426431,0.107
Gcm1,0.63089946,-0.119
Ick,0.37852072,0.2
Gsta4,0.85197718,-0.1
Gsta1,0.31833094,0.909
Gsta1,0.29993484,0.914
Gm10639,0.35406546,0.731
Omt2b,0.80132611,0.064
Affy_10587350,0.83508671,-0.037
Mto1,0.68142551,0.093
Cd109,0.048825249,-0.251
Senp6,0.84123789,0.036
Myo6,0.26121131,0.208
Set,0.64374848,0.088
4930486G11Rik,0.92387668,0.022
Irak1bp1,0.44593659,0.144
Rps27a,0.58349471,0.096
Sh3bgrl2,0.84851881,0.078
Ttk,0.97467047,-0.005
Gm5919,0.31785764,-0.201
Bckdhb,0.21403301,-0.865
Rpl7a,0.93865567,0.009
Affy_10587550,0.66420154,-0.105
Affy_10587552,0.1546177,-0.331
Tpbg,0.72394418,0.071
Dopey1,0.3470377,0.159
Rwdd2a,0.56374362,-0.125
A330041J22Rik,0.99598289,-0.001
Prss35,0.79317905,-0.054
Ripply2,0.89927244,-0.023
Cyb5r4,0.87322835,0.037
Mrap2,0.15182138,-1.738
Tbx18,0.21362674,-0.31
Nt5e,0.30480764,-1.079
Rpl21,0.85548258,-0.02
Snx14,0.63255003,-0.109
Zfp949,0.25480553,-1.196
Trim43a,0.11906062,-0.246
4921528I07Rik,0.84131557,-0.039
Bcl2a1a,0.50490308,0.334
Affy_10587686,0.25482993,-0.26
Affy_10587688,0.53108882,0.446
Bcl2a1b,0.54862487,0.28
Mthfs,0.17493783,0.233
Rasgrf1,0.63990013,-0.063
Ctsh,0.93818528,0.017
Tmem41b,0.84979679,0.057
Adamts7,0.2158992,-0.401
Affy_10587776,0.57929337,0.331
Affy_10587778,0.54717526,-0.326
Tuba1b,0.72742384,0.14
Zic4,0.82377821,-0.034
Plscr1,0.33910498,0.55
Plscr2,0.36937209,0.238
1700057G04Rik,0.43711869,-0.167
Plscr4,0.20785304,0.38
Plod2,0.70555602,-0.103
Affy_10587852,0.48279951,-0.136
Slc9a9,0.033397125,0.95
Paqr9,0.90071515,0.045
Affy_10587873,0.35743353,0.208
Affy_10587878,0.57725121,0.08
Pcolce2,0.73828034,0.099
Atr,0.98597418,0.004
Affy_10587940,0.60178069,-0.129
Xrn1,0.36545089,0.16
Gk5,0.5806166,0.106
Tfdp2,0.24634702,-0.252
Ppia,0.74226353,-0.04
Rpl7a,0.80167636,0.029
Nmnat3,0.59604417,-0.09
Gm8560,0.65311736,-0.111
Rbp1,0.84511214,-0.12
Rbp2,0.52837555,-0.174
Copb2,0.8841351,-0.018
Prr23a,0.83193981,-0.048
Gm6406,0.40948504,-0.187
2410012M07Rik,0.20903492,0.218
7420426K07Rik,0.05654955,-0.455
Foxl2,0.096593222,-0.34
Faim,0.38636686,0.272
Cep70,0.57022772,0.157
1600029I14Rik,0.24903435,-0.235
Dbr1,0.21240592,0.176
A4gnt,0.87141262,-0.127
Dzip1l,0.46028912,-0.24
Stag1,0.067405622,0.392
Msl2,0.50052304,-0.111
9630041A04Rik,0.17499025,-0.317
Affy_10588201,0.26190791,0.352
Ky,0.44419126,0.155
Affy_10588219,0.47771926,-0.17
Anapc13,0.91369169,0.02
Amotl2,0.87808688,-0.026
Gm5627,0.57829849,0.121
Ryk,0.89038697,-0.022
Slco2a1,0.37322096,-0.439
Rab6b,0.51916635,0.137
Topbp1,0.049749198,0.309
Affy_10588324,0.3151043,-0.17
Nphp3,0.90421379,-0.026
Acad11,0.93083528,-0.017
Cpne4,0.72021578,-0.06
Mrpl3,0.771975,0.04
Aste1,0.25091319,0.231
Pik3r4,0.079558247,0.273
Glyctk,0.078281539,0.526
Wdr82,0.58051955,0.116
Mirlet7g,0.23076471,-0.292
Twf2,0.32582525,-0.209
Tlr9,0.56014954,-0.152
Poc1a,0.75939182,-0.07
Dusp7,0.33143394,-0.314
Rpl29,0.51623897,-0.116
Abhd14b,0.20387227,0.644
Pcbp4,0.28981697,-0.236
Rrp9,0.47745203,-0.138
Iqcf1,0.45674937,-0.202
Iqcf5,0.11229699,-0.361
Affy_10588545,0.70170401,-0.067
Vprbp,0.87676548,0.02
Affy_10588575,0.88580811,-0.028
Cish,0.35496339,-0.544
6430571L13Rik,0.32417022,-0.189
Cacna2d2,0.085300187,-0.373
Tmem115,0.53870602,-0.08
Nprl2,0.73203969,0.068
Zmynd10,0.87068158,-0.044
Rassf1,0.59622276,-0.1
Tusc2,1,0
Hyal2,0.40340743,0.163
Hyal1,0.50797818,-0.163
Nat6,0.97188008,-0.008
Hyal3,0.1638352,-0.28
Ifrd2,0.69976171,-0.08
Rbm6,0.92152902,0.023
Mon1a,0.69106349,0.077
Mst1r,0.15101037,-0.3
4921517D21Rik,0.40364718,-0.232
Camkv,0.43367555,-0.157
Traip,0.67378494,-0.082
Uba7,0.23892621,0.231
Cdhr4,0.94784818,0.013
Ip6k1,0.15039689,-0.171
Gmppb,0.11008622,0.466
Amigo3,0.48010067,0.146
Mst1,0.76372618,0.062
Bsn,0.71276118,-0.102
Nicn1,0.97056776,0.007
Amt,0.71690502,-0.08
Rhoa,0.68827581,0.045
Gpx1,0.64267175,-0.056
Usp4,0.68677769,-0.047
1700102P08Rik,0.79979322,-0.05
BC048562,0.86312969,-0.03
Ccdc71,0.55358729,-0.066
Lamb2,0.4967579,0.114
Usp19,0.40495079,-0.117
Qars,0.26899746,0.166
Qrich1,0.94869737,0.007
Impdh2,0.036597584,0.378
mir-191,0.32232494,0.215
mir-425,0.6342441,-0.085
Dalrd3,0.98816307,-0.002
Arih2,0.074075294,-0.508
Slc25a20,0.55199153,0.18
Prkar2a,0.86061851,0.031
Ipk2,0.038749976,0.799
Nckipsd,0.75130061,0.046
Affy_10589128,0.83341782,0.054
Celsr3,0.66583115,-0.107
Slc26a6,0.46938908,-0.13
Affy_10589190,0.10197434,-0.338
Tmem89,0.90224505,0.031
Uqcrc1,0.37882571,-0.121
Col7a1,0.20165174,-0.258
Ucn2,0.6863582,-0.093
Pfkfb4,0.39604303,-0.167
Shisa5,0.89721129,0.041
Ccdc51,0.45811606,-0.146
Plxnb1,0.33145818,0.456
Spink8,0.64065449,-0.096
Nme6,0.28308019,0.334
Cdc25a,0.32963321,0.208
Mtap4,0.6493861,-0.086
Mtap4,0.31985403,0.22
Gm10615,0.8502518,-0.032
Smarcc1,0.58705792,-0.054
Cspg5,0.066776735,-0.559
2610002I17Rik,0.30795715,-0.212
Scap,0.18301214,-0.287
Ngp,0.29529806,0.399
Kif9,0.86977057,0.024
Setd2,0.33293473,0.16
Setd2,0.29086288,0.268
Ccdc12,0.33497255,0.186
Myl3,0.90822389,0.023
Prss42,0.85482687,0.042
Prss44,0.32306706,-0.177
Prss43,0.14649476,-0.352
Prss45,0.73445502,-0.067
Prss46,0.27924399,-0.214
Prss50,0.52245988,0.096
Als2cl,0.22719551,0.343
Lrrc2,0.54354599,-0.147
Rtp3,0.19454812,0.584
Gm10030,0.96303017,-0.01
Ltf,0.55769883,0.122
Lrrfip2,0.57001332,0.111
Epm2aip1,0.70843141,0.069
Affy_10589761,0.12266951,-0.255
Trank1,0.27478149,-0.179
Dclk3,0.30325625,-0.294
Affy_10589790,0.66521492,0.138
Gm7183,0.80699669,0.043
Affy_10589798,0.14726183,0.377
Clasp2,0.94367922,0.012
Affy_10589846,0.55773478,0.154
Ubp1,0.20237305,-0.146
Affy_10589870,0.7119464,-0.087
4921528I07Rik,0.72516418,0.057
Bcl2a1c,0.95182619,-0.026
4930520O04Rik,0.91209642,-0.016
Glb1,0.1834443,0.449
Affy_10589907,0.94055942,-0.015
Trim71,0.3725369,-0.181
Affy_10589911,0.43737915,-0.192
Dync1li1,0.14879644,-0.213
Affy_10589927,0.74484956,0.069
Cmtm6,0.022189287,-0.491
Gm9888,0.97720041,0.008
Gpd1l,0.546399,-0.134
Osbpl10,0.09467108,-0.322
Stt3b,0.31855621,-0.177
LOC675823,0.91623814,-0.028
Gadl1,0.64203702,-0.088
LOC280487,0.17746195,2.12
Affy_10589976,0.57221159,0.098
Azi2,0.86912902,-0.027
Eomes,0.25198658,-0.214
Golga4,0.91504112,0.018
Affy_10590029,0.56083678,-0.109
Itga9,0.64504278,0.135
Ctdspl,0.37654414,0.168
mir-26a-1,0.013919264,-0.474
Vill,0.64618279,0.092
Dlec1,0.65020891,-0.089
LOC100038738,0.50390095,0.165
Acaa1a,0.64046848,0.115
Xylb,0.26511483,-0.235
Acvr2b,0.68097392,0.089
Exog,0.57015197,0.155
Wdr48,0.86445269,-0.015
Ttc21a,0.55413222,-0.13
Ccr8,0.8978503,-0.032
Slc25a38,0.76237678,-0.069
Rpsa,0.79016946,0.057
Affy_10590263,0.41634025,-0.444
Affy_10590265,0.8875285,-0.026
Snora62,0.75655808,-0.096
Mobp,0.38839425,-0.177
Affy_10590277,0.33701406,-0.239
Myrip,0.34939749,-0.199
Eif1b,0.74014897,0.059
Gm7229,0.72015605,-0.08
Entpd3,0.33692363,-0.278
Rpl14,0.70754132,-0.118
5830454E08Rik,0.53215647,-0.163
Ctnnb1,0.64398134,-0.059
Trak1,0.15211064,-0.197
Vipr1,0.48528232,-0.178
Vipr1,0.25723185,-0.166
Deb1,0.14491437,0.331
Nktr,0.57404393,-0.108
Affy_10590407,0.82017743,-0.049
Kbtbd5,0.45563089,-0.163
Ccbp2,0.39561702,-0.188
1700048O20Rik,0.11176501,-0.496
Fam198a,0.59430499,0.316
Snrk,0.42801837,-0.134
Abhd5,0.86223761,-0.022
mir-138-1,0.59536213,-0.11
Gm847,0.64374757,-0.067
D9Ertd402e,0.073618157,-0.42
Zfp167,0.24817917,-0.615
Zfp660,0.78426217,0.055
Zfp105,0.58886229,-0.115
Kif15,0.71297706,0.06
Tmem42,0.99312848,0.003
Tgm4,0.17214966,-0.26
Exosc7,0.31060949,0.205
Clec3b,0.94111122,-0.018
Lars2,0.32630285,0.126
Limd1,0.8955102,-0.022
Sacm1l,0.48224389,-0.134
Ccr9,0.38264278,-0.23
Cxcr6,0.77474839,0.068
Ccr3,0.028331001,-1.856
Ccr2,0.41985251,0.351
Ccr5,0.37210686,0.51
4930433N12Rik,0.28860171,-0.2
Affy_10590646,0.58812359,-0.098
Top2a,0.62247414,-0.075
Aasdhppt,0.57973221,-0.098
Gria4,0.1511609,-0.313
Ddi1,0.87036324,0.038
Affy_10590688,0.19732954,0.214
Dync2h1,0.85510379,-0.028
Affy_10590779,0.69501529,-0.04
Mmp1b,0.32843982,-0.144
Birc2,0.85577481,0.05
C330006D17Rik,0.63828799,0.097
Birc3,0.440193,0.274
Yap1,0.9472697,0.008
9230110C19Rik,0.63519893,-0.083
AK129341,0.45889915,-0.156
Gm10708,0.82237117,0.033
Arhgap42,0.48855108,-0.128
Arhgap42,0.48084788,-0.163
Cntn5,0.62442309,0.079
Gm7520,0.82062254,0.069
Affy_10590890,0.39519205,-0.183
Cep57,0.57205975,0.11
Endod1,0.37661295,0.312
Kdm4d,0.49833578,-0.163
Amotl1,0.41195291,0.145
Piwil4,0.094605595,-0.296
Fut4,0.73300842,-0.075
1700012B09Rik,0.71148189,-0.042
Ankrd49,0.26425249,0.302
Mif,0.87030466,0.04
Folr4,0.60869644,-0.085
Panx1,0.99663554,0.001
Hephl1,0.59009809,-0.102
Med17,0.34444327,-0.158
4931406C07Rik,0.402299,0.232
5830418K08Rik,0.24281849,0.198
Ccdc67,0.82329523,-0.054
Mtnr1b,0.81650949,0.04
Fat3,0.80244349,-0.059
Fat3,0.1467058,-0.36
Fat3,0.40355324,-0.215
Fat3,0.3770876,-0.163
Fat3,0.62446679,-0.082
Fat3,0.27176727,-0.227
Fat3,0.18256809,-0.385
Fat3,0.67435768,0.061
Fat3,0.84170932,0.034
Fat3,0.97984143,-0.005
Fat3,0.57415007,0.085
Fat3,0.31816983,0.181
Fat3,0.069009758,-0.474
Fat3,0.10660664,-0.327
Fat3,0.13410016,-0.339
Naalad2,0.54749572,0.124
Zfp558,0.32621183,0.21
Affy_10591164,0.1996761,-0.257
Muc16,0.70160807,0.08
Olfr24,0.55087805,-0.146
Olfr828,0.59403872,-0.091
Affy_10591182,0.24211583,-0.156
Affy_10591184,0.72293161,-0.069
Affy_10591186,0.46018212,-0.137
Olfr843,0.76151468,-0.067
Olfr846,0.25456825,-0.186
Olfr847,0.73355521,-0.083
Olfr850,0.10866937,-0.376
Olfr853,0.45526263,-0.14
Olfr854,0.46015691,-0.113
Olfr856-ps1,0.8972929,0.027
Olfr860,0.63133742,-0.077
Olfr862,0.59448729,-0.097
Uba52,0.77658797,-0.104
Olfr866,0.22581604,-0.268
Olfr867,0.97743212,0.007
Olfr870,0.78758813,-0.056
Affy_10591218,0.65983111,0.09
Olfr18,0.6092037,0.12
Zfp560,0.80543253,0.058
Zfp26,0.74917533,-0.061
Zfp426,0.515854,0.165
5730601F06Rik,0.96027336,-0.01
Fbxl12,0.71678884,0.034
Olfm2,0.76901414,-0.054
Col5a3,0.45658168,-0.125
Angptl6,0.94664957,-0.018
Eif3g,0.79679734,-0.048
Dnmt1,0.49958819,0.114
S1pr2,0.15184026,-0.271
Affy_10591416,0.759073,0.064
Zglp1,0.94937132,-0.015
Fdx1l,0.59508844,-0.073
Raver1,0.79997101,-0.032
Tyk2,0.18660896,0.224
Cdc37,0.27419123,0.199
Keap1,0.95018254,-0.01
S1pr5,0.087828742,-0.512
Kri1,0.52602854,-0.079
Cdkn2d,0.90243753,0.022
Ap1m2,0.31010988,0.21
mir-199a-1,0.64713017,-0.105
Tmed1,0.53633919,0.093
Yipf2,0.57285689,-0.149
Spc24,0.45038505,0.177
Kank2,0.3333023,0.153
Dock6,0.66047731,0.122
Dock6,0.20371723,-0.303
Dock6,0.18920028,-0.217
Dock6,0.37734046,-0.139
Dock6,0.97680098,0.008
Dock6,0.21654327,-0.188
Dock6,0.46063059,-0.142
Dock6,0.68944663,0.078
Dock6,0.91364399,0.019
Dock6,0.70351709,-0.051
Dock6,0.67944813,-0.084
Dock6,0.1666983,-0.186
Dock6,0.15453891,0.254
Dock6,0.098856799,-0.32
Dock6,0.69031074,0.06
Rab3d,0.32688586,0.251
Tmem205,0.81833412,-0.044
LOC100049077,0.4116672,-0.148
Epor,0.40961195,-0.201
Rgl3,1,0
Ccdc151,0.20208458,-0.231
Elavl3,0.59215264,-0.122
Zfp653,0.66972517,-0.063
Ecsit,0.38083324,0.127
Elof1,0.78696511,0.045
Acp5,0.29104685,-0.224
Rpl15,0.064960131,-0.328
1810064F22Rik,0.32180586,0.358
Zfp599,0.35360726,-0.17
Zfp810,0.93478594,0.023
Hmgn2,0.66000428,-0.116
Affy_10591777,0.64642711,-0.107
Anln,0.15787232,0.354
Rp9,0.497332,0.128
Affy_10591814,0.74533652,-0.063
Dpy19l1,0.77114301,-0.063
Dpy19l2,0.1883822,-0.265
Tbx20,0.48931967,0.236
Amd-ps6,0.55947839,-0.113
Rpl41,0.4982867,-0.138
Herpud2,0.18259058,-0.152
Hmgb1,0.56597646,0.112
Glb1l2,0.73908081,-0.04
Glb1l3,0.78644469,-0.047
Gm1110,0.57446777,0.089
Acad8,0.89174241,-0.024
Vps26b,0.71931055,-0.041
Jam3,0.69372825,0.075
Ntm,0.061195612,-0.386
Adamts15,0.72072824,-0.074
Adamts8,0.60155006,-0.123
Gm9957,0.41692891,-0.173
St14,0.92917871,-0.023
Aplp2,0.63201456,0.104
Tmem45b,0.58992105,-0.218
Barx2,0.48572927,0.14
Tuba1b,0.68147524,0.165
Kcnj5,0.69934894,-0.074
Fli1,0.50182022,0.17
A130066N16Rik,0.92543188,-0.023
St3gal4,0.51390257,0.153
Dcps,0.58176116,0.121
Tirap,0.78126777,-0.117
Foxred1,0.25274052,0.32
Fam118b,0.092565585,-0.32
Rpl36,0.3906417,-0.13
Ddx25,0.079749157,-0.258
Hyls1,0.064099947,-0.332
Gm6762,0.52057503,0.128
Gm10105,0.55505465,-0.14
Pate4,0.55434339,-0.099
Affy_10592170,0.88810842,-0.03
D730048I06Rik,0.73611253,-0.062
9230110F15Rik,0.049746392,-0.552
Gm9896,0.56735396,-0.148
Affy_10592188,0.62803524,0.066
Gm5615,0.48632318,0.137
A630095E13Rik,0.37152255,-0.136
Chek1,0.92169499,-0.025
Stt3a,0.46962046,-0.144
Ei24,0.53078421,0.123
Gm6779,0.54428062,0.101
Pknox2,0.60237532,0.109
Slc37a2,0.08630154,-0.362
Ccdc15,0.54324206,-0.109
Robo3,0.82385541,0.047
Nrgn,0.8198403,0.059
Spa17,0.9578512,-0.012
Tbrg1,0.94491341,-0.014
Panx3,0.5687932,0.115
Olfr160,0.30366611,-0.257
Olfr151,0.69047354,0.092
Affy_10592367,0.84865112,0.031
Olfr891,0.74135655,0.07
Olfr915,0.49462439,-0.096
Olfr916,0.31217539,0.164
Olfr917,0.23676618,0.248
Olfr918,0.82487401,-0.03
Olfr919,0.50877389,-0.136
Olfr934,0.18165727,-0.297
Olfr935,0.67731635,-0.076
Olfr146,0.83701955,0.035
Olfr936,0.89770807,-0.022
Olfr937,0.46405552,0.122
Olfr938,0.97255565,-0.006
Affy_10592395,0.50454922,0.124
Olfr144,0.069898337,0.624
Olfr945,0.6074453,0.053
Olfr947-ps1,0.46408983,0.139
Olfr948,0.53944756,-0.151
Olfr952,0.7236756,-0.067
Olfr955,0.83975997,0.037
Olfr44,0.50815386,-0.122
Olfr957,0.32427992,-0.151
Olfr958,0.066463037,-0.306
Olfr959,0.80323576,0.048
AW551984,0.13973243,-0.212
Affy_10592447,0.23091713,0.23
Olfr149,0.60340459,-0.124
Olfr968,0.31744473,0.156
Olfr975,0.47734517,-0.121
Olfr976,0.046560603,-0.364
Affy_10592459,0.041670955,-0.559
Olfr979,0.7220036,-0.072
Olfr980,0.72392613,-0.066
Olfr983,0.098972715,-0.318
Olfr984,0.044203286,-0.406
Olfr985,0.78082666,-0.07
Gramd1b,0.83210194,-0.057
4931429I11Rik,0.29778219,-0.26
Crtam,0.28873745,-0.228
Ubash3b,0.80082405,-0.064
Affy_10592531,0.24885246,-0.417
Affy_10592533,0.78845863,0.056
Sorl1,0.56560267,-0.224
Sc5d,0.58295663,0.256
Tecta,0.10430486,-0.336
Tbcel,0.76890977,0.078
Grik4,0.2507302,-0.241
9530085L02Rik,0.40962875,-0.128
Arhgef12,0.94976515,0.008
Tmem136,0.85191729,-0.05
Pou2f3,0.23585683,-0.266
Oaf,0.69545425,-0.071
Gm10688,0.74833217,-0.06
Rnf26,0.1732109,0.3
Gm10687,0.74133632,0.072
Cbl,0.30033783,0.24
Pdzd3,0.62699217,-0.094
Nlrx1,0.010146675,-0.267
Abcg4,0.53414695,-0.146
Hinfp,1,0
C2cd2l,0.73885843,-0.085
Hmbs,0.22965314,0.178
Vps11,0.35618812,0.142
Myl6,0.62566561,0.09
Trappc4,0.4303319,0.124
Ccdc84,0.68543234,-0.08
Foxr1,0.52941678,-0.114
Upk2,0.042063814,-0.342
C030014I23Rik,0.25228997,-0.282
Cxcr5,0.05615201,0.447
Phldb1,0.63220804,-0.076
Affy_10592917,0.57917115,0.147
Arcn1,0.62669002,-0.059
Tmem25,0.89148041,-0.032
Ttc36,0.64232297,-0.076
Mll1,0.99507487,-0.001
Atp5l,0.20941288,0.341
Ube4a,0.46957666,-0.111
Cd3g,0.45864101,0.303
Cd3e,0.62107678,-0.129
Amica1,0.30999165,-0.187
Tmprss4,0.10448216,-0.346
Il10ra,0.87742512,-0.069
Affy_10593058,0.53544019,-0.216
Cep164,0.42528437,0.129
Cep164,0.68918934,0.084
Gm7286,0.70968529,-0.072
Rnf214,0.90101429,0.02
Tagln,0.84274383,0.052
Sidt2,0.51449683,-0.118
Pafah1b2,0.73507048,0.046
Affy_10593167,0.46007986,0.2
Apoc3,0.31942047,-0.123
Apoa4,0.48741661,0.542
4931429L15Rik,0.64116251,0.092
Affy_10593191,0.88926645,-0.063
Affy_10593193,0.28420069,-0.258
Gm10677,0.47935075,-0.154
Fam55b,0.8937272,0.095
Rexo2,0.43494151,0.212
Rbm7,0.49643973,0.154
Nnmt,0.16187209,2.865
Zbtb16,0.208022,0.777
Htr3a,0.81238548,-0.049
Htr3b,0.34578296,-0.178
Cldn25,0.28911052,-0.198
Ankk1,0.54394314,-0.116
Ttc12,0.95430969,0.009
Ncam1,0.97343719,-0.008
Affy_10593316,0.12387622,-0.326
Affy_10593318,0.85337412,-0.043
Rpl10,0.23078218,-0.152
Affy_10593323,0.90031311,-0.018
Pts,0.35817712,0.193
Bco2,0.030883855,0.982
Tex12,0.98846774,-0.004
Sdhd,0.40631656,-0.117
AU019823,0.26961888,0.229
Dlat,0.17819227,0.259
Dixdc1,0.012580038,0.358
2310030G06Rik,0.73808227,-0.056
Hspb2,0.94990104,-0.013
1110032A03Rik,0.20620119,0.416
Sik2,0.2156861,0.122
Layn,0.31349857,-0.207
4833427G06Rik,0.6521697,-0.087
mir-34c,0.63563801,0.088
mir-34b,0.47775433,-0.144
C11orf53,0.27273005,-0.617
9230115E21Rik,0.025325516,-0.39
Fdx1,0.10446525,-0.546
Gm6981,0.78536243,0.048
Zc3h12c,0.4714732,-0.074
Zc3h12c,0.85059278,0.051
C11orf87,0.264874,0.143
Affy_10593506,0.73984987,-0.073
Ddx10,0.37161397,0.195
Atm,0.27077842,0.243
Affy_10593589,0.63374047,0.162
Acat1,0.022330905,-0.362
Cul5,0.94420373,0.011
Rab39,0.13709966,-0.256
Elmod1,0.37559263,-0.169
Tnfaip8l3,0.74269488,-0.072
Cyp19a1,0.85414804,0.03
1700104A03Rik,0.29727166,-0.228
Dmxl2,0.53932196,-0.161
Dmxl2,0.34173148,-0.24
Cib2,0.56573335,-0.138
Acsbg1,0.48339271,-0.129
Wdr61,0.39611439,-0.111
AY074887,0.008130936,-0.45
Chrna3,0.9637853,-0.009
Chrnb4,0.078626984,-0.417
Nrg4,0.68862121,-0.207
Etfa,0.59823263,-0.071
Scaper,0.58205154,0.103
Affy_10593832,0.40212932,-0.182
Rfpl3s,0.50365641,-0.103
Tspan3,0.51530451,-0.159
C230081A13Rik,0.11210912,0.263
LOC236598,0.44469401,-0.092
Lingo1,0.29853342,-0.204
Odf3l1,0.21678249,-0.251
Snx33,0.000379953,0.55
Gm10658,0.65135342,0.081
Ptpn9,0.48186341,-0.196
Neil1,0.29755433,0.225
Commd4,0.84218874,-0.029
1700017B05Rik,0.20871158,0.246
Ppcdc,0.47343904,0.116
Scamp5,0.28525751,-0.278
Mpi,0.60981017,0.094
Cplx3,0.80166377,-0.052
Lman1l,0.66834998,-0.086
Csk,0.56355597,0.074
Cyp1a2,0.31881921,-0.581
Clk3,0.57825114,0.102
Arid3b,0.57105075,-0.098
Ccdc33,0.62192149,-0.09
Islr,0.26766571,0.336
Islr2,0.26070066,-0.226
Pml,0.42495552,0.17
Loxl1,0.85281109,0.046
Tbc1d21,0.70354989,-0.06
Cd276,0.17850233,-0.271
2410076I21Rik,0.20359051,-0.466
Neo1,0.28112714,-0.146
Rpl11,0.82000025,0.039
Bbs4,0.38930397,-0.221
Arih1,0.26693018,-0.151
Tmem202,0.72928537,0.054
Senp8,0.76600948,0.08
Gm7613,0.43188404,0.204
Nr2e3,0.11045903,-0.375
Thsd4,0.85814455,-0.02
Lrrc49,0.26537294,-0.194
Gm9869,0.77837601,-0.06
Affy_10594244,0.84561783,-0.038
Gm10655,0.45220003,-0.204
Rplp1,0.076612911,-0.322
Kif23,0.080634522,0.32
Paqr5,0.93078726,0.015
Glce,0.44460693,0.142
Spesp1,0.4899678,-0.133
Coro2b,0.12833,-0.299
Fem1b,0.89605168,-0.019
Rps2,0.28936128,0.293
Pias1,0.75822594,0.044
Skor1,0.75641,-0.072
Map2k5,0.33507661,0.133
2300009A05Rik,0.7929429,-0.034
Iqch,0.7233194,-0.057
Smad3,0.90958485,0.018
Smad6,0.67757308,0.084
Zwilch,0.81423016,-0.057
Map2k1,0.15940564,-0.327
Dis3l,0.20656964,0.482
Rab11a,0.43123555,0.106
Slc24a1,0.41433524,-0.186
Ptplad1,0.70233924,0.086
Affy_10594513,0.55281268,-0.2
Affy_10594515,0.98369376,0.009
Kbtbd13,0.62813562,-0.112
Ostb,0.28813808,0.299
Ankdd1a,0.84544975,0.04
Plekho2,0.80128419,-0.07
Plekho2,0.36222934,0.269
Gm10144,0.32672112,0.24
Zfp609,0.27583387,-0.193
Trip4,0.95888668,-0.009
Snx22,0.65938438,-0.11
Snx1,0.063940505,0.515
Affy_10594607,0.54072361,-0.114
Fbxl22,0.4639944,-0.161
Usp3,0.97938821,-0.004
Aph1b,0.5048547,-0.224
Ppp1r2,0.78061917,0.056
Aph1c,0.20415699,-0.348
Rab8b,0.40155105,0.28
Lactb,0.4501776,-0.12
Tpm1,0.79709983,-0.071
Tln2,0.54609733,0.157
Mir190,0.11990831,0.225
M5C1000I18Rik,0.60871587,-0.124
C2cd4a,0.31144516,-0.266
Rpl7a,0.94936678,0.008
Foxb1,0.98663227,-0.003
Gcnt3,0.15398934,-0.25
Fam81a,0.5412341,-0.193
Ccnb2,0.7659749,0.1
Rnf111,0.73569978,-0.052
Affy_10594798,0.57589553,0.308
Fam63b,0.034829342,0.793
Fam63b,0.10922148,0.455
Lipc,0.69140259,-0.106
Aqp9,0.87165282,0.038
Grinl1a,0.58051822,-0.103
Gcom1,0.88107186,0.035
Cgnl1,0.83238813,0.036
Tcf12,0.80899668,-0.044
Uba52,0.61310438,-0.09
Rpl7a,0.57530671,0.064
Gm10641,0.70353846,-0.067
Tex9,0.47450141,0.119
Pigb,0.97069832,0.006
Rpl36,0.38103001,-0.124
Unc13cc,0.33081748,-0.163
Unc13cc,0.73012732,0.07
Unc13cc,0.30312114,-0.14
Unc13cc,0.44776054,-0.127
Unc13cc,0.43617724,-0.219
Unc13cc,0.98505832,-0.003
Unc13cc,0.31174407,-0.173
Rpl17,0.79112639,0.042
Mapk6,0.73405746,-0.052
Leo1,0.85541494,-0.049
Tmod3,0.36067512,0.17
Tmod2,0.72135147,-0.077
Scg3,0.91394497,0.017
Gm3671,0.85578108,-0.052
Affy_10595048,0.59418032,-0.074
Gfral,0.92053425,0.022
Hcrtr2,0.19725762,-0.335
Fam83b,0.84305067,-0.036
Affy_10595079,0.79643564,-0.056
Tinag,0.53003615,-0.198
Mlip,0.53396426,0.142
Lrrc1,0.62109141,0.097
Fbxo9,0.96305569,-0.007
ENSMUSG00000065037,0.60547102,-0.066
Omt2a,0.86914379,-0.026
Gm8074,0.52433856,0.231
Gsta2,0.32673305,0.78
Dppa5a,0.57980042,0.187
Ooep,0.9028625,-0.024
Affy_10595165,0.94446831,0.013
Affy_10595169,0.85254356,-0.043
E330016A19Rik,0.61948543,0.073
Eef1a1,0.34391463,-0.133
Slc17a5,0.15834649,-0.34
Affy_10595202,0.91270985,-0.024
2410127L17Rik,0.70120205,0.094
Gm10635,0.14705473,-0.231
Col12a1,0.69294423,0.078
Cox7a2,0.95541712,-0.008
Tmem30a,0.041158198,-0.26
Filip1,0.81740601,-0.056
Impg1,0.16175204,-0.275
Htr1b,0.52491824,-0.144
Phip,0.30577329,0.166
Hmgn3,0.25726475,-0.224
Lca5,0.27684199,-0.251
Elovl4,0.94295574,-0.012
Gm8228,0.85656067,0.052
Fam46a,0.6418496,-0.176
Fam46a,0.79230037,-0.121
Ibtk,0.53069787,0.124
Affy_10595439,0.12210356,-0.351
Rpl7a,0.84200804,0.022
Tpbg,0.46176547,-0.133
Affy_10595447,0.36756063,-0.141
Ube2cbp,0.54688397,0.127
Pgm3,0.68916456,0.168
Me1,0.16846622,0.816
Snap91,0.78506215,0.06
4922501C03Rik,0.7721944,-0.086
Tbx18,0.95473717,0.013
Slc25a40,0.88559374,-0.042
Snx14,0.92371845,-0.018
Syncrip,0.8380893,-0.034
2810026P18Rik,0.66797646,0.065
Affy_10595620,0.53108882,0.446
Affy_10595622,0.64476153,0.331
Affy_10595624,0.071151615,-0.224
Affy_10595626,0.38760197,0.63
Affy_10595628,0.25482993,-0.26
Gm2382,0.34414881,0.192
Bcl2a1d,0.51013712,0.317
Affy_10595636,0.64476153,0.331
4930579C12Rik,0.46487913,-0.125
AF529169,0.27829283,-0.299
Tmed3,0.056099004,0.425
Ankrd34c,0.73225014,-0.068
Mir184,0.75184251,0.066
Morf4l1,0.18866374,0.275
Tbc1d2b,0.25160951,-0.293
Zic1,0.22637103,-0.165
1190002N15Rik,0.26075388,0.465
Chst2,0.85879325,0.035
U2surp,0.58535581,0.086
Trpc1,0.46167367,0.181
Pls1,0.30679579,-0.513
1700065D16Rik,0.11897009,-0.304
Affy_10595791,0.23546015,-0.248
Atp1b3,0.47337612,0.185
BC043934,0.48981149,-0.154
Rnf7,0.96001415,-0.016
Rasa2,0.9660739,0.009
Zbtb38,0.93760401,0.01
E030011O05Rik,0.5552967,-0.125
Acpl2,0.92632944,0.022
Spsb4,0.24899093,-0.231
Slc25a36,0.30414769,0.296
Trim42,0.24329021,-0.209
Clstn2,0.66161401,-0.081
2610303G11Rik,0.088467798,-0.314
4930579K19Rik,0.50461669,-0.091
Mrps22,0.06719836,0.34
Affy_10595909,0.3146933,0.202
Foxl2os,0.3446213,-0.241
Gm1123,0.42585137,-0.179
Pik3cb,0.79240746,-0.044
Gm6432,0.84084046,0.036
Esyt3,0.44934732,-0.136
Mras,0.68667325,-0.089
Mras,0.95298148,-0.01
Armc8,0.88134812,0.025
Cldn18,0.013621835,-0.559
Sox14,0.10771996,-0.367
Il20rb,0.24059903,-0.301
Il20rb,0.20909868,-0.303
Il20rb,0.36043713,-0.25
Nck1,0.84566202,0.047
Tmem22,0.93962833,0.016
Pccb,0.45932013,0.168
Affy_10596070,0.38442575,0.185
Ppp2r3a,0.40555145,0.175
Gm5161,0.25551148,-0.294
Ephb1,0.69064784,-0.089
Affy_10596113,0.57365938,0.119
Ephb1,0.056848778,-0.393
Cep63,0.87755646,0.031
Cep63,0.32045913,0.223
Affy_10596135,0.36190602,-0.222
Srprb,0.41965203,0.153
Trf,0.14654279,-0.147
1300017J02Rik,0.02083867,-0.372
Cdv3,0.44065961,-0.113
Bfsp2,0.1151951,-0.274
Tmem108,0.43932572,-0.12
Uba5,0.35847918,-0.248
Ccrl1,0.16802897,0.248
Dnajc13,0.99503374,-0.001
Dnajc13,0.85239061,-0.034
Dnajc13,0.30666232,0.376
Dnajc13,0.80647876,0.052
Dnajc13,0.37757556,0.17
Dnajc13,0.46176678,-0.099
Dnajc13,0.82288598,0.043
Dnajc13,0.54697104,0.16
Dnajc13,0.75626241,0.061
Dnajc13,0.9635074,0.009
Dnajc13,0.45257564,0.253
Dnajc13,0.98891589,0.003
Dnajc13,0.64994729,0.08
Dnajc13,0.22238437,0.705
Dnajc13,0.68075065,0.06
Acpp,0.16040291,1.455
Nudt16,0.46510435,-0.187
1700080E11Rik,0.44009865,-0.167
Nek11,0.022785398,-0.31
Atp2c1,0.97242026,-0.005
2900010M23Rik,0.22055379,0.25
Rpl10,0.31675216,-0.131
Affy_10596381,0.99608019,-0.001
Col6a6,0.984811,0.004
Col6a6,0.36092219,-0.174
Col6a5,0.43320856,-0.247
Col6a5,0.028058456,-0.476
Col6a4,0.85168544,-0.04
Glyctk,0.46872531,-0.134
Ppm1m,0.38812519,0.2
Alas1,0.89560657,0.086
Acy1,0.94685008,-0.032
Abhd14a,0.12830246,0.584
Gpr62,0.028586913,-0.65
Parp3,0.35882297,0.177
4930517N10Rik,0.56527511,0.094
Iqcf3,0.26790361,-0.252
Iqcf4,0.36507721,-0.17
Grm2,0.39591609,-0.206
Tex264,0.68491579,-0.079
Rad54l2,0.20125622,0.372
Rad54l2,0.83169888,-0.036
Rbm15b,0.9653354,0.01
Rbm15b,0.1354823,-0.262
Manf,0.56653222,0.224
Dock3,0.10297196,-0.298
Mapkapk3,0.85155961,0.045
Hemk1,0.8540533,0.053
Cyb561d2,0.21563968,-0.194
Rassf1,0.69990457,0.072
BY080835,0.80163237,-0.054
Sema3b,0.40794967,0.182
Gnai2,0.7470329,0.059
Slc38a3,0.24547913,-0.281
Gnat1,0.40638763,0.331
Sema3f,0.69492242,0.066
Rbm5,0.42249295,-0.091
Rbm6,0.77500145,0.062
Rbm6,0.78769063,-0.048
6230427J02Rik,0.88096495,0.031
Rnf123,0.94439061,0.01
Apeh,0.70751689,-0.056
Bsn,0.46914763,-0.153
Dag1,0.6726654,0.066
Tcta,0.092937664,0.264
Ccdc36,0.20766666,0.163
Klhdc8b,0.52221267,0.091
Ndufaf3,0.4757667,0.114
Wdr6,0.87209539,0.038
P4htm,0.32300893,-0.274
Arih2,0.42295219,-0.218
Affy_10596958,0.85684311,-0.059
Trex1,0.28648435,0.142
Atrip,0.44556762,0.125
Ccdc72,0.98915851,-0.002
Plxnb1,0.94002522,0.013
Fbxw21,0.018373168,0.416
Fbxw13,0.50201004,-0.128
Fbxw20,0.77333114,-0.058
Fbxw14,0.093952558,-0.271
Fbxw22,0.54276192,-0.165
Fbxw19,0.97281203,0.006
Fbxw15,0.94930395,0.009
Fbxw24,0.8495135,0.036
Affy_10597074,0.58103003,-0.114
Fbxw18,0.23558207,0.178
Fbxw26,0.91413025,-0.025
Gapdh-ps,0.66104806,0.084
Camp,0.89098539,-0.029
Dhx30,0.29195075,0.156
Affy_10597132,0.14816923,-0.243
Scap,0.44570243,-0.141
Ptpn23,0.74759753,0.056
Klhl18,0.44780957,0.119
Nradd,0.49633404,-0.151
Nbeal2,0.15686079,0.263
Pth1r,0.46435166,-0.135
Tmie,0.13732058,0.389
Als2cl,0.89683084,-0.025
Tdgf1,0.3968094,-0.246
Rtp3,0.89314845,-0.033
Ccrl2,0.23065665,0.316
Mlh1,0.52334431,0.159
Stac,0.013038323,-0.409
Arpp21,0.44395855,-0.114
Mir128-2,0.31849708,-0.264
Pdcd6ip,0.21814074,-0.109
Fbxl2,0.033377488,-0.354
4921528I07Rik,0.78048534,-0.092
Crtap,0.36643333,-0.301
Ccr4,0.54213938,0.144
Trim71,0.74644374,-0.066
Cnot10,0.27577527,0.151
Gm7780,0.94085096,-0.018
Cmtm7,0.25825477,0.311
Cmtm8,0.77264471,-0.043
Gpd1l,0.41552747,0.157
Rps27,0.67650686,-0.114
Stt3b,0.6546978,0.073
Rps2,0.27882652,0.518
Affy_10597513,0.6343994,-0.145
Rpl24,0.7265534,0.05
Tgfbr2,0.73432412,-0.098
Rbms3,0.4219057,0.14
Zcwpw2,0.44075552,-0.172
Cmc1,0.11408292,0.232
Affy_10597571,0.89699393,-0.016
Eif1,0.45360483,-0.154
Plcd1,0.77820653,0.054
Acaa1b,0.16760923,0.568
Slc22a14,0.62688915,0.074
Slc22a13,0.49165695,0.17
9330176C04Rik,0.63026073,-0.126
Oxsr1,0.88856715,0.02
Myd88,0.84828744,0.053
Scn5a,0.93882992,-0.021
Scn10a,0.48120029,-0.224
Scn11a,0.72945722,-0.068
Cx3cr1,0.85872281,0.086
Gorasp1,0.14625994,-0.254
Csrnp1,0.39399217,-0.212
Xirp1,0.38612905,-0.24
Gm5922,0.57929952,-0.117
Affy_10597773,0.93675132,0.016
Ulk4,0.46312857,0.121
Cck,0.32695109,-0.197
Lyzl4,0.72205258,0.075
Sec22c,0.2669652,0.614
Hhatl,0.329775,-0.218
Ccdc13,0.19396705,-0.237
Higd1a,0.51355858,-0.253
Cyp8b1,0.63695201,0.224
C85492,0.44467147,0.124
Ano10,0.40193243,-0.251
Affy_10597898,0.33001992,-0.306
Zfp445,0.34962276,-0.245
1110059G10Rik,0.002035616,0.726
Affy_10597918,0.9630002,-0.009
Zdhhc3,0.63709629,0.09
Affy_10597933,0.1148969,-0.212
Cdcp1,0.37422501,0.26
Tmem158,0.45980031,-0.162
Slc6a20b,0.72549441,-0.066
Slc6a20a,0.82818897,0.052
Gm10052,0.54277682,0.12
Lztfl1,0.66752546,-0.123
Fyco1,0.41638227,0.204
Xcr1,0.70924311,-0.108
Affy_10597999,0.45768968,-0.154
Ccr1,0.70213062,0.076
Ccr1l1,0.053788406,-0.498
Ccr5,0.37210686,0.51
Affy_10598018,0.38162046,1.444
Affy_10598020,0.1066448,-0.152
Affy_10598023,0.48177105,0.59
MT-ND1,0.14985302,-0.125
Affy_10598027,0.22445376,0.292
MT-ND1,0.4423216,-0.106
Affy_10598032,0.60185799,0.319
ND2,0.17225969,-0.114
COX1,0.19225352,-0.125
mt-Co2,0.59929391,-0.076
mt-Co2,0.38488064,1.428
MT-ATP6,0.6774786,-0.058
ND3-ps,0.75398604,0.098
Affy_10598053,0.60315532,0.291
Nd3,0.56009336,0.162
Affy_10598057,0.79356155,0.332
Nd4l,0.43676082,-0.088
Affy_10598062,0.33849696,1.654
ND6,0.37313832,2.159
Affy_10598067,0.28569704,-0.099
CYTB,0.43791463,-0.074
CYTB,0.5181473,1.471
Trnq,0.25887202,0.918
ND2,0.4766723,0.941
ND2,0.59902558,1.016
Affy_10598079,0.63977783,0.758
Affy_10598081,0.90253137,0.175
Affy_10598083,0.72867056,0.51
ATP6-ps,0.83115732,-0.136
ND6,0.83773617,-0.115
Affy_10598089,0.93301074,-0.039
Affy_10598091,0.94932418,0.073
Tarm1,0.11119702,-0.344
Maml2,0.52255649,-0.116
Rpl23a,0.73915066,0.033
Olfr239,0.16140108,-0.381
Taf1a,0.49063104,0.174
Dhrsx,0.46029139,-0.128
Affy_10598118,0.37977644,-0.129
Hhipl2,0.68364499,-0.089
Spry3,0.78332168,0.052
Affy_10598141,0.51080546,-0.142
Tcstv3,0.97809444,0.005
LOC625360,0.90973582,-0.033
AF067063,0.47808697,-0.145
Hjurp,0.30704127,0.442
Brox,0.22427951,0.353
4930449I24Rik,0.92389916,-0.028
Ear10,0.93087264,-0.046
Disp1,0.73297826,-0.072
BC085271,0.96670248,-0.009
Gmcl1l,0.48729243,0.122
Affy_10598187,0.57771853,-0.084
4930408F14Rik,0.48183717,-0.121
Mia3,0.92016403,-0.024
Ccl28,0.80418371,0.042
Affy_10598207,0.39642373,0.242
Affy_10598212,0.20047277,-0.178
Affy_10598216,0.25175092,-0.307
Gmcl1l,0.56498753,0.098
Affy_10598220,0.60176113,0.097
4930408F14Rik,0.31738153,-0.228
Gmcl1l,0.50950563,0.128
4930408F14Rik,0.59087617,0.072
Affy_10598229,0.44060977,-0.119
Gm14451,0.53607119,0.142
Nudt11,0.3880948,0.286
Rn5s,0.7036859,0.152
Shroom4,0.46537258,-0.128
Dgkk,0.53686926,-0.128
Akap4,0.36328734,-0.129
LOC100270707,0.94465863,0.015
4930524L23Rik,0.86753034,0.042
Foxp3,0.66735456,-0.08
Cacna1f,0.83916084,-0.04
Syp,0.61324241,-0.094
Prickle3,0.94974738,0.01
Gpkow,0.98571081,-0.003
Wdr45,0.66062684,-0.07
Praf2,0.51014192,0.212
Gm4905,0.28508243,0.218
Tcfe3,0.13138118,0.272
Gripap1,0.25836914,0.138
Kcnd1,0.69005025,-0.104
Otud5,0.69763834,0.055
Pim2,0.45303577,0.142
Slc35a2,0.1572519,-0.199
Timm17b,0.9156946,-0.016
Gm10490,1,0
Pcsk1n,0.073567601,-0.386
Gm7079,0.14140866,0.295
Gm6787,0.37712013,-0.193
Rbm3,0.082627937,-0.404
Slc38a5,0.3082992,-0.243
Ssxb10,0.58040828,-0.151
Ssxb9,0.82279805,-0.025
Ssxb1,0.4718201,-0.095
Affy_10598547,0.78873355,-0.083
Ssx9,0.49338091,-0.153
Ssxb5,0.049968331,-0.559
B630019K06Rik,0.10974674,-0.264
Fthl17,0.44019445,-0.197
Fthl17,0.91421247,-0.02
Gm5635,0.16676618,-0.524
4930402K13Rik,0.80807964,0.038
Gm5753,0.97977805,-0.006
Lancl3,0.10313615,0.331
Xk,0.58901297,0.14
1700012L04Rik,0.98712218,-0.003
Affy_10598594,0.66949559,-0.104
Gm14501,0.82467918,-0.042
1700054O13Rik,0.6420829,-0.111
4930557A04Rik,0.67041754,-0.086
Sytl5,0.14851917,0.624
Otc,0.58333325,-0.124
Tspan7,0.61056431,0.138
Ube2i,0.30840881,0.12
Mid1ip1,0.55744298,0.288
Gm14483,0.54588959,-0.135
Gm14484,0.94344116,-0.014
Gm14483,0.48516252,-0.162
Gm14483,0.46975037,-0.158
Gm14484,0.67839371,-0.083
Gm14483,0.47536814,-0.138
Gm14483,0.5856183,-0.134
Gm14483,0.5856183,-0.134
Gm14483,0.5856183,-0.134
Affy_10598662,0.82321306,-0.057
Atp6ap2,0.49776851,-0.12
AA414768,0.16658949,-0.311
Usp9x,0.80809084,-0.032
Rpl3,0.42709796,0.236
Ddx3x,0.18561803,-0.199
Nyx,0.25971178,-0.284
Gpr34,0.7888204,0.038
Gpr82,0.91471615,0.017
Gm5382,0.55726719,-0.141
Cypt1,0.4254305,-0.154
Csnk2a1-ps,0.57348414,0.098
Maoa,0.064112062,0.983
Affy_10598789,0.74746,0.078
Gm5073,0.83147805,-0.052
LTR_Affy_10598794,0.49970734,0.337
Dusp21,0.88638807,0.03
Kdm6a,0.53794491,0.119
Affy_10598827,0.65073293,-0.082
Rpl23a,0.8114253,-0.03
Chst7,0.42056578,-0.188
Affy_10598837,0.91312613,0.043
Rp2h,0.38555553,0.245
Phf16,0.37512351,-0.212
Rgn,0.93949634,0.026
Rbm10,0.3454091,0.158
Uba1,0.49860891,-0.074
Cdk16,0.5918491,0.058
Usp11,0.5479098,-0.133
Araf,0.39321795,-0.095
Timp1,0.89757023,-0.041
Spaca5,0.91685889,-0.016
Ssxa1,0.26444223,-0.202
Atp1b3,0.1366505,0.447
Gm5124,0.013610687,-0.499
Agtr2,0.061536424,-0.397
Affy_10599005,0.66883725,-0.091
Slc6a14,0.52267722,-0.109
Affy_10599026,0.78999286,0.048
1700023I07Rik,0.2188739,0.296
Affy_10599030,0.72906618,-0.091
Wdr44,0.002900248,0.725
Gm4907,0.33543409,-0.222
Affy_10599058,0.93650326,-0.017
Affy_10599060,0.93650326,-0.017
Gm10486,0.93650326,-0.017
Gm10486,0.72048692,0.058
Gm10486,0.93650326,-0.017
Gm10486,0.45494688,0.122
4930408F14Rik,0.61003251,0.069
Affy_10599086,0.66736287,0.079
4930408F14Rik,0.48655233,-0.154
Affy_10599092,0.39481039,-0.15
Gm10486,0.93650326,-0.017
Gm10486,0.49391681,0.107
Gm10486,0.93650326,-0.017
Gm10486,0.45494688,0.122
Gm4764,0.075522077,-0.319
Affy_10599118,0.63566925,-0.1
Dock11,0.59457738,0.211
Il13ra1,0.98350254,0.006
Zcchc12,0.87137387,-0.032
Lonrf3,0.45524527,0.263
Pgrmc1,0.3515039,-0.13
Gm6274,1,0
Slc25a43,0.37650288,-0.172
Affy_10599213,0.5587558,-0.116
Slc25a5,0.39853611,-0.114
Ube2a,0.54230928,0.11
Ankrd58,0.48395783,0.11
Nkap,0.73614194,0.082
Rnf113a1,0.74979479,-0.074
Rhox2a,0.19606304,-0.23
Rhox3a,0.49763925,0.139
Rhox4a,1,0
Rhox4b,0.65794136,-0.101
Rhox4c,0.45818425,-0.196
Affy_10599279,0.62774569,-0.073
Rhox4b,0.83168936,0.049
Rhox2e,0.34745288,-0.164
Rhox4e,0.57250836,-0.118
Rhox6,0.25921563,-0.249
Rhox7,0.63365942,-0.096
Rhox10,0.30831969,-0.18
Rhox13,0.23484081,-0.22
Zbtb33,0.77405557,0.055
Atp1b4,0.44073996,-0.147
Atp5l,0.20911146,0.304
Mcts1,0.52191919,0.125
6030498E09Rik,0.62925732,0.148
Polr2k,0.83874209,-0.043
Gria3,0.73122889,0.226
Xiap,0.48469939,-0.173
Stag2,0.41922557,0.186
Sh2d1a,0.48813414,-0.108
Gm10483,0.46249702,0.117
Affy_10599418,0.34792093,0.133
Gm362,0.65606016,-0.086
1110059M19Rik,0.06255988,-0.328
Actrt1,0.75887133,0.064
Affy_10599427,0.57755191,-0.147
Gm6480,0.62394669,-0.094
Rpl21,0.71617301,-0.04
Ocrl,0.74400273,0.076
Calm2,0.77201546,-0.056
Xpnpep2,0.71665048,-0.052
Sash3,0.6162695,0.119
Affy_10599496,0.95483363,-0.01
Utp14a,0.56823317,-0.128
Bcorl1,0.74370751,0.055
Rab33a,0.54268126,0.114
Slc25a14,0.81251056,0.031
Rbmx2,0.74662145,-0.078
Affy_10599560,0.43671481,-0.147
Arhgap36,0.75182483,-0.074
Ppdpf,0.41441839,0.285
Olfr1320,0.39509291,-0.16
2610018G03Rik,0.49648654,-0.119
Affy_10599595,0.75038741,0.042
A630012P03Rik,0.24977685,-0.212
Ccdc160,0.14828762,-0.294
Rps2,0.30439323,0.286
Phf6,0.84298567,0.039
Hprt,0.62639029,0.107
Fam122c,0.64315509,-0.076
Affy_10599648,0.84046511,0.052
Etd,0.66237232,-0.061
Cxx1c,0.43386995,-0.148
Affy_10599658,0.38676349,-0.311
4930502E18Rik,0.7190741,-0.08
Affy_10599670,0.094895245,-0.412
Slxl1,0.82423658,-0.035
3830403N18Rik,0.15068023,-0.332
Zfp449,0.75426842,0.064
Ncrna00086,0.21637474,-0.29
Ddx26b,0.26450705,0.333
Affy_10599717,0.58129886,-0.094
Slc9a6,0.1871156,0.453
Fhl1,0.43579243,0.137
Gpr112,0.99264752,0.001
Gpr112,0.74307503,-0.071
Brs3,0.30425944,-0.32
Htatsf1,0.078137954,0.351
Vgll1,0.85160357,0.042
Cd40lg,0.26837144,0.237
Affy_10599810,0.73231255,0.053
Zic3,0.14402838,-0.266
4930550L24Rik,0.71334836,-0.074
F9,0.52678205,-0.12
Affy_10599835,0.024194704,1.053
Gm715,0.24504854,-0.21
Gm14661,0.095554903,-0.255
C230004F18Rik,0.10630432,-0.229
Gm4988,0.26201028,-0.198
Ldoc1,0.23098972,-0.276
Eif4e,0.50128562,0.113
4933402E13Rik,0.23001683,-0.254
4931400O07Rik,0.78906322,-0.042
3830417A13Rik,0.51596601,0.106
Affy_10599871,0.70379555,-0.091
Affy_10599874,0.73156272,-0.055
Ctag2,0.055464733,0.369
Slitrk2,0.59991615,-0.132
Slitrk2,0.90045267,-0.025
Affy_10599886,0.29208254,0.186
Affy_10599888,0.45562101,-0.152
Fmr1,0.66682262,0.08
Fmr1nb,0.58742828,0.099
Styx,0.29401716,0.251
Aff2,0.33851557,-0.158
Gm6812,0.11581341,-0.344
CXorf40b,0.36637283,0.343
Gm16407,0.48133241,0.164
Gm6038,0.59912385,0.116
Affy_10599960,0.41826389,-0.194
Mamld1,0.044014155,0.32
Hnrnpa3,0.59673069,0.156
Mtm1,0.97200642,0.007
Mtmr1,0.27624063,0.194
Hmgb3,0.71789796,0.072
Gpr50,0.94835818,0.014
Rpl30,0.47923246,-0.128
2610030H06Rik,0.94735061,0.026
Gm1141,0.56627963,0.157
Prrg3,0.43595113,-0.176
Fate1,0.76807479,-0.058
Cnga2,0.4106207,-0.16
Magea4,0.33095297,-0.172
Affy_10600067,0.08450095,0.375
Gabrq,0.93694643,0.015
Magea9-ps,0.84934227,0.046
Nsdhl,0.61389725,-0.395
Zfp185,0.30036383,-0.186
Pnma3,0.54900341,-0.114
DXBay18,0.39674679,-0.194
Xlr3b,0.91131821,-0.071
Xlr4b,0.85953022,0.078
F8a,0.77996901,0.053
DXBay18,0.78288492,0.065
Zfp275,0.75231524,-0.067
Zfp92,0.90900366,0.022
Bgn,0.88984127,-0.041
Atp2b3,0.66210188,-0.082
Dusp9,0.62734238,-0.109
Slc6a8,0.5207434,0.187
Abcd1,0.31064047,0.385
Affy_10600247,0.58574965,0.095
Plxnb3,0.43829729,-0.137
Srpk3,0.31221819,0.158
Ssr4,0.8819654,-0.024
Affy_10600308,0.17354823,-0.294
Avpr2,0.47937565,-0.146
Opn1mw,0.88948113,-0.03
Rpl3,0.39952184,0.25
Tktl1,0.98680773,0.003
Emd,0.46745649,0.13
Rpl10,0.29686169,-0.141
Snora70,0.68964683,0.13
Taz,0.55564532,0.092
B230340J04Rik,1,0
Atp6ap1,0.95242044,-0.008
Gdi1,0.49012939,0.097
Fam50a,0.72716592,-0.06
Plxna3,0.60555238,0.103
Ikbkg,0.50825954,0.174
Affy_10600471,0.75833351,0.082
Affy_10600474,0.33852373,-0.248
Gm4989,0.4603673,0.196
Olfr1325,0.3743947,0.154
4930408F14Rik,0.70669592,-0.08
Affy_10600482,0.89860799,0.022
Dkc1,0.16420109,0.316
2810453I06Rik,0.96885398,0.006
2810453I06Rik,0.67068213,0.081
Fundc2,0.21611264,0.361
Brcc3,0.95373337,0.008
Vbp1,0.3049282,0.355
Vbp1,0.46953687,-0.168
Affy_10600531,0.10513601,0.56
Affy_10600533,0.89571456,0.038
Gm4937,0.31855245,-0.173
Magea7-ps,0.1114806,-0.379
4930428D18Rik,0.72729249,-0.057
Hmgb1,0.65066043,0.082
Tbl1x,0.57065145,-0.076
Affy_10600566,0.9870463,-0.004
Gm14744,0.077330351,0.27
Gm14743,0.72982203,0.056
4930480E11Rik,0.79300322,0.052
Affy_10600584,0.658203,-0.121
Fam47a-ps,0.95958334,0.011
Affy_10600588,0.34303653,-0.219
Hnrnpa3,0.83304491,0.06
Tmem47,0.37333639,0.337
Affy_10600602,0.39520383,0.102
Dmd,0.082307176,0.215
1600014K23Rik,0.22683008,-0.277
Tab3,0.52960605,-0.106
5430427O19Rik,0.10674284,-0.602
1700072E05Rik,0.81300143,0.026
Nr0b1,0.12674153,-0.376
Affy_10600710,0.34746331,-0.201
Affy_10600712,0.67366128,0.083
Smek3-ps,0.93670465,-0.012
Sec61g,0.67217438,0.103
Gm6027,0.29431049,-0.241
Gm14773,0.44276028,-0.14
Mageb1,0.74988392,0.06
Gm5072,0.32171782,-0.155
Gm5072,0.91011607,0.019
Mageb17-ps,0.95766172,0.016
Gm5941,0.5570387,0.195
Affy_10600744,0.92086144,0.016
1700003E24Rik,0.58528191,-0.079
1700003E24Rik,0.3268026,-0.138
Affy_10600753,0.33924025,-0.177
Arx,0.91663173,0.022
Gm6985,0.32599099,-0.265
Pcyt1b,0.97817645,0.005
AU015836,0.37010206,-0.216
Gm4990,0.26225956,-0.245
Klhl15,0.42835098,-0.114
Apoo-ps,0.32308471,0.22
Gm9009,0.75014172,-0.063
Gspt2,0.46013601,-0.149
Zxdb,0.71652517,-0.049
Rpl13-ps5,0.36834396,-0.149
LOC675747,0.80565458,0.067
Zc3h12b,0.96802981,0.008
Msn,0.31393289,0.521
mir-223,0.38805075,0.417
Heph,0.50716765,0.106
Rpl17,0.83113739,0.024
Gpr165,0.5714103,-0.141
Pgr15l,0.54627567,-0.137
Pgr15l,0.21980929,-0.207
Ar,0.47192848,0.423
Yipf6,0.62365815,0.068
Stard8,0.25291985,0.182
Efnb1,0.10269182,0.23
Tmem28,0.30136253,-0.313
Eda,0.29464529,-0.267
mir-676,0.66596117,-0.062
Otud6a,0.46636887,-0.161
Igbp1,0.60315643,0.088
Dgat2l6,0.32559538,-0.212
Awat1,0.16980198,-0.264
Arr3,0.42353762,-0.14
Kif4,0.30188747,0.185
Gdpd2,0.3717322,-0.201
Dlg3,0.25994002,0.158
Affy_10601084,0.86876586,-0.03
Affy_10601086,0.95698807,0.008
Gm9078,0.83611933,-0.066
Foxo4,0.6546339,-0.07
Med12,0.41870167,0.132
Affy_10601150,0.476228,0.149
Nlgn3,0.45154133,-0.214
Gjb1,0.5995382,-0.101
Nono,0.30436318,0.129
Itgb1bp2,0.79548054,-0.057
Taf1,0.18197147,0.217
Ogt,0.7287009,0.044
Tpt1,0.3599582,-0.077
8030474K03Rik,0.21441014,-0.274
Gm10456,0.28651626,-0.179
Pin4,0.80478383,0.042
LOC676150,0.90533688,-0.024
Dmrtc1b,0.49838296,-0.141
Dmrtc1c,0.45578088,-0.137
Pabpc1l2b-ps,0.73614389,-0.07
Cdx4,0.23587867,-0.242
Chic1,0.06142765,-1.32
Gm10454,0.039238501,-1.458
Tsx,0.79275183,-0.064
Affy_10601322,0.21834548,0.246
Zcchc13,0.359632,-0.212
Uprt,0.22272449,0.389
Uprt,0.45715627,0.329
2610029G23Rik,0.49211216,0.123
Magee1,0.14695655,-0.285
Cypt2-ps,0.66549247,-0.165
Fgf16,0.035132023,-0.344
Affy_10601354,0.98333725,-0.006
Cox7b,0.87778781,-0.027
Atp7a,0.75182233,0.072
Tlr13,0.96543857,-0.03
Pgk1,0.50259518,0.091
Gm5127,0.53517639,-0.112
Lpar4,0.52367024,0.136
P2ry10,0.099995229,0.334
A630033H20Rik,0.72047367,0.187
Gpr174,0.005648343,0.561
4933401B06Rik,0.91857832,0.018
Tbx22,0.70018202,-0.087
Fam46d,0.33321238,-0.19
Sh3bgrl,0.9179262,-0.025
Gm6377,0.78173578,0.127
Pou3f4,0.46720873,-0.194
Cylc1,0.4009479,-0.168
Tex16,0.33072159,-0.18
Gm5393,0.50829132,0.175
Apool,0.088602495,0.507
2010106E10Rik,0.78831123,0.068
Zfp711,0.77983781,0.039
Dach2,0.15539851,-0.251
Klhl4,0.36142973,0.207
Ube2dnl,0.84709736,-0.04
4930524E20Rik,0.65758019,0.081
LOC635086,0.14403334,0.535
Affy_10601539,0.6440868,-0.09
Cpxcr1,0.90676204,0.017
Affy_10601545,0.55526759,0.104
Affy_10601547,0.25507737,-0.266
Affy_10601549,0.45316649,0.201
Gm16373,0.54102488,-0.15
Gm14920,0.17984614,-0.279
Tgif2lx1,0.45861877,-0.176
Affy_10601559,0.4584752,-0.18
Pabpc5,0.962898,-0.007
Affy_10601565,0.65891213,0.066
Gapdh,0.899823,0.02
Pcdh11x,0.9676478,-0.012
Affy_10601578,0.60784701,-0.096
Trim5,0.77967376,-0.097
Mthfd2l,0.60038976,0.178
Affy_10601585,0.68712386,0.065
3110007F17Rik,0.97826408,-0.004
Rps12,0.61273625,0.107
3110007F17Rik,0.65567442,-0.08
3110007F17Rik,0.44186988,-0.134
Rps12,0.54964872,0.137
Gm382,0.51844664,-0.155
4921511C20Rik,0.15608399,-0.208
LOC100044428,0.67312606,0.129
Atrn,0.37256239,-0.154
Diap2,0.94424143,0.016
Tnmd,0.041801558,-0.425
Srpx2,0.2276152,0.467
Cstf2,0.45054122,0.102
Arl13a,0.8775943,-0.031
Tmem35,0.16009226,-0.222
Cenpi,0.41437894,0.091
Drp2,0.22507002,-0.179
Gm16410,0.1838831,-0.367
Rpl36a,0.73282018,0.099
Hnrnph2,0.050286242,0.348
Affy_10601764,0.22880674,-0.306
Armcx4,0.48151224,-0.268
Armcx1,0.45216511,0.179
Armcx3,0.019829499,0.736
Pramel,0.39603353,-0.15
Pramel3,0.47475556,-0.102
Gm5128,0.44354573,-0.128
Gm5128,0.44354573,-0.128
AV320801,0.37521536,-0.165
Gprasp1,0.35066172,-0.148
Gprasp2,0.33420494,0.194
Bhlhb9,0.94381443,-0.022
2900062L11Rik,0.58699684,-0.131
6530401D17Rik,0.44719072,-0.101
Bex4,0.87936829,-0.022
Wbp5,0.28690139,0.355
Ngfrap1,0.49434613,-0.163
Affy_10601861,0.62065405,-0.123
Gm7966,0.27555971,0.213
Gm7973,0.50212618,0.155
Kir3dl1,0.92300633,0.034
Tceal3,0.4538603,-0.156
Tceal1,0.82789587,-0.048
BC065397,0.65561551,0.104
BC065397,0.24806531,0.275
Plp1,0.65240176,0.075
1700014N06Rik,0.58396538,-0.113
Zcchc18,0.25290055,-0.19
Fam199x,0.16306453,0.2
Affy_10601922,0.16200449,-0.413
Affy_10601925,0.005851437,0.518
Il1rapl2,0.043502844,-0.338
Nrk,0.26717876,-0.194
4930513O06Rik,0.52459173,-0.122
4933428M09Rik,0.31120396,-0.269
Mum1l1,0.017574175,-0.343
Trap1a,0.71300078,-0.068
D330045A20Rik,0.6856677,-0.059
Rnf128,0.17034248,-0.226
Tbc1d8b,0.11554585,0.421
Cldn2,0.67570822,0.121
E230019M04Rik,0.33158822,-0.157
Frmpd3,0.31923816,-0.154
Prps1,0.4056183,0.174
Mid2,0.12203238,0.369
Vsig1,0.17148667,0.196
Atg4a,0.91334397,-0.024
Col4a5,0.79886591,-0.064
Rbbp7,0.51586144,0.084
Nxt2,0.51463149,0.135
Gm5643,0.40733148,0.166
Gm7123,0.76575507,0.056
Gm15031,0.85002595,-0.036
Rian,0.54678276,-0.067
Rian,0.34640778,-0.187
Rgag1,0.40927332,-0.179
Pak3,0.079908826,-0.199
Tmem135,0.067773187,0.709
Alg13,0.59233424,-0.095
Gm15070,0.11529537,-0.262
Affy_10602253,0.73440291,0.067
Zcchc16,0.98843115,-0.003
Affy_10602258,0.4775364,0.134
Htr2c,0.44727244,-0.127
mir-448,0.14039855,-0.281
Affy_10602271,0.11800215,-0.33
Ott,0.06171349,-0.348
Ott,0.003587841,-0.47
Ott,0.070574144,-0.342
Ott,0.019754174,-0.462
Ott,0.014298173,-0.396
Luzp4,0.064966741,-0.399
Ott,0.010846861,-0.421
Ott,0.010846861,-0.421
Gm10439,0.051203846,-0.379
Ott,0.10726037,-0.248
Ott,0.026925603,-0.451
Alas2,0.23741719,-0.483
Pfkfb1,0.10120367,0.665
Fgd1,0.14648557,-0.21
Affy_10602426,0.95860171,0.012
Wnk3-ps,0.84937385,0.043
Fam120c,0.57685559,-0.129
Affy_10602472,0.49636548,-0.116
Phf8,0.32431896,0.139
Affy_10602499,0.6773146,0.131
Huwe1,0.41932056,-0.087
let-7f-2,0.21583908,0.202
mir-98,0.75586039,-0.056
Affy_10602590,0.36540667,-0.165
Hsd17b10,0.39300523,0.322
Smc1a,0.73732058,0.043
Iqsec2,0.69933659,-0.053
Kdm5c,0.6379026,0.07
Affy_10602675,0.78787989,-0.043
Gpr143,0.85368706,-0.044
Usp51,0.062674688,0.258
Foxr2,0.39842707,-0.115
Rragb,0.71629689,0.066
Klf8,0.5541615,-0.099
Ubqln2,0.99081199,0.003
Cypt3,0.3676317,-0.205
Spin2,0.20395666,-0.342
4930542N07Rik,0.74888542,0.052
Affy_10602729,0.49257834,0.079
Gm8578,0.36302312,0.211
Affy_10602733,0.39686032,0.22
Affy_10602735,0.59530525,0.096
Affy_10602737,0.61946255,0.088
Acot9,0.77636883,-0.125
Gm15155,0.71127962,0.077
4930503H13Rik,0.46294644,0.158
Affy_10602754,0.89831925,-0.023
Smpx,0.74951913,0.081
Klhl34,0.12426019,-0.272
Gm8659,0.91297297,0.031
Rps6ka3,0.51223118,0.197
Eif1ax,0.48865166,0.132
Mtap7d2,0.43917892,0.146
Affy_10602825,0.49360358,0.139
A830080D01Rik,0.43611829,0.153
Sh3kbp1,0.88078906,0.056
Pdha1,0.86731481,0.042
Affy_10602893,0.23388707,0.191
Gpr64,0.37221964,0.378
Phka2,0.55742017,0.091
Affy_10602964,0.95997801,0.012
Rs1,0.80867742,-0.043
Affy_10602975,0.71365887,0.076
Scml2,0.27158548,-0.205
Rai2,0.6114947,0.082
Affy_10603003,0.20696333,0.286
LOC676160,0.88129748,-0.052
Uba52,0.64735624,-0.104
Rbbp7,0.81421809,-0.031
Affy_10603023,0.52018172,-0.186
Ctps2,0.45269511,0.25
Ap1s2,0.61023679,0.242
Tmem27,0.56127842,-0.126
Ace2,0.99034132,-0.002
Pir,0.074959828,0.654
Figf,0.33286529,0.262
Piga,0.49349682,-0.187
Asb11,0.95396231,-0.011
Asb9,0.84405851,-0.038
Fancb,0.39896991,0.177
Gemin8,0.092663893,-0.448
Gpm6b,0.68372596,-0.126
Trappc2,0.40761105,0.188
Rpl7a,0.9861262,0.002
Affy_10603175,0.52099044,-0.156
Rpl29,0.47197492,-0.137
Chchd5,0.12313175,-0.34
Arhgap6,0.19533952,0.364
BC022960,0.83948028,-0.035
Mid1,0.35718355,0.482
Affy_10603228,0.42194328,-0.154
4930408F14Rik,0.70669592,-0.08
Gmcl1l,0.43324286,0.141
Gmcl1l,0.43324286,0.141
4930408F14Rik,0.74610826,-0.066
Affy_10603245,0.80814506,-0.041
Affy_10603247,0.061079859,-0.376
Mycs,0.85522418,-0.043
Larp4,0.76502813,-0.051
Larp4,0.92811011,0.02
Gm14451,0.95588399,0.013
AU022751,0.85174697,-0.038
Nudt10,0.77633865,-0.083
Bmp15,0.050695164,-0.442
Ccnb3,0.32601602,-0.158
Clcn5,0.59237431,-0.102
mir-500,0.92740437,-0.02
mir-501,0.36000187,-0.203
mir-362,0.33641446,0.206
mir-188,0.58572635,-0.132
mir-532,0.87400197,-0.043
Usp27x,0.54937955,-0.113
2010204K13Rik,0.33512398,-0.149
Affy_10603321,0.75070341,0.058
Ppp1r3f,0.55716558,-0.11
Ccdc22,0.26955207,0.18
Plp2,0.55382909,0.14
Magix,0.66688309,0.07
Ccdc120,0.72375924,-0.071
Pqbp1,0.26143419,0.258
Eras,0.58161175,-0.118
Hdac6,0.55476564,-0.073
Gata1,0.55673125,-0.136
Glod5,0.70349612,0.125
Suv39h1,0.39382751,0.182
Was,0.97615707,0.007
Wdr13,0.74729876,-0.045
Rbm3,0.90924915,-0.041
Tbc1d25,0.66223284,0.099
Ebp,0.6076733,0.145
Porcn,0.82678145,0.045
Ftsj1,0.61288317,0.061
Ssxb2,0.91720633,-0.028
Ssxb3,0.32760103,0.309
Ssxb1,0.17211962,-0.247
Affy_10603541,0.68035182,0.072
Fthl17,0.64695091,0.101
Fthl17,0.57164459,-0.152
Gm6829,0.48490663,0.152
Hmgcs2,0.17746195,2.12
Cybb,0.71230271,0.355
Dynlt3,0.19982666,0.332
Sytl5,0.25147734,0.421
Srpx,0.82925748,-0.05
Rpgr,0.14333065,0.355
Affy_10603618,0.38298623,-0.168
Affy_10603620,0.077639987,-0.279
Gm14473,0.47915055,0.394
Affy_10603625,0.93306469,0.015
Bcor,0.45070575,-0.166
Affy_10603649,0.81124311,-0.067
1810030O07Rik,0.12536384,0.4
Med14,0.79705864,-0.043
Gm1549,0.61519173,0.135
Affy_10603700,0.47754838,-0.293
Llph,0.81199927,-0.042
Affy_10603704,0.51372006,-0.08
Med4,0.54969768,0.275
Cask,0.73301631,0.052
Rnu2,0.61338965,0.218
4930403L05Rik,0.88544296,0.031
Affy_10603742,0.57711664,-0.128
Affy_10603744,0.53311835,-0.154
Maob,0.58471667,0.126
Ndp,0.75193497,0.046
Efhc2,0.25657127,-0.158
Fundc1,0.19089839,0.3
Gm5073,0.78370075,-0.081
Affy_10603794,0.260422,0.271
4930578C19Rik,0.35261854,-0.199
LOC280487,0.17746195,2.12
mir-221,0.95485821,-0.014
Mir222,0.52012084,-0.17
Gm14636,0.93385176,0.017
BC049702,0.68385644,-0.078
Slc9a7,0.85545141,0.063
Usmg5,0.96117861,-0.01
Affy_10603835,0.2769271,-0.193
Ndufb11,0.24017112,-0.16
Affy_10603841,0.33485503,-0.116
Syn1,0.55535933,-0.088
Cfp,0.39946128,0.4
Elk1,0.48350727,0.113
Uxt,0.75610568,0.124
Zfp182,0.055822552,0.531
Zfp300,0.71211519,0.066
Affy_10603894,0.31447502,-0.172
Klhl13,0.19709499,0.346
Gm4985,0.25138184,-0.154
Affy_10603911,0.64401216,0.126
Gm10058,0.77600446,0.039
Gm10486,0.16189928,0.219
Gm5168,0.23619621,0.144
Gm5169,0.31398853,0.14
Gm10486,0.93650326,-0.017
Gm10486,0.45494688,0.122
Gm10486,0.93650326,-0.017
Gm10486,0.49391681,0.107
Gm10486,0.93650326,-0.017
Gm10486,0.53763854,0.103
Gm10486,0.93650326,-0.017
Gm10486,0.45494688,0.122
Gm10486,0.93650326,-0.017
Gm10486,0.45494688,0.122
Gm10486,0.93650326,-0.017
C4orf3,0.24960767,-0.54
Gm10486,0.93650326,-0.017
Gm10486,0.53763854,0.103
Affy_10604032,0.85848028,-0.028
Affy_10604036,0.91925056,0.016
Akap17b,0.85325667,0.045
C330007P06Rik,0.56820615,-0.124
Nkrf,0.79949521,-0.051
06-Sep,0.54020864,0.129
Rpl39,0.52516939,-0.075
Snora69,0.59290304,0.462
Upf3b,0.94819958,0.014
Akap14,1,0
Ndufa1,0.79434391,-0.052
Gm9,0.78630401,0.075
Rhox1,0.42981836,-0.161
Rhox4g,0.44144957,-0.156
Rhox4f,0.67441619,0.093
Rhox3f,0.33282277,0.141
Dppa3,0.98035834,0.004
Affy_10604139,0.62774569,-0.073
Affy_10604141,0.62774569,-0.073
Gm6310,0.33021158,0.186
Rhox8,0.56848942,-0.143
Rhox9,0.79282593,0.073
4930525M21Rik,0.42970329,0.138
4930430D24Rik,0.39960866,0.142
Rhox11,0.36566666,0.196
Rhox12,0.34669544,-0.257
Fam70a,0.090106137,-0.308
Lamp2,0.30006855,-0.103
Cul4b,0.24266786,0.26
C1galt1c1,0.6298316,0.114
Ap3s1,0.40866324,0.144
Affy_10604232,0.19764277,-0.271
Gm7189,0.63232263,-0.098
Affy_10604236,0.56951985,0.11
Rpl17,0.7369087,0.054
Gm5385,0.36731213,-0.277
Affy_10604245,0.82913806,-0.039
Thoc2,0.29392356,0.219
Gm5135,0.032365731,-0.336
Odz1,0.46603622,0.154
Dcaf12l2,0.20617495,-0.259
Dcaf12l1,0.39077639,-0.214
Dcaf12l1,0.23006228,-0.341
Affy_10604340,0.7590178,-0.061
Gm4987,0.20758893,-0.43
Affy_10604344,0.96373706,0.006
Smarca1,0.61050054,0.078
Apln,0.88789647,0.031
Zdhhc9,0.46515092,-0.11
Elf4,0.31286011,0.358
Elf4,0.45142054,-0.181
Aifm1,0.4892432,-0.119
Zfp280c,0.25112435,0.283
Gpr119,0.19524399,-0.248
Gm7219,0.88191641,-0.029
Enox2,0.50525094,0.111
Olfr1321,0.5918966,-0.1
Igsf1,0.11902031,-0.225
Olfr1322,0.52656972,-0.146
Olfr1323,0.13976094,-0.334
Hnrnpf,0.57492919,-0.079
Olfr1324,0.53750445,-0.11
6720401G13Rik,0.84906046,-0.031
Frmd7,0.51239994,-0.109
Rap2c,0.17778656,0.32
Mbnl3,0.97867577,-0.009
Hs6st2,0.93386844,0.012
Usp26,0.2809755,-0.221
1700080O16Rik,0.56121813,-0.132
Gpc4,0.085091346,-0.356
Gpc3,0.42989144,0.168
mir-717,0.97407615,0.005
mir-363,0.65693055,0.111
mir-92a-2,0.75813704,0.05
mir-19b-2,0.60851329,-0.078
MIr20b,0.64630973,-0.106
mir-106a,0.95646397,-0.008
Rps17,0.6893154,0.051
Affy_10604599,0.32238143,-0.203
mir-450b,0.61366399,0.056
mir-450a-1,0.28581787,-0.147
mir-450a-2,0.7498865,-0.042
mir-542,0.70790773,-0.072
Mir351,0.40283132,-0.28
mir-503,0.3491945,-0.192
mir-322,0.75803496,0.066
Plac1,0.42172575,-0.213
Fam122b,0.6498543,0.08
Mospd1,0.83410038,0.065
Cxx1b,0.099667575,0.297
Cxx1b,0.11200595,0.294
AW822252,0.011700459,-0.702
1700013H16Rik,0.15745135,-0.226
Zfp36l3,0.76578431,-0.079
Xlr,0.095005676,0.659
Gm1862,0.33295462,-0.342
Hmgb1,0.74825541,0.061
Affy_10604665,0.56340716,0.179
Affy_10604669,0.75170098,-0.068
Affy_10604671,0.41937061,0.13
Gm773,0.50396225,-0.113
Gm648,0.32020741,-0.193
Mmgt1,0.050562824,0.436
Mtap7d3,0.64532872,0.062
Arhgef6,0.177952,0.439
Rbmx,0.65974162,0.133
Snord61,0.049039012,0.626
Gpr101,0.76770502,-0.066
Affy_10604749,0.7218846,0.063
Fgf13,0.42478272,-0.212
mir-504,0.96857914,0.007
Arpc1b,0.79212278,0.12
Mcf2,0.4145907,-0.15
Atp11c,0.33442437,-0.148
mir-505,0.87288446,0.037
Affy_10604834,0.95017226,-0.014
Sox3,0.59663412,-0.118
Gm7076,0.17285394,-0.304
Affy_10604842,0.82918012,0.069
Sms,0.31054584,0.26
Gm6754,0.2957341,-0.245
Affy_10604850,0.63107158,-0.138
Slitrk4,0.37800025,-0.151
Affy_10604859,0.6729023,-0.095
Affy_10604861,0.12665548,-0.388
4930447F04Rik,0.4378729,-0.131
Mir471,0.40467645,-0.131
mir-463,0.98421932,-0.003
Mir470,0.65996952,-0.09
mir-465c-1,0.88654667,-0.027
mir-465c-1,0.88654667,-0.027
mir-465a,0.34872914,0.215
Gm6783,0.58278247,-0.104
Affy_10604882,0.22417156,0.151
4933436I01Rik,0.53925352,-0.118
mir-201,0.61143487,0.073
mir-547,0.12101858,-0.276
Gm4910,0.8339001,0.042
Gm10474,0.54409173,0.106
Affy_10604897,0.57839589,-0.087
Gm6812,0.05350805,-0.356
Affy_10604902,0.86843208,0.065
Rps6,0.062904853,-0.177
Ids,0.33988899,0.175
4930567H17Rik,0.45634982,-0.128
BC023829,0.7717843,0.061
LOC100044102,0.53881901,-0.11
Cd99l2,0.70219437,-0.066
Gabre,0.8880401,0.032
mir-224,0.36148942,-0.156
mir-452,0.74332312,0.063
Magea10,0.36000392,-0.19
Gabra3,0.5340107,0.295
Cetn2,0.25061149,0.29
Pnma5,0.9324471,0.02
Xlr4b,0.86823629,0.079
Xlr3a,0.90945717,0.07
Xlr3c,0.90422863,0.067
Xlr5a,0.17465785,-0.339
DXBay18,0.28040378,-0.236
Xlr4c,0.79414607,0.137
Xlr5b,0.16414791,-0.364
Trex2,0.71029565,-0.095
Haus7,0.6362942,0.163
Pnck,0.22391467,-0.25
Bcap31,0.42618125,-0.101
Idh3g,0.68696372,0.051
Pdzd4,0.36330187,-0.217
L1cam,0.62367191,0.106
Arhgap4,0.26740898,0.415
Naa10,0.54991713,0.111
Renbp,0.56432664,0.191
Hcfc1,0.28696776,0.167
Irak1,0.14788861,0.144
Mecp2,0.17997288,0.274
Tex28,0.21614131,-0.2
Flna,0.50022932,0.29
Dnase1l1,0.21965105,0.237
Lage3,0.78697178,0.069
Ubl4,0.95228271,0.01
Slc10a3,0.40590722,-0.168
Fam3a,0.53454487,-0.091
G6pdx,0.17184537,0.535
Ube2d3,0.10358466,-0.178
Affy_10605351,0.49786601,-0.14
4930408F14Rik,0.70669592,-0.08
Affy_10605355,0.4545799,-0.236
Gab3,0.79249625,-0.071
Affy_10605368,0.3475174,0.116
Mpp1,0.63888749,0.179
4930428E23Rik,0.44468373,0.155
F8,0.27967952,0.21
Mtcp1,0.93430969,0.017
Gm8666,0.22283232,0.204
Rab39b,0.58552092,-0.128
Pls3,0.067357751,0.566
Affy_10605455,0.93839456,-0.017
Gm5793,0.42441671,0.162
Gm6927,0.69876044,0.088
Affy_10605461,0.40684356,0.159
Prkx,0.93455098,-0.028
Pbsn,0.7658423,-0.056
Gm14744,0.24454766,0.26
Obp1a,0.42371418,-0.18
Prrg1,0.66172921,-0.086
3426406K10Rik,0.35103344,0.132
Affy_10605501,0.74335506,-0.043
Affy_10605503,0.75428197,0.05
Affy_10605505,0.34358413,-0.255
Zc3h18,0.66285967,-0.081
Affy_10605510,0.89728567,0.03
Gm16462,0.2539711,-0.195
Gm7173,0.18899952,-0.2
Mageb16,0.52773442,-0.084
Affy_10605552,0.98801155,0.003
Gapdh,0.7269822,-0.051
Affy_10605559,0.43838506,-0.28
4930595M18Rik,0.28899554,-0.202
Affy_10605566,0.45202284,-0.108
Tsga8,0.8702587,-0.039
Gyk,0.99373884,0.003
Mageb4,0.4043507,-0.132
Mageb4,0.75218551,0.076
Mageb8-ps,0.91781802,0.02
Mageb7-ps,0.97759533,-0.008
Affy_10605614,0.087673021,-0.419
Il1rapl1,0.88801041,-0.029
Affy_10605629,0.30656694,-0.241
Affy_10605631,0.57711799,-0.091
Pet2,0.17363057,-0.238
Gm7108,0.078092846,-0.311
4930415L06Rik,0.97069279,-0.006
4930415L06Rik,0.4689529,0.196
Mageb5,0.06200939,-0.242
Gm14781,0.80431026,0.048
Gm5072,0.20044192,-0.156
Mageb1,0.74988392,0.06
Mageb18,0.35295663,0.118
Pola1,0.87511682,-0.037
Pdk3,0.68796359,0.08
Fam48b1,0.4260659,-0.269
Zfx,0.77039535,-0.051
Eif2s3x,0.56170717,0.083
4932442L08Rik,0.62845085,-0.064
Maged1,0.22895404,-0.372
Affy_10605782,0.49403703,-0.166
Affy_10605784,0.51015997,0.161
Affy_10605786,0.049135508,0.314
Zxda,0.97317367,-0.005
Gm371,0.23940106,-0.348
Spin4,0.85894617,0.056
Arhgef9,0.046808339,0.86
Fam123b,0.93940241,-0.015
Asb12,0.65000765,-0.092
Zc4h2,0.064951907,0.382
1700010D01Rik,0.46515007,-0.203
Las1l,0.41283851,0.132
Vsig4,0.74750756,0.166
Hsf3,0.94955426,0.01
Affy_10605867,0.79646531,-0.057
Gm9059,0.88207379,0.035
Eda2r,0.30924613,0.473
Ophn1,0.36067928,0.261
Gm5760,0.42428276,-0.2
Gm14812,0.91761743,0.023
Pja1,0.8327017,0.034
Awat2,0.40262104,0.176
P2ry4,0.84670487,0.056
Pdzd11,0.11303562,0.291
Gdpd2,0.2880488,-0.183
Tex11,0.094286749,0.248
Slc7a3,0.1349038,-0.42
Affy_10605999,0.66855635,0.061
Snx12,0.29718272,-0.233
Gm614,0.37453777,-0.184
Il2rg,0.45666255,0.502
Zmym3,0.90357791,0.02
2610030H06Rik,0.49760461,0.123
Cxcr3,0.60989189,-0.152
Gm4779,0.50096134,0.176
Rgag4,0.80930106,-0.04
4930444G20Rik,0.91864478,0.013
Ercc6l,0.74770254,-0.07
Rps4x,0.65813232,0.07
Cited1,0.52696934,-0.105
Hdac8,0.81239387,-0.053
Phka1,0.28444065,0.142
Dmrtc1c,0.44938894,-0.144
1700031F05Rik,0.64910962,-0.19
Dmrtc1a,0.18362744,-0.226
Pabpc1l2b-ps,0.73614389,-0.07
Rfwd2,0.57538879,-0.113
4930519F16Rik,0.66146506,-0.069
Nap1l2,0.90584209,0.025
Xist,0.99641906,0.001
Gm9785,0.76865586,-0.08
mir-421,0.73207104,0.069
mir-374,0.33862468,0.195
Slc16a2,0.89883977,-0.027
Rlim,0.4451097,0.12
Affy_10606204,0.63217344,0.09
C77370,0.54206981,0.088
mir-672,0.89206375,0.028
Abcb7,0.3368747,-0.112
Zdhhc15,0.62448185,0.084
Magee2,0.78335791,0.066
Affy_10606252,0.32050734,-0.198
Rpl30,0.44691676,-0.149
mir-384,0.42230265,0.111
mir-325,0.56503044,-0.117
Rpl12,0.48076665,-0.13
Atrx,0.82680423,0.039
Magt1,0.8139958,0.066
Taf9b,0.33431752,0.305
Fnd3c2,0.26882858,-0.233
Fndc3c1,0.33824701,0.223
Cysltr1,0.99612051,-0.002
Affy_10606362,0.35137328,-0.185
Affy_10606364,0.85993862,-0.026
Zcchc5,0.5430042,-0.139
Itm2a,0.90955852,0.021
2610002M06Rik,0.7416354,0.083
Gm732,0.11854688,-0.288
Gm379,0.68466871,-0.212
Gm10452,0.18140234,0.263
Brwd3,0.49746848,0.148
Hmgn5,0.44483227,0.306
Affy_10606439,0.49487269,0.089
Affy_10606441,0.47816891,-0.16
Affy_10606443,0.89213163,0.023
Rps6ka6,0.7996883,-0.041
Hdx,0.25238137,0.218
Hdx,0.99564986,-0.001
Satl1,0.61468115,-0.087
Pof1b,0.64985804,0.067
Chm,0.53629831,0.125
mir-361,0.12400415,0.309
Acp1,0.60583551,-0.114
Affy_10606535,0.360861,-0.133
Rpl30,0.40291319,-0.157
Affy_10606540,0.85591783,0.023
Affy_10606542,0.38618988,-0.245
Affy_10606544,0.57656326,0.124
Gm1971,0.84633625,0.053
Tgif2lx1,0.92200993,-0.021
Gm14920,0.17984614,-0.279
Nap1l3,0.85064501,0.034
Vmn2r121,0.87012234,-0.02
Rps12,0.84656689,0.042
Rps12,0.89576719,0.028
Rps12,0.89576719,0.028
Rps12,0.84656689,0.042
Affy_10606573,0.89576719,0.028
Rps12,0.84656689,0.042
Rps12,0.89576719,0.028
Rps12,0.89576719,0.028
Rps12,0.96835459,0.008
4932411N23Rik,0.50985417,-0.115
4930412D23Rik,0.50441658,0.119
4930412D23Rik,0.49706626,-0.15
Affy_10606595,0.90676436,-0.017
Pcdh19,0.40091298,-0.165
Tspan6,0.46359378,-0.184
Sytl4,0.55761496,0.114
Nox1,0.38057959,0.186
Xkrx,0.77132428,-0.061
Trmt2b,0.14102972,0.434
Taf7l,0.4684914,-0.142
Timm8a1,0.70801917,0.108
Btk,0.75363295,-0.088
Gla,0.78887186,-0.072
Gm7855,0.11304883,-0.362
Gm10344,0.33858389,-0.197
Armcx6,0.28090013,-0.246
Armcx2,0.21915741,-0.211
Rps2,0.24176659,0.286
Nxf2,0.10181396,-0.24
Zmat1,0.75515646,-0.088
Pramel3,0.35912919,-0.158
Tceal6,0.44836342,-0.202
Nxf7,0.98665624,-0.003
Prame,0.41097538,-0.19
1700008I05Rik,0.51820632,-0.098
Tmsb15a,0.32058762,-0.188
Bex2,0.66456807,-0.074
Nxf3,0.9916294,0.002
Tceal8,0.71130611,0.316
Tceal5,0.17557234,-0.262
Bex1,0.66181329,-0.128
Kir3dl2,0.99265269,0.002
Morf4l2,0.50192123,0.154
Glra4,0.040236662,-0.284
Rab9b,0.11591615,-0.237
Tmsb15b1-Tmsb15b2,0.88960947,0.031
Mcart6,0.45271553,-0.157
Mcart6,0.28474535,-0.178
Esx1,0.59877895,-0.09
Affy_10606924,0.78097372,0.054
Tex13a,0.3477449,0.185
Serpina7,0.13968885,1.245
Gm6322,0.75186537,-0.073
Rps4x,0.4165058,0.123
Ripply1,0.41991478,-0.209
Morc4,0.73305275,0.128
Rbm41,0.43727615,0.148
Nup62cl,0.68310605,-0.109
Tsc22d3,0.94593917,0.032
Tex13,0.65927244,-0.097
Gm7091,0.045317166,-0.375
Psmd10,0.49846732,0.204
Col4a6,0.54789043,-0.126
Irs4,0.66480107,-0.088
Hmgn2l6,0.40224565,-0.224
Gucy2f,0.63575353,-0.082
Kcne1l,0.3809793,-0.186
Acsl4,0.56438303,-0.215
Gm4995,0.91949006,0.021
Rgs3,0.41717663,-0.226
Ammecr1,0.63784603,-0.122
Chrdl1,0.73348436,-0.056
Capn6,0.066855943,0.492
Dcx,0.25359539,-0.21
Trpc5,0.15538076,-0.253
Lhfpl1,0.3211393,-0.126
Amot,0.33928371,0.195
Affy_10607202,0.34344265,-0.169
Gm8261,0.61964285,0.137
Il13ra2,0.52123406,-0.122
Vmn1r239-ps,0.53584447,-0.148
Lrch2,0.057809837,-0.298
Affy_10607244,0.45880845,-0.134
Tmem29,0.22310737,0.29
Apex2,0.80747871,-0.053
Tro,0.39875841,0.114
Gm15131,0.62425057,-0.135
Maged2,0.45479997,-0.165
Gm10437,0.93521124,-0.012
Gnl3l,0.54069499,0.14
Tsr2,0.73244436,0.072
Rpl21,0.93560539,-0.009
Affy_10607328,0.29169692,0.378
Fam120c,0.46126746,-0.171
Affy_10607332,0.96559181,0.008
Affy_10607334,0.10086262,-0.302
Ribc1,0.29012302,-0.174
Tspyl2,0.37153574,0.214
Gpr173,0.22291539,-0.227
Affy_10607361,0.78787989,-0.043
Affy_10607363,0.44064544,0.185
Shroom2,0.41833677,0.132
Rpl7a,0.51089205,0.083
Rps7,0.74450849,-0.052
Affy_10607393,0.29237251,0.227
Mageh1,0.26763181,-0.206
Affy_10607398,0.30476557,0.2
Affy_10607401,0.56343149,0.091
Kctd12b,0.34097507,0.231
Affy_10607407,0.37473235,0.176
Gm15140,0.61332297,-0.08
Gm15140,0.61332297,-0.08
Gm15140,0.8247708,-0.033
Affy_10607419,0.73612896,-0.073
4930524N10Rik,0.44331495,0.236
Gm5647,0.39273741,-0.14
LOC280487,0.17746195,2.12
Magea6,0.96751753,0.01
Magea3,0.96135048,-0.007
Magea3,0.41804444,-0.118
Magea2,0.57862326,-0.074
Magea5,0.529982,-0.155
Magea1,0.87682099,-0.025
1700042B14Rik,0.27783147,-0.175
Affy_10607465,0.83251593,-0.052
Sat1,0.94651469,0.022
Gm650,0.46844272,-0.15
Prdx4,0.95662707,0.015
Ptchd1,0.66597298,0.059
Ptchd1,0.23278471,-0.232
Affy_10607493,0.63944418,0.11
Gm7312,0.5623013,-0.132
Suclg2,0.23937199,0.384
Phex,0.82226379,-0.027
Sms,0.17526896,0.285
Mbtps2,0.28524151,-0.209
Affy_10607557,0.32388543,-0.229
Affy_10607560,0.59199771,-0.168
Cnksr2,0.40483558,-0.12
Gm15190,0.66230597,-0.071
Pdha1,0.27198475,0.24
Affy_10607600,0.28839033,-0.259
Ppef1,0.72084134,-0.047
Cdkl5,0.63787357,0.088
Gja6,0.73792071,-0.044
Affy_10607643,0.13847773,-0.182
Nhs,0.24648278,-0.245
Reps2,0.25054633,0.221
Txlng,0.36405538,-0.142
Syap1,0.80381312,0.047
S100g,0.18040466,-0.33
Affy_10607710,0.63755091,-0.086
Grpr,0.6845359,0.066
1700045I19Rik,0.17594909,-0.205
Zrsr2,0.79033692,0.039
Car5b,0.44439072,-0.266
Siah1b,0.35179609,-0.178
Bmx,0.52754334,-0.11
Mospd2,0.17816371,0.394
Glra2,0.17730215,-0.237
Affy_10607804,0.85376241,-0.031
Ofd1,0.61525972,0.116
Rab9,0.41691533,0.147
Affy_10607838,0.76173059,-0.043
Tceanc,0.97675963,0.006
Egfl6,0.7203681,0.081
Affy_10607862,0.99280043,0.002
Tmsb4x,0.29902989,0.61
Tlr8,0.87303613,0.086
Tlr7,0.82752181,0.125
Prps2,0.3722245,-0.224
Gm6744,0.11806686,-0.312
Frmpd4,0.84164847,0.03
Msl3,0.15782686,0.229
Amelx,0.94409297,-0.009
Hccs,0.34100359,0.119
Affy_10607943,0.25764772,-0.216
4933400A11Rik,0.27726482,-0.204
Affy_10607950,0.51581858,0.489
Vamp7,0.49152915,0.153
Ube1y1,0.4994401,0.175
Kdm5d,0.64536751,0.129
Eif2s3y,0.63855789,-0.08
Affy_10608016,0.80793575,0.045
Affy_10608018,0.19795043,-0.284
Affy_10608024,0.69765075,-0.09
Gm6026,0.87352738,-0.037
Ube1y1,0.3128687,-0.148
Rbmy1a1,0.17868262,-0.208
Rbmy1a1,0.17868262,-0.208
Rbmy1a1,0.32458581,-0.181
Affy_10608083,0.56341522,-0.095
Gm2889,0.08004542,-0.251
Affy_10608087,0.22139635,-0.484
Ube1y1,0.71007534,0.078
Zfy1,0.24295931,-0.298
Uty,0.70483912,0.074
Rn5s,0.98260582,-0.008
Ddx3y,0.43850729,-0.159
Usp9y,0.004608767,-0.466
Affy_10608182,0.66607549,0.064
Zfy2,0.29412932,0.306
Ube1y1,0.3128687,-0.148
Sry,0.52685466,-0.203
Gm6026,0.87352738,-0.037
Affy_10608198,0.33063677,0.185
Affy_10608200,0.33063677,0.185
Affy_10608202,0.33063677,0.185
Affy_10608204,0.37432014,-0.182
Srsy,0.91278523,-0.015
Sly,0.41012117,0.141
LOC621831,0.52852384,0.098
Affy_10608226,0.79157921,0.06
Sly,0.39202172,0.177
LOC100042196,0.34483463,0.162
Affy_10608249,0.085230758,-0.89
LOC380994,0.56959155,0.128
Srsy,0.87062742,-0.028
Sly,0.5470493,0.123
Ssty1,0.85139451,0.036
LOC664934,0.85959591,0.049
LOC100041207,0.70342518,0.055
Affy_10608280,0.38769483,-0.24
LOC434960,0.69553668,0.04
Affy_10608286,0.87725392,-0.042
Affy_10608288,0.22731757,-0.196
Affy_10608290,0.61441173,0.125
Srsy,0.58641663,-0.075
LOC100039753,0.46930988,-0.127
Affy_10608298,0.84517819,-0.03
Affy_10608300,0.22731757,-0.196
Ssty1,0.49825614,0.104
LOC100040329,0.22660126,-0.285
Srsy,0.95285155,-0.01
Affy_10608311,0.84517819,-0.03
Ssty1,0.58285546,0.067
Ssty1,0.77605876,0.036
Affy_10608321,0.52852384,0.098
Affy_10608325,0.38769483,-0.24
LOC100040031,0.73746714,0.044
Sly,0.69809885,0.092
Ssty2,0.65791897,0.058
LOC665346,0.44600263,0.102
LOC665346,0.94073589,-0.013
Ssty2,0.38330968,0.108
LOC100039552,0.65855465,0.076
LOC380994,0.45296852,0.124
LOC665346,0.30404563,0.17
Ssty2,0.71959899,0.04
LOC100041256,0.81633709,-0.029
LOC665406,0.82608178,0.036
Ssty2,0.43500156,0.091
LOC382133,0.76280793,0.044
Srsy,0.93501969,0.012
Sly,0.4431441,0.162
Srsy,0.95858355,-0.008
Sly,0.39202172,0.177
Srsy,0.68825105,-0.07
Sly,0.49404065,0.155
Ssty1,0.33968401,0.163
Rmi1,0.47099205,0.156
Ssty1,0.43676858,0.134
Srsy,0.86128651,-0.024
LOC380994,0.67560029,0.096
LOC621831,0.19864825,0.199
Affy_10608440,0.9929362,0.001
LOC380994,0.75393953,0.078
LOC621831,0.52852384,0.098
LOC100041256,0.82076919,-0.034
Ssty2,0.49270659,0.089
Ssty2,0.51413287,0.083
LOC665698,0.095667675,0.239
Sly,0.42140819,0.149
Srsy,0.97193254,0.005
LOC434960,0.9037408,0.017
LOC100039147,0.46692963,-0.156
LOC665746,0.86066935,0.034
MGC107098,0.77962821,0.036
LOC665128,0.18329934,0.217
LOC380994,0.78106935,0.073
Affy_10608499,0.38769483,-0.24
LOC100041207,0.70342518,0.055
Rbm31y,0.42152541,-0.182
LOC100039614,0.66973287,0.083
Affy_10608509,0.9392759,-0.019
Ssty1,0.67135229,0.052
Ssty1,0.64256443,0.054
Ssty1,0.29855818,0.151
LOC380994,0.9198114,-0.024
Affy_10608531,0.46171227,0.133
Affy_10608533,0.84517819,-0.03
Gm2889,0.14315103,-0.207
Sly,0.74870722,0.069
LOC100042428,0.60465499,-0.079
Affy_10608551,0.61864657,-0.07
Affy_10608554,0.12913959,0.21
Sly,0.46043227,0.146
Srsy,0.95168448,-0.008
Affy_10608570,0.93073464,-0.039
Affy_10608573,0.45722322,0.118
Affy_10608576,0.45722322,0.118
Affy_10608579,0.41315339,0.216
Srsy,0.79001188,-0.037
Sly,0.39202172,0.177
Srsy,0.84976124,0.023
Affy_10608600,0.55165638,-0.148
Affy_10608603,0.65087205,0.057
Affy_10608606,0.8823502,0.019
Ssty2,0.72907201,0.04
LOC665346,0.7313904,0.058
LOC380994,0.56249748,0.114
LOC665448,0.98912855,-0.002
LOC100041704,0.50021338,-0.101
Ssty2,0.93605483,0.009
Affy_10608634,0.69033572,-0.286
Affy_10608635,0.54393447,-0.086
Affy_10608636,0.57844174,-0.094
Csta,0.59355042,-0.174
Klra,0.80112034,0.07
Affy_10608639,0.083108813,-0.201
Affy_10608640,0.13918879,0.329
Affy_10608641,0.6268258,-0.108
Defacr,0.2431699,-0.246
Defa-rs7,0.053198006,-0.302
Affy_10608644,0.51746431,-0.128
Affy_10608645,0.98031654,-0.005
Affy_10608646,0.65128919,-0.132
Affy_10608647,0.64696795,-0.076
Affy_10608648,0.67948601,-0.326
Affy_10608649,0.51197743,-0.174
Affy_10608650,0.60409357,-0.144
Affy_10608651,0.35293344,0.225
Affy_10608652,0.90664624,-0.023
Defacr,0.41442706,-0.124
Affy_10608654,0.78633852,0.046
Affy_10608655,0.71220899,0.064
Affy_10608656,0.65520741,0.08
Affy_10608657,0.83621359,-0.031
Affy_10608658,0.33911112,-0.207
Affy_10608659,0.86535765,0.03
Affy_10608660,0.5983994,-0.1
Affy_10608661,0.64427523,-0.369
Affy_10608662,0.003494944,0.422
Affy_10608663,0.84207831,0.036
Affy_10608664,0.64423598,-0.074
Affy_10608665,0.46022183,0.15
Affy_10608666,0.65971753,-0.108
Affy_10608667,0.67486118,0.146
Affy_10608668,0.25445795,-0.465
Affy_10608669,0.48515715,-0.19
Affy_10608670,0.51793127,-0.187
Hjurp,0.27846069,0.544
Affy_10608672,0.75398879,-0.08
Affy_10608673,0.50733309,-0.044
Affy_10608674,0.45752171,-0.062
Affy_10608675,0.35654793,-0.604
Affy_10608676,0.69475222,-0.088
Affy_10608677,0.9566186,0.01
Affy_10608678,0.091617316,0.403
Affy_10608679,0.70364007,-0.083
Affy_10608680,0.63307105,-0.117
Affy_10608681,0.47854459,0.363
Affy_10608682,0.37834728,-0.213
Affy_10608683,0.67435519,-0.061
Affy_10608684,0.41817449,-0.358
Affy_10608685,0.65803738,0.093
Affy_10608686,0.89879987,0.029
Affy_10608687,0.32198966,-0.233
Defa-rs2,0.15651855,-0.213
Affy_10608689,0.37339942,-0.302
rRNA,0.24656811,-0.124
rRNA,0.24047104,-0.12
Pdia4,0.88615409,-0.051
Rn5s,0.89197532,0.077
Affy_10608694,0.45626871,-0.144
Affy_10608695,0.48427612,0.22
Affy_10608696,0.72891585,-0.038
Affy_10608697,0.80769316,-0.102
Affy_10608698,0.43440813,0.245
Affy_10608699,0.64277264,-0.046
Affy_10608700,0.66828972,-0.071
Affy_10608701,0.56403738,0.099
Affy_10608702,0.59609737,-0.128
Affy_10608703,0.96845008,-0.01
Affy_10608704,0.73513394,0.064
Prkcg,0.44404395,-0.098
Affy_10608706,0.84508631,-0.034
Affy_10608707,0.90219794,-0.027
Kdelr2,0.20761252,-0.219
Affy_10608709,0.012465296,-0.532
Affy_10608710,0.008828731,-0.29
Affy_10608711,0.30522262,0.675
Affy_10608712,0.33123918,0.201
Affy_10608713,0.26663176,-0.216
Affy_10608714,0.69279438,0.069
Affy_10608715,0.9038043,-0.016
Affy_10608716,0.38765247,-0.106
Affy_10608717,0.49948027,-0.09
Affy_10608718,0.42319054,-0.276
Affy_10608719,0.9671174,0.005
Affy_10608720,0.67723967,-0.081
Affy_10608721,0.20396665,0.407
Affy_10608722,0.79964135,0.035
Affy_10608723,0.029828703,-0.182
Affy_10608724,0.29668038,-0.117